{
"languages":{
"aa":"الأفارية",
"ab":"الأبخازية",
"ace":"الأتشينيزية",
"ach":"الأكولية",
"ada":"الأدانجمية",
"ady":"الأديجه",
"ae":"الأفستية",
"af":"الأفريقية",
"afa":"لغة أفرو آسيوية",
"afh":"الأفريهيلية",
"ain":"الآينوية",
"ak":"الأكانية",
"akk":"الأكادية",
"ale":"الأليوتية",
"alg":"اللغات الأمريكية الهندية",
"alt":"الألطائية الجنوبية",
"am":"الأمهرية",
"an":"الأراجونية",
"ang":"الإنجليزية القديمة",
"anp":"الأنجيكا",
"apa":"اللغات الأباتشية",
"ar":"العربية",
"arc":"الآرامية",
"arn":"الأروكانية",
"arp":"الأراباهو",
"art":"الصناعية - أخرى",
"arw":"الأراواكية",
"as":"الأسامية",
"ast":"الأسترية",
"ath":"اللغة الأزباسكانية",
"aus":"اللغة الأسترالية",
"av":"الأفاريكية",
"awa":"الأوادية",
"ay":"الأيمارا",
"az":"الأذرية",
"ba":"الباشكيرية",
"bad":"الباندا",
"bai":"اللغة الباميليكية",
"bal":"البلوشية",
"ban":"اللغة البالية",
"bas":"الباسا",
"bat":"اللغة البلطيقية",
"be":"البيلوروسية",
"bej":"البيجا",
"bem":"البيمبا",
"ber":"البربرية",
"bg":"البلغارية",
"bh":"البيهارية",
"bho":"البهوجبرية",
"bi":"البيسلامية",
"bik":"البيكولية",
"bin":"البينية",
"bla":"السيكسيكية",
"bm":"البامبارا",
"bn":"البنغالية",
"bnt":"البانتو",
"bo":"التبتية",
"br":"البريتونية",
"bra":"البراجية",
"bs":"البوسنية",
"btk":"الباتاكية",
"bua":"البرياتية",
"bug":"البجينيزية",
"byn":"البلينية",
"ca":"الكتالانية",
"cad":"الكادو",
"cai":"اللغة الهندية الأمريكية الوسطى",
"car":"الكاريبية",
"cau":"القوقازية - أخرى",
"cch":"الأتسام",
"ce":"الشيشانية",
"ceb":"السيبيونو",
"cel":"السلتية - أخرى",
"ch":"التشامورو",
"chb":"التشيبشا",
"chg":"التشاجاتاي",
"chk":"التشكيزية",
"chm":"الماري",
"chn":"الشينوك جارجون",
"cho":"الشوكتو",
"chp":"الشيباوايان",
"chr":"الشيروكي",
"chy":"الشايان",
"cmc":"اللغة التشاميكية",
"co":"الكورسيكية",
"cop":"القبطية",
"cpe":"الكرييولى و اللغات المبسطة الأخرى للتفاهم بين الشعوب على أساس الأنجليزية",
"cpf":"الكرييولى و اللغات المبسطة الأخرى للتفاهم بين الشعوب على أساس الفرنسية",
"cpp":"الكرييولي واللغات المبسطة الأخرى للتفاهم بين الشعوب على أساس البرتغالية",
"cr":"الكرى",
"crh":"التركية الكريمينية",
"crp":"الكرييولى و اللغات المبسطة الأخرى للتفاهم بين الشعوب - أخرى",
"cs":"التشيكية",
"csb":"الكاشبايان",
"cu":"سلافية كنسية",
"cus":"اللغة الكشيتيكية",
"cv":"التشفاش",
"cy":"الولزية",
"da":"الدانماركية",
"dak":"الداكوتا",
"dar":"الدارجوا",
"day":"الدياك",
"de":"الألمانية",
"de_AT":"الألمانية النمساوية",
"de_CH":"الألمانية العليا السويسرية",
"del":"الديلوير",
"den":"السلافية",
"dgr":"الدوجريب",
"din":"الدنكا",
"doi":"الدوجري",
"dra":"اللغة الدرافيدينية",
"dsb":"الصربية السفلى",
"dua":"الديولا",
"dum":"الهولندية الوسطى",
"dv":"المالديفية",
"dyu":"الدايلا",
"dz":"الزونخاية",
"ee":"الإيوي",
"efi":"الإفيك",
"egy":"المصرية القديمة",
"eka":"الإكاجك",
"el":"اليونانية",
"elx":"الإمايت",
"en":"الإنجليزية",
"en_AU":"الإنجليزية الأسترالية",
"en_CA":"الإنجليزية الكندية",
"en_GB":"الإنجليزية البريطانية",
"en_US":"الإنجليزية الولايات المتحدة",
"enm":"الإنجليزية الوسطى",
"eo":"الإسبرانتو",
"es":"الإسبانية",
"es_419":"إسبانية أمريكا اللاتينية",
"es_ES":"الإسبانية الأيبيرية",
"et":"الإستونية",
"eu":"لغة الباسك",
"ewo":"الإيوندو",
"fa":"الفارسية",
"fan":"الفانج",
"fat":"الفانتي",
"ff":"الفلة",
"fi":"الفنلندية",
"fil":"الفلبينية",
"fiu":"لغة فينو أجريانية",
"fj":"الفيجية",
"fo":"الفارويز",
"fon":"الفون",
"fr":"الفرنسية",
"fr_CA":"الفرنسية الكندية",
"fr_CH":"الفرنسية السويسرية",
"frm":"الفرنسية الوسطى",
"fro":"الفرنسية القديمة",
"frr":"الفريزينية الشمالية",
"frs":"الفريزينية الشرقية",
"fur":"الفريلايان",
"fy":"الفريزيان",
"ga":"الأيرلندية",
"gaa":"الجا",
"gay":"الجايو",
"gba":"الجبيا",
"gd":"الغيلية الأسكتلندية",
"gem":"اللغة الجرمانية",
"gez":"الجيز",
"gil":"لغة أهل جبل طارق",
"gl":"الجاليكية",
"gmh":"الألمانية العليا الوسطى",
"gn":"الجواراني",
"goh":"الألمانية العليا القديمة",
"gon":"الجندي",
"gor":"الجورونتالو",
"got":"القوطية",
"grb":"الجريبو",
"grc":"اليونانية القديمة",
"gsw":"الألمانية السويسرية",
"gu":"الغوجاراتية",
"gv":"المنكية",
"ha":"الهوسا",
"hai":"الهيدا",
"haw":"لغة أهل الهاواي",
"he":"العبرية",
"hi":"الهندية",
"hil":"الهيليجينون",
"him":"الهيماتشالي",
"hit":"الحثية",
"hmn":"الهمونجية",
"ho":"الهيري موتو",
"hr":"الكرواتية",
"hsb":"الصربية العليا",
"ht":"الهايتية",
"hu":"الهنغارية",
"hup":"الهبا",
"hy":"الأرمينية",
"hz":"الهيريرو",
"ia":"اللّغة الوسيطة",
"iba":"الإيبان",
"id":"الإندونيسية",
"ie":"الإنترلينج",
"ig":"الإيجبو",
"ii":"السيتشيون يي",
"ijo":"الإجو",
"ik":"الإينبياك",
"ilo":"الإيلوكو",
"inc":"اللغة الهندية",
"ine":"الهندية الأوروبية - أخرى",
"inh":"الإنجوشية",
"io":"الإيدو",
"ira":"اللغة الإيرانية",
"iro":"اللغة الإيروكويانية",
"is":"الأيسلاندية",
"it":"الإيطالية",
"iu":"الإينكتيتت",
"ja":"اليابانية",
"jbo":"اللوجبان",
"jpr":"الجيدو - الفارسي",
"jrb":"الجيدو - العربي",
"jv":"الجاوية",
"ka":"الجورجية",
"kaa":"الكارا-كالباك",
"kab":"القبيلية",
"kac":"الكاتشين",
"kaj":"الجو",
"kam":"الكامبا",
"kar":"الكاريين",
"kaw":"الكوي",
"kbd":"الكاباردايان",
"kfo":"الكورو",
"kg":"الكونغو",
"kha":"الكازية",
"khi":"اللغة الخويسانية",
"kho":"الخوتانيز",
"ki":"الكيكيو",
"kj":"الكيونياما",
"kk":"الكازاخستانية",
"kl":"الكالاليست",
"km":"الخميرية",
"kmb":"الكيمبندو",
"kn":"الكانادا",
"ko":"الكورية",
"kok":"الكونكانية",
"kos":"الكوسراين",
"kpe":"الكبيل",
"kr":"الكانيوري",
"krc":"الكاراتشاي-بالكار",
"krl":"الكريلية",
"kro":"الكرو",
"ks":"الكاشميرية",
"ku":"الكردية",
"kum":"الكميك",
"kut":"الكتيناي",
"kv":"الكومي",
"kw":"الكورنية",
"ky":"القيرغستانية",
"la":"اللاتينية",
"lad":"الإسباعبرية",
"lah":"اللاهندا",
"lam":"اللامبا",
"lb":"اللوكسمبرجية",
"lez":"الليزجهايانية",
"lg":"الجاندا",
"li":"الليمبرجيشية",
"ln":"اللينجالا",
"lo":"اللاوية",
"lol":"منغولى",
"loz":"اللوزي",
"lt":"اللتوانية",
"lu":"اللبا-كاتانجا",
"lua":"اللبا-لؤلؤ",
"lui":"اللوسينو",
"lun":"اللوندا",
"luo":"اللو",
"lus":"اللشاي",
"lv":"اللاتفية",
"mad":"المادريز",
"mag":"الماجا",
"mai":"المايثيلي",
"mak":"الماكاسار",
"man":"الماندينغ",
"map":"الأوسترونيسيان",
"mas":"الماساي",
"mdf":"الموكشا",
"mdr":"الماندار",
"men":"الميند",
"mg":"المالاجاشية",
"mga":"الأيرلندية الوسطى",
"mh":"المارشالية",
"mi":"الماورية",
"mic":"الميكماكيونية",
"min":"المينانجكاباو",
"mis":"اللغة المتنوعة",
"mk":"المقدونية",
"mkh":"لغة المون - خمير",
"ml":"الماليالام",
"mn":"المنغولية",
"mnc":"المانشو",
"mni":"المانيبري",
"mno":"لغات مانوبو",
"mo":"المولدوفية",
"moh":"الموهوك",
"mos":"الموسي",
"mr":"الماراثي",
"ms":"لغة الملايو",
"mt":"المالطية",
"mul":"لغات متعددة",
"mun":"لغة المندا",
"mus":"الكريك",
"mwl":"الميرانديز",
"mwr":"المارواري",
"my":"البورمية",
"myn":"لغة المايا",
"myv":"الأرزية",
"na":"النورو",
"nah":"الناهيوتل",
"nai":"اللغة الهندية الأمريكية الشمالية",
"nap":"اللغة النابولية",
"nb":"البوكمالية النرويجية",
"nd":"النديبيل الشمالي",
"nds":"الألمانية السفلى",
"ne":"النيبالية",
"new":"النيواري",
"ng":"الندونجا",
"nia":"النياس",
"nic":"النيجر - كوردوفانايان",
"niu":"النيوي",
"nl":"الهولندية",
"nl_BE":"الفلمنك",
"nn":"النينورسك النرويجي",
"no":"النرويجية",
"nog":"النوجاي",
"non":"النورس القديم",
"nqo":"أنكو",
"nr":"النديبيل الجنوبي",
"nso":"السوتو الشمالية",
"nub":"لغة نوبية",
"nv":"النافاجو",
"nwc":"النوارية التقليدية",
"ny":"النيانجا",
"nym":"النيامويزي",
"nyn":"النيانكول",
"nyo":"النيورو",
"nzi":"النزيما",
"oc":"الأوكيتانية",
"oj":"الأوجيبوا",
"om":"الأورومو",
"or":"الأورييا",
"os":"الأوسيتيك",
"osa":"الأوساج",
"ota":"التركية العثمانية",
"oto":"اللغة الأوتومية",
"pa":"البنجابية",
"paa":"اللغة الغينية",
"pag":"البانجاسينان",
"pal":"البهلوية",
"pam":"البامبانجا",
"pap":"البابيامينتو",
"pau":"البالوان",
"peo":"الفارسية القديمة",
"phi":"اللغة الفليبينية",
"phn":"الفينيقية",
"pi":"البالية",
"pl":"البولندية",
"pon":"البوهنبيايان",
"pra":"اللغات البراقريطية",
"pro":"البروفانسية القديمة",
"ps":"البشتونية",
"pt":"البرتغالية",
"pt_BR":"البرتغالية البرازيلية",
"pt_PT":"البرتغالية الأيبيرية",
"qu":"الكويتشوا",
"raj":"الراجاسثانية",
"rap":"الراباني",
"rar":"الراروتونجاني",
"rm":"الرهايتو-رومانس",
"rn":"الرندي",
"ro":"الرومانية",
"roa":"اللغة الرومانسية",
"rom":"غجري",
"root":"الجذر",
"ru":"الروسية",
"rup":"الأرومانيان",
"rw":"الكينيارواندا",
"sa":"السنسكريتية",
"sad":"السانداوي",
"sah":"الساخية",
"sai":"اللغة الهندية الأمريكية الجنوبية",
"sal":"اللغة الساليشانية",
"sam":"الآرامية السومارية",
"sas":"الساساك",
"sat":"السانتالي",
"sc":"السردينية",
"scn":"الصقلية",
"sco":"الأسكتلندية",
"sd":"السيندي",
"se":"السامي الشمالي",
"sel":"السيلكب",
"sem":"لغة سامية",
"sg":"السانجو",
"sga":"الأيرلندية القديمة",
"sgn":"لغات الإشارة",
"shn":"الشانية",
"si":"السنهالية",
"sid":"السيدامو",
"sio":"لغة السيويون",
"sit":"اللغة الصينية التيبتية",
"sk":"السلوفاكية",
"sl":"السلوفانية",
"sla":"اللغة السلافية",
"sm":"الساموائية",
"sma":"السامي الجنوبي",
"smi":"اللغة السامية",
"smj":"اللول سامي",
"smn":"الإيناري سامي",
"sms":"السكولت سامي",
"sn":"الشونا",
"snk":"السونينك",
"so":"الصومالية",
"sog":"السوجدين",
"son":"السونجهاي",
"sq":"الألبانية",
"sr":"الصربية",
"srn":"السرانان تونجو",
"srr":"السرر",
"ss":"السواتي",
"ssa":"لغة نيلية الصحراوية",
"st":"السوتو الجنوبية",
"su":"السودانية",
"suk":"السوكوما",
"sus":"السوسو",
"sux":"السومارية",
"sv":"السويدية",
"sw":"السواحلية",
"swb":"القمرية",
"syc":"سريانية تقليدية",
"syr":"السريانية",
"ta":"التاميلية",
"tai":"لغة تاي",
"te":"التيلجو",
"tem":"التيمن",
"ter":"التيرينو",
"tet":"التيتم",
"tg":"الطاجيكية",
"th":"التايلاندية",
"ti":"التيجرينيا",
"tig":"التيجر",
"tiv":"التيف",
"tk":"التركمانية",
"tkl":"التوكيلاو",
"tl":"التاغالوغية",
"tlh":"الكلينجون",
"tli":"التلينغيتية",
"tmh":"التاماشيك",
"tn":"التسوانية",
"to":"التونغية",
"tog":"تونجا - نياسا",
"tpi":"التوك بيسين",
"tr":"التركية",
"ts":"السونجا",
"tsi":"التسيمشيان",
"tt":"التتارية",
"tum":"التامبوكا",
"tup":"اللغة التوبية",
"tut":"الألطائية - أخرى",
"tvl":"التوفالو",
"tw":"التوي",
"ty":"التاهيتية",
"udm":"الأدمرت",
"ug":"الأغورية",
"uga":"اليجاريتيك",
"uk":"الأوكرانية",
"umb":"الأمبندو",
"und":"لغة غير معروفة",
"ur":"الأردية",
"uz":"الأوزباكية",
"vai":"الفاي",
"ve":"الفيندا",
"vi":"الفيتنامية",
"vot":"الفوتيك",
"wa":"الولونية",
"wak":"اللغة الواكاشانية",
"wal":"الوالامو",
"war":"الواراي",
"was":"الواشو",
"wen":"اللغة الصربية",
"wo":"الولوف",
"xal":"الكالميك",
"xh":"الخوسا",
"yao":"الياو",
"yap":"اليابيز",
"yi":"اليديشية",
"yo":"اليوروبية",
"ypk":"اللغة اليوبيكية",
"yue":"الكَنْتُونية",
"za":"الزهيونج",
"zap":"الزابوتيك",
"zen":"الزيناجا",
"zh":"الصينية",
"znd":"الزاند",
"zu":"الزولو",
"zun":"الزونية",
"zxx":"بدون محتوى لغوي"
},
"scripts":{
"Arab":"العربية",
"Armn":"الأرمينية",
"Bali":"البالية",
"Batk":"الباتاك",
"Beng":"البنغالية",
"Blis":"رموز بليس",
"Bopo":"البوبوموفو",
"Brah":"الهندوسية",
"Brai":"البرايل",
"Bugi":"البجينيز",
"Buhd":"البهيدية",
"Cans":"مقاطع كندية أصلية موحدة",
"Cari":"الكارية",
"Cham":"التشامية",
"Cher":"الشيروكي",
"Cirt":"السيرث",
"Copt":"القبطية",
"Cprt":"القبرصية",
"Cyrl":"السيريلية",
"Cyrs":"السيريلية السلافية الكنسية القديمة",
"Deva":"الديفاناجاري",
"Dsrt":"الديسيريت",
"Egyd":"الديموطيقية",
"Egyh":"الهيراطيقية",
"Egyp":"الهيروغليفية",
"Ethi":"الأثيوبية",
"Geok":"الأبجدية الجورجية - أسومتافرلي و نسخري",
"Geor":"الجورجية",
"Glag":"الجلاجوليتيك",
"Goth":"القوطية",
"Grek":"اليونانية",
"Gujr":"التاغجراتية",
"Guru":"الجرمخي",
"Hang":"الهانغول",
"Hani":"الهان",
"Hano":"الهانونو",
"Hans":"المبسطة",
"Hant":"التقليدية",
"Hebr":"العبرية",
"Hira":"الهيراجانا",
"Hmng":"الباهوه همونج",
"Hrkt":"الكتكانا أو الهيراجانا",
"Hung":"المجرية القديمة",
"Inds":"اندس - هارابان",
"Ital":"الإيطالية القديمة",
"Java":"الجاوية",
"Jpan":"اليابانية",
"Kali":"الكياه لى",
"Kana":"الكتكانا",
"Khar":"الخاروشتى",
"Khmr":"الخميرية",
"Knda":"الكانادا",
"Kore":"الكورية",
"Lana":"الانا",
"Laoo":"اللاو",
"Latf":"اللاتينية - متغير فراكتر",
"Latg":"اللاتينية - متغير غيلى",
"Latn":"اللاتينية",
"Lepc":"الليبتشا - رونج",
"Limb":"الليمبو",
"Lina":"الخطية أ",
"Linb":"الخطية ب",
"Lyci":"الليسية",
"Lydi":"الليدية",
"Mand":"المانداينية",
"Maya":"المايا الهيروغليفية",
"Mero":"الميرويتيك",
"Mlym":"الماليالام",
"Mong":"المغولية",
"Moon":"مون",
"Mymr":"الميانمار",
"Nkoo":"أنكو",
"Ogam":"الأوجهام",
"Orkh":"الأورخون",
"Orya":"الأوريا",
"Osma":"الأوسمانيا",
"Perm":"البيرميكية القديمة",
"Phag":"الفاجسبا",
"Phnx":"الفينيقية",
"Plrd":"الصوتيات الجماء",
"Roro":"رنجورنجو",
"Runr":"الروني",
"Sara":"الساراتي",
"Shaw":"الشواني",
"Sinh":"السينهالا",
"Sund":"السوندانية",
"Sylo":"السيلوتي ناغري",
"Syrc":"السريانية",
"Syre":"السريانية الأسترنجيلية",
"Syrj":"السريانية الغربية",
"Syrn":"السريانية الشرقية",
"Tagb":"التاجبانوا",
"Tale":"التاي لي",
"Talu":"التاى لى الجديد",
"Taml":"التاميلية",
"Telu":"التيلجو",
"Teng":"التينجوار",
"Tfng":"التيفيناغ",
"Tglg":"التغالوغية",
"Thaa":"الثعنة",
"Thai":"التايلاندية",
"Tibt":"التبتية",
"Ugar":"الأجاريتيكية",
"Vaii":"الفاي",
"Visp":"الكلام المرئي",
"Xpeo":"الفارسية القديمة",
"Xsux":"الكتابة المسمارية الأكدية السومرية",
"Yiii":"اليي",
"Zinh":"الموروث",
"Zsym":"رموز",
"Zxxx":"غير مكتوب",
"Zyyy":"عام",
"Zzzz":"نص مكتوب غير معروف"
},
"territories":{
"001":"العالم",
"002":"أفريقيا",
"003":"أمريكا الشمالية",
"005":"أمريكا الجنوبية",
"009":"أوقيانوسيا",
"011":"غرب أفريقيا",
"013":"أمريكا الوسطى",
"014":"شرق أفريقيا",
"015":"شمال أفريقيا",
"017":"وسط أفريقيا",
"018":"أفريقيا الجنوبية",
"019":"الأمريكتين",
"021":"شمال أمريكا",
"029":"الكاريبي",
"030":"شرق آسيا",
"034":"جنوب آسيا",
"035":"جنوب شرق آسيا",
"039":"جنوب أوروبا",
"053":"أستراليا ونيوزيلندا",
"054":"ميلانيزيا",
"057":"الجزر الميكرونيزية",
"061":"بولينيزيا",
"062":"جنوب وسط آسيا",
"142":"آسيا",
"143":"وسط آسيا",
"145":"غرب آسيا",
"150":"أوروبا",
"151":"شرق أوروبا",
"154":"شمال أوروبا",
"155":"غرب أوروبا",
"172":"كومنولث الدول المستقلة",
"419":"أمريكا اللاتينية",
"AC":"جزيرة أسينشيون",
"AD":"أندورا",
"AE":"الإمارات العربية المتحدة",
"AF":"أفغانستان",
"AG":"أنتيغوا وبربودا",
"AI":"أنغويلا",
"AL":"ألبانيا",
"AM":"أرمينيا",
"AN":"جزر الأنتيل الهولندية",
"AO":"أنغولا",
"AQ":"القطب الجنوبي",
"AR":"الأرجنتين",
"AS":"ساموا الأمريكية",
"AT":"النمسا",
"AU":"أستراليا",
"AW":"آروبا",
"AX":"جزر أولان",
"AZ":"أذربيجان",
"BA":"البوسنة والهرسك",
"BB":"بربادوس",
"BD":"بنجلاديش",
"BE":"بلجيكا",
"BF":"بوركينا فاسو",
"BG":"بلغاريا",
"BH":"البحرين",
"BI":"بوروندي",
"BJ":"بنين",
"BL":"سان بارتليمي",
"BM":"برمودا",
"BN":"بروناي",
"BO":"بوليفيا",
"BR":"البرازيل",
"BS":"الباهاما",
"BT":"بوتان",
"BV":"جزيرة بوفيه",
"BW":"بتسوانا",
"BY":"روسيا البيضاء",
"BZ":"بليز",
"CA":"كندا",
"CC":"جزر كوكوس",
"CD":"الكونغو - كينشاسا",
"CF":"جمهورية أفريقيا الوسطى",
"CG":"الكونغو - برازافيل",
"CH":"سويسرا",
"CI":"ساحل العاج",
"CK":"جزر كوك",
"CL":"شيلي",
"CM":"الكاميرون",
"CN":"الصين",
"CO":"كولومبيا",
"CP":"جزيرة كليبيرتون",
"CR":"كوستاريكا",
"CS":"صربيا والجبل الأسود",
"CU":"كوبا",
"CV":"الرأس الأخضر",
"CX":"جزيرة الكريسماس",
"CY":"قبرص",
"CZ":"جمهورية التشيك",
"DE":"ألمانيا",
"DG":"دييغو غارسيا",
"DJ":"جيبوتي",
"DK":"الدانمرك",
"DM":"دومينيكا",
"DO":"جمهورية الدومينيك",
"DZ":"الجزائر",
"EA":"سيوتا وميليلا",
"EC":"الإكوادور",
"EE":"أستونيا",
"EG":"مصر",
"EH":"الصحراء الغربية",
"ER":"أريتريا",
"ES":"إسبانيا",
"ET":"إثيوبيا",
"EU":"الاتحاد الأوروبي",
"FI":"فنلندا",
"FJ":"فيجي",
"FK":"جزر فوكلاند",
"FM":"ميكرونيزيا",
"FO":"جزر فارو",
"FR":"فرنسا",
"FX":"ميتروبولويتان فرنسا",
"GA":"الجابون",
"GB":"المملكة المتحدة",
"GD":"غرينادا",
"GE":"جورجيا",
"GF":"غويانا الفرنسية",
"GG":"غيرنزي",
"GH":"غانا",
"GI":"جبل طارق",
"GL":"غرينلاند",
"GM":"غامبيا",
"GN":"غينيا",
"GP":"جوادلوب",
"GQ":"غينيا الاستوائية",
"GR":"اليونان",
"GS":"جورجيا الجنوبية وجزر ساندويتش الجنوبية",
"GT":"غواتيمالا",
"GU":"غوام",
"GW":"غينيا بيساو",
"GY":"غيانا",
"HK":"هونغ كونغ الصينية",
"HM":"جزيرة هيرد وجزر ماكدونالد",
"HN":"هندوراس",
"HR":"كرواتيا",
"HT":"هايتي",
"HU":"هنغاريا",
"IC":"جزر الكناري",
"ID":"اندونيسيا",
"IE":"أيرلندا",
"IL":"إسرائيل",
"IM":"جزيرة مان",
"IN":"الهند",
"IO":"الإقليم البريطاني في المحيط الهندي",
"IQ":"العراق",
"IR":"إيران",
"IS":"أيسلندا",
"IT":"إيطاليا",
"JE":"جيرسي",
"JM":"جامايكا",
"JO":"الأردن",
"JP":"اليابان",
"KE":"كينيا",
"KG":"قرغيزستان",
"KH":"كمبوديا",
"KI":"كيريباتي",
"KM":"جزر القمر",
"KN":"سانت كيتس ونيفيس",
"KP":"كوريا الشمالية",
"KR":"كوريا الجنوبية",
"KW":"الكويت",
"KY":"جزر الكايمن",
"KZ":"كازاخستان",
"LA":"لاوس",
"LB":"لبنان",
"LC":"سانت لوسيا",
"LI":"ليختنشتاين",
"LK":"سريلانكا",
"LR":"ليبيريا",
"LS":"ليسوتو",
"LT":"ليتوانيا",
"LU":"لوكسمبورغ",
"LV":"لاتفيا",
"LY":"ليبيا",
"MA":"المغرب",
"MC":"موناكو",
"MD":"مولدافيا",
"ME":"الجبل الأسود",
"MF":"سانت مارتين",
"MG":"مدغشقر",
"MH":"جزر المارشال",
"MK":"مقدونيا",
"ML":"مالي",
"MM":"ميانمار -بورما",
"MN":"منغوليا",
"MO":"مكاو الصينية [منطقة إدارية خاصة]",
"MP":"جزر ماريانا الشمالية",
"MQ":"مارتينيك",
"MR":"موريتانيا",
"MS":"مونتسرات",
"MT":"مالطا",
"MU":"موريشيوس",
"MV":"جزر المالديف",
"MW":"ملاوي",
"MX":"المكسيك",
"MY":"ماليزيا",
"MZ":"موزمبيق",
"NA":"ناميبيا",
"NC":"كاليدونيا الجديدة",
"NE":"النيجر",
"NF":"جزيرة نورفوك",
"NG":"نيجيريا",
"NI":"نيكاراغوا",
"NL":"هولندا",
"NO":"النرويج",
"NP":"نيبال",
"NR":"ناورو",
"NU":"نيوي",
"NZ":"نيوزيلاندا",
"OM":"عُمان",
"PA":"بنما",
"PE":"بيرو",
"PF":"بولينيزيا الفرنسية",
"PG":"بابوا غينيا الجديدة",
"PH":"الفيلبين",
"PK":"باكستان",
"PL":"بولندا",
"PM":"سانت بيير وميكولون",
"PN":"جزر بيتكيرن",
"PR":"بورتوريكو",
"PS":"فلسطين",
"PT":"البرتغال",
"PW":"بالاو",
"PY":"باراغواي",
"QA":"قطر",
"QO":"أوقيانوسيا النائية",
"RE":"روينيون",
"RO":"رومانيا",
"RS":"صربيا",
"RU":"روسيا",
"RW":"رواندا",
"SA":"المملكة العربية السعودية",
"SB":"جزر سليمان",
"SC":"سيشل",
"SD":"السودان",
"SE":"السويد",
"SG":"سنغافورة",
"SH":"سانت هيلنا",
"SI":"سلوفينيا",
"SJ":"سفالبارد وجان مايان",
"SK":"سلوفاكيا",
"SL":"سيراليون",
"SM":"سان مارينو",
"SN":"السنغال",
"SO":"الصومال",
"SR":"سورينام",
"ST":"ساو تومي وبرينسيبي",
"SV":"السلفادور",
"SY":"سوريا",
"SZ":"سوازيلاند",
"TA":"تريستان دي كونها",
"TC":"جزر الترك وجايكوس",
"TD":"تشاد",
"TF":"المقاطعات الجنوبية الفرنسية",
"TG":"توجو",
"TH":"تايلند",
"TJ":"طاجكستان",
"TK":"توكيلو",
"TL":"تيمور الشرقية",
"TM":"تركمانستان",
"TN":"تونس",
"TO":"تونغا",
"TR":"تركيا",
"TT":"ترينيداد وتوباغو",
"TV":"توفالو",
"TW":"تايوان",
"TZ":"تانزانيا",
"UA":"أوكرانيا",
"UG":"أوغندا",
"UM":"جزر الولايات المتحدة البعيدة الصغيرة",
"US":"الولايات المتحدة الأمريكية",
"UY":"أورغواي",
"UZ":"أوزبكستان",
"VA":"الفاتيكان",
"VC":"سانت فنسنت وغرنادين",
"VE":"فنزويلا",
"VG":"جزر فرجين البريطانية",
"VI":"جزر فرجين الأمريكية",
"VN":"فيتنام",
"VU":"فانواتو",
"WF":"جزر والس وفوتونا",
"WS":"ساموا",
"YE":"اليمن",
"YT":"مايوت",
"ZA":"جنوب أفريقيا",
"ZM":"زامبيا",
"ZW":"زيمبابوي",
"ZZ":"منطقة غير معروفة"
},
"orientation":"right-to-left",
"dateFormat-full":"EEEE، d MMMM، y",
"dateFormat-long":"d MMMM، y",
"dateFormat-medium":"dd‏/MM‏/yyyy",
"dateFormat-short":"d‏/M‏/yyyy",
"timeFormat-full":"zzzz h:mm:ss a",
"timeFormat-long":"z h:mm:ss a",
"timeFormat-medium":"h:mm:ss a",
"timeFormat-short":"h:mm a",
"dateTimeFormat-full":"{1} {0}",
"dateTimeFormat-long":"{1} {0}",
"dateTimeFormat-medium":"{1} {0}",
"dateTimeFormat-short":"{1} {0}",
"months-defaultContext":"format",
"months-defaultWidth":"wide",
"months-format-abbreviated":[
"يناير",
"فبراير",
"مارس",
"أبريل",
"مايو",
"يونيو",
"يوليو",
"أغسطس",
"سبتمبر",
"أكتوبر",
"نوفمبر",
"ديسمبر"],
"months-format-narrow":[
"ي",
"ف",
"م",
"أ",
"و",
"ن",
"ل",
"غ",
"س",
"ك",
"ب",
"د"],
"months-format-wide":[
"يناير",
"فبراير",
"مارس",
"أبريل",
"مايو",
"يونيو",
"يوليو",
"أغسطس",
"سبتمبر",
"أكتوبر",
"نوفمبر",
"ديسمبر"],
"months-standAlone-abbreviated":[
"يناير",
"فبراير",
"مارس",
"أبريل",
"مايو",
"يونيو",
"يوليو",
"أغسطس",
"سبتمبر",
"أكتوبر",
"نوفمبر",
"ديسمبر"],
"months-standAlone-narrow":[
"ي",
"ف",
"م",
"أ",
"و",
"ن",
"ل",
"غ",
"س",
"ك",
"ب",
"د"],
"months-standAlone-wide":[
"يناير",
"فبراير",
"مارس",
"أبريل",
"مايو",
"يونيو",
"يوليو",
"أغسطس",
"سبتمبر",
"أكتوبر",
"نوفمبر",
"ديسمبر"],
"days-defaultContext":"format",
"days-defaultWidth":"wide",
"days-format-abbreviated":[
"الأحد",
"الاثنين",
"الثلاثاء",
"الأربعاء",
"الخميس",
"الجمعة",
"السبت"],
"days-format-narrow":[
"ح",
"ن",
"ث",
"ر",
"خ",
"ج",
"س"],
"days-format-wide":[
"الأحد",
"الاثنين",
"الثلاثاء",
"الأربعاء",
"الخميس",
"الجمعة",
"السبت"],
"days-standAlone-abbreviated":[
"الأحد",
"الاثنين",
"الثلاثاء",
"الأربعاء",
"الخميس",
"الجمعة",
"السبت"],
"days-standAlone-narrow":[
"ح",
"ن",
"ث",
"ر",
"خ",
"ج",
"س"],
"days-standAlone-wide":[
"الأحد",
"الاثنين",
"الثلاثاء",
"الأربعاء",
"الخميس",
"الجمعة",
"السبت"],
"quarters-format-abbreviated":[
"الربع الأول",
"الربع الثاني",
"الربع الثالث",
"الربع الرابع"],
"quarters-format-narrow":[
"١",
"٢",
"٣",
"٤"],
"quarters-format-wide":[
"الربع الأول",
"الربع الثاني",
"الربع الثالث",
"الربع الرابع"],
"quarters-standAlone-abbreviated":[
"الربع الأول",
"الربع الثاني",
"الربع الثالث",
"الربع الرابع"],
"quarters-standAlone-narrow":[
"١",
"٢",
"٣",
"٤"],
"quarters-standAlone-wide":[
"الربع الأول",
"الربع الثاني",
"الربع الثالث",
"الربع الرابع"],
"dayPeriods-format-abbreviated":[
"ص",
"م"],
"dayPeriods-format-narrow":[
"ص",
"م"],
"dayPeriods-format-wide":[
"ص",
"م"],
"dayPeriods-standAlone-abbreviated":[
"ص",
"م"],
"dayPeriods-standAlone-narrow":[
"ص",
"م"],
"dayPeriods-standAlone-wide":[
"ص",
"م"],
"decimalFormat":{
"standard":"#0.###;#0.###-"},
"decimalFormat-short":{
"1000":"0.0 أ",
"10000":"00 أ",
"100000":"000 أ",
"1000000":"0.0 م",
"10000000":"00 م",
"100000000":"000 م",
"1000000000":"0.0 ب",
"10000000000":"00 ب",
"100000000000":"000 ب",
"1000000000000":"0.0 ت",
"10000000000000":"00 ت",
"100000000000000":"000 ت"},
"scientificFormat":{
"standard":"#E0"},
"percentFormat":{
"standard":"#,##0%"},
"currencyFormat":{
"standard":"¤#0.00"},
"symbols-latn-decimal":",",
"symbols-latn-group":".",
"symbols-latn-list":";",
"symbols-latn-percentSign":"%",
"symbols-latn-plusSign":"+",
"symbols-latn-minusSign":"-",
"symbols-latn-exponential":"E",
"symbols-latn-perMille":"‰",
"symbols-latn-infinity":"∞",
"symbols-latn-nan":"NaN",
"weekData-minDays":1,
"weekData-firstDay":6,
"weekData-weekendStart":4,
"weekData-weekendEnd":5
}