{
"languages":{
"aa":"афар",
"ab":"абхазски",
"ace":"ачински",
"ach":"аколи",
"ada":"адангме",
"ady":"адиге",
"ae":"авестски",
"af":"африканс",
"afa":"афро-азиатски",
"afh":"африхили",
"ain":"айну",
"ak":"акан",
"akk":"акадски",
"ale":"алеутски",
"alg":"алгонквин",
"alt":"южноалтайски",
"am":"амхарски",
"an":"арагонски",
"ang":"староанглийски",
"anp":"ангика",
"apa":"езици на апахите",
"ar":"арабски",
"arc":"арамейски",
"arn":"мапуче",
"arp":"арапахо",
"art":"изкуствен",
"arw":"аравак",
"as":"асамски",
"ast":"астурски",
"ath":"атабаски езици",
"aus":"австралийски езици",
"av":"аварски",
"awa":"авади",
"ay":"аймара",
"az":"азърбайджански",
"ba":"башкирски",
"bad":"банда",
"bai":"бамикеле",
"bal":"балучи",
"ban":"балинейски",
"bas":"баса",
"bat":"балтийски",
"be":"беларуски",
"bej":"бея",
"bem":"бемба",
"ber":"берберски",
"bg":"български",
"bh":"бихари",
"bho":"божпури",
"bi":"бислама",
"bik":"биколски",
"bin":"бини",
"bla":"сиксика",
"bm":"бамбара",
"bn":"бенгалски",
"bnt":"банту",
"bo":"тибетски",
"br":"бретонски",
"bra":"брадж",
"bs":"босненски",
"btk":"батак",
"bua":"бурятски",
"bug":"бугински",
"byn":"биленски",
"ca":"каталонски",
"cad":"каддо",
"cai":"централноамерикански индиански",
"car":"карибски",
"cau":"кавказски",
"cch":"атсам",
"ce":"чеченски",
"ceb":"себуано",
"cel":"келтски",
"ch":"чаморо",
"chb":"чибча",
"chg":"чагатай",
"chk":"чуук",
"chm":"марийски",
"chn":"жаргон чинуук",
"cho":"чокто",
"chp":"чиипувски",
"chr":"чероки",
"chy":"чейенски",
"cmc":"чамски",
"co":"корсикански",
"cop":"коптски",
"cpe":"креолски или пиджин от английски",
"cpf":"креолски и пиджин от френски",
"cpp":"креолски или пиджин от португалски",
"cr":"крии",
"crh":"кримскотатарски",
"crp":"креолски или пиджини",
"cs":"чешки",
"csb":"кашубски",
"cu":"църковно славянски",
"cus":"кушитски езици",
"cv":"чувашки",
"cy":"уелски",
"da":"датски",
"dak":"дакотски",
"dar":"даргва",
"day":"даякски",
"de":"немски",
"de_AT":"австрийски немски",
"de_CH":"швейцарски горногермански",
"del":"делауер",
"den":"слейви",
"dgr":"догриб",
"din":"динка",
"doi":"догри",
"dra":"дравидски езици",
"dsb":"долносербски",
"dua":"дуала",
"dum":"средновековен холандски",
"dv":"дивехи",
"dyu":"диула",
"dz":"дзонха",
"ee":"еуе",
"efi":"ефик",
"egy":"египетски",
"eka":"екажук",
"el":"гръцки",
"elx":"еламитски",
"en":"английски",
"en_AU":"австралийски английски",
"en_CA":"канадски английски",
"en_GB":"британски английски",
"en_US":"американски английски",
"enm":"средновековен английски",
"eo":"есперанто",
"es":"испански",
"es_419":"латиноамерикански испански",
"es_ES":"иберийски испански",
"et":"естонски",
"eu":"баски",
"ewo":"евондо",
"fa":"персийски",
"fan":"фанг",
"fat":"фанти",
"ff":"фула",
"fi":"фински",
"fil":"филипински",
"fiu":"угрофински",
"fj":"фиджийски",
"fo":"фарьорски",
"fon":"фон",
"fr":"френски",
"fr_CA":"канадски френски",
"fr_CH":"швейцарски френски",
"frm":"средновековен френски",
"fro":"старофренски",
"frr":"северен фризски",
"frs":"източен фризски",
"fur":"фриулиански",
"fy":"фризийски",
"ga":"ирландски",
"gaa":"га",
"gay":"гайо",
"gba":"гбая",
"gd":"шотландски галски",
"gem":"германски",
"gez":"гииз",
"gil":"гилбертски",
"gl":"галисийски",
"gmh":"средновековен немски",
"gn":"гуарани",
"goh":"старовисоконемски",
"gon":"гонди",
"gor":"горонтало",
"got":"готически",
"grb":"гребо",
"grc":"древногръцки",
"gsw":"швейцарски немски",
"gu":"гуджарати",
"gv":"манкски",
"gwi":"гвичин",
"ha":"хауза",
"hai":"хайда",
"haw":"хавайски",
"he":"иврит",
"hi":"хинди",
"hil":"хилигайнон",
"him":"химачали",
"hit":"хитски",
"hmn":"хмонг",
"ho":"хири моту",
"hr":"хърватски",
"hsb":"горносербски",
"ht":"хаитянски",
"hu":"унгарски",
"hup":"хупа",
"hy":"арменски",
"hz":"хереро",
"ia":"интерлингва",
"iba":"ибан",
"id":"индонезийски",
"ie":"оксидентал",
"ig":"игбо",
"ii":"сечуански",
"ijo":"иджо",
"ik":"инупиак",
"ilo":"илоко",
"inc":"индийска група",
"ine":"индо-европейски",
"inh":"ингушетски",
"io":"идо",
"ira":"ирански",
"iro":"ироквиански езици",
"is":"исландски",
"it":"италиански",
"iu":"инуктитут",
"ja":"японски",
"jbo":"лоджбан",
"jpr":"еврейско-персийски",
"jrb":"еврейско-арабски",
"jv":"явански",
"ka":"грузински",
"kaa":"каракалпашки",
"kab":"кабилски",
"kac":"качински",
"kaj":"жжи",
"kam":"камба",
"kar":"каренски",
"kaw":"кави",
"kbd":"кабардиан",
"kcg":"туап",
"kfo":"коро",
"kg":"конгоански",
"kha":"кхаси",
"khi":"езици коисан",
"kho":"котски",
"ki":"кикуйу",
"kj":"кваняма",
"kk":"казахски",
"kl":"гренландски ескимоски",
"km":"кхмерски",
"kmb":"кимбунду",
"kn":"каннада",
"ko":"корейски",
"kok":"конкани",
"kos":"косраен",
"kpe":"кпеле",
"kr":"канури",
"krc":"карачай-балкарски",
"krl":"карелски",
"kro":"кру",
"kru":"курук",
"ks":"кашмирски",
"ku":"кюрдски",
"kum":"кумикски",
"kut":"кутенай",
"kv":"Коми",
"kw":"корнуолски келтски",
"ky":"киргизски",
"la":"латински",
"lad":"ладино",
"lah":"лахнда",
"lam":"ламба",
"lb":"люксембургски",
"lez":"лезгински",
"lg":"ганда",
"li":"лимбургски",
"ln":"лингала",
"lo":"лаоски",
"lol":"монго",
"loz":"лози",
"lt":"литовски",
"lu":"луба катанга",
"lua":"луба-лулуа",
"lui":"луисеньо",
"lun":"лунда",
"luo":"луо",
"lus":"лушаи",
"lv":"латвийски",
"mad":"мадурски",
"mag":"магахи",
"mai":"майтхили",
"mak":"макасар",
"man":"мандинго",
"map":"австронезийски",
"mas":"масайски",
"mdf":"мокша",
"mdr":"мандар",
"men":"менде",
"mg":"малгашки",
"mga":"средновековен ирландски",
"mh":"маршалезе",
"mi":"маорски",
"mic":"микмак",
"min":"минангбау",
"mis":"други езици",
"mk":"македонски",
"mkh":"мон-кхмерски език",
"ml":"малаялам",
"mn":"монголски",
"mnc":"манчжурски",
"mni":"манипури",
"mno":"манобо",
"mo":"молдовски",
"moh":"мохавк",
"mos":"моси",
"mr":"маратхи",
"ms":"малайски",
"mt":"малтийски",
"mul":"многоезични",
"mun":"мунда",
"mus":"крик",
"mwl":"мирандийски",
"mwr":"марвари",
"my":"бирмански",
"myn":"майя език",
"myv":"ерзиа",
"na":"науру",
"nah":"нахуатл",
"nai":"северноамерикански индиански",
"nap":"неаполитански",
"nb":"норвежки бокмал",
"nd":"северен ндебеле",
"nds":"долносаксонски",
"ne":"непалски",
"new":"неварски",
"ng":"ндонга",
"nia":"ниас",
"nic":"нигер-кордофански",
"niu":"ниуеан",
"nl":"холандски",
"nl_BE":"фламандски",
"nn":"съвременен норвежки",
"no":"норвежки",
"nog":"ногаи",
"non":"старонорвежски",
"nqo":"н’ко",
"nr":"южен ндебеле",
"nso":"северен сото",
"nub":"нубийски езици",
"nv":"навахо",
"nwc":"класически невари",
"ny":"чинянджа",
"nym":"ниамвези",
"nyn":"нианколе",
"nyo":"нуоро",
"nzi":"нзима",
"oc":"окситански",
"oj":"оджибва",
"om":"оромо",
"or":"ория",
"os":"осетски",
"osa":"оседжи",
"ota":"отомански турски",
"oto":"старотурски езици",
"pa":"пенджабски",
"paa":"папуаски",
"pag":"пангасинан",
"pal":"пехлевийски",
"pam":"пампанга",
"pap":"папиаменту",
"pau":"палауан",
"peo":"староперсийски",
"phi":"филипински (други)",
"phn":"финикийски",
"pi":"пали",
"pl":"полски",
"pon":"похнпеиан",
"pra":"пракритски език",
"pro":"провансалски",
"ps":"пущу",
"pt":"португалски",
"pt_BR":"бразилски португалски",
"pt_PT":"европейски португалски",
"qu":"кечуа",
"raj":"раджастански",
"rap":"рапа нуи",
"rar":"рапотонган",
"rm":"реторомански",
"rn":"рунди",
"ro":"румънски",
"roa":"романски",
"rom":"цигански език",
"root":"роот",
"ru":"руски",
"rup":"арумънски",
"rw":"киняруанда",
"sa":"санкскритски",
"sad":"сандве",
"sah":"якутски",
"sai":"южноамерикански индиански",
"sal":"салишански език",
"sam":"самаритански арамейски",
"sas":"сасак",
"sat":"сантали",
"sc":"сардински",
"scn":"сицилиански",
"sco":"шотландски",
"sd":"синдхи",
"se":"северен сами",
"sel":"селкуп",
"sem":"семитски",
"sg":"санго",
"sga":"староирландски",
"sgn":"жестомимичен език",
"sh":"сърбохърватски",
"shn":"шан",
"si":"синхалски",
"sid":"сидамо",
"sio":"език сиу",
"sit":"синотибетски",
"sk":"словашки",
"sl":"словенски",
"sla":"славянски",
"sm":"самоански",
"sma":"южносаамски",
"smi":"саамски езици",
"smj":"луле-саамски",
"smn":"инари-саамски",
"sms":"сколт-саамски",
"sn":"шона",
"snk":"сонинке",
"so":"сомалийски",
"sog":"согдийски",
"son":"сонгхай",
"sq":"албански",
"sr":"сръбски",
"srn":"сранан тонго",
"srr":"серер",
"ss":"суази",
"ssa":"нило-сахарски език",
"st":"сесуто",
"su":"сундански",
"suk":"сукума",
"sus":"сусу",
"sux":"шумерски",
"sv":"шведски",
"sw":"суахили",
"swb":"коморски",
"syc":"класически сирийски",
"syr":"сирийски",
"ta":"тамилски",
"tai":"тайландски",
"te":"телугу",
"tem":"темне",
"ter":"терено",
"tet":"тетум",
"tg":"таджикски",
"th":"таи",
"ti":"тигриня",
"tig":"тигре",
"tiv":"тив",
"tk":"туркменски",
"tkl":"токелайски",
"tl":"тагалог",
"tlh":"клингон",
"tli":"тлингит",
"tmh":"тамашек",
"tn":"тсвана",
"to":"тонга",
"tog":"нианса тонга",
"tpi":"ток писин",
"tr":"турски",
"ts":"тсонга",
"tsi":"цимшиански",
"tt":"татарски",
"tum":"тумбука",
"tup":"тупи",
"tut":"алтайски",
"tvl":"тувалуански",
"tw":"туи",
"ty":"таитянски",
"tyv":"тувински",
"udm":"удмуртски",
"ug":"уйгурски",
"uga":"угаритски",
"uk":"украински",
"umb":"умбунду",
"und":"неопределен",
"ur":"урду",
"uz":"узбекски",
"vai":"ваи",
"ve":"венда",
"vi":"виетнамски",
"vo":"волапюк",
"vot":"вотик",
"wa":"валонски",
"wak":"вакашански език",
"wal":"валамо",
"war":"варай",
"was":"уашо",
"wen":"лужишки език",
"wo":"волоф",
"xal":"калмик",
"xh":"ксоса",
"yao":"яо",
"yap":"япезе",
"yi":"идиш",
"yo":"йоруба",
"ypk":"юпик",
"yue":"кантонски",
"za":"зуанг",
"zap":"запотек",
"zbl":"блис символи",
"zen":"зенага",
"zh":"китайски",
"zh_Hans":"опростен китайски",
"zh_Hant":"традиционен китайски",
"znd":"занде",
"zu":"зулуски",
"zun":"зуни",
"zxx":"без лингвистично съдържание",
"zza":"заза"
},
"scripts":{
"Arab":"Арабска",
"Armi":"Арамейска",
"Armn":"Арменска",
"Avst":"Авестанска",
"Bali":"Балийски",
"Batk":"Батакска",
"Beng":"Бенгалска",
"Blis":"Блис символи",
"Bopo":"Бопомофо",
"Brah":"Брахми",
"Brai":"Брайлова",
"Bugi":"Бугинска",
"Buhd":"Бухид",
"Cakm":"Чакма",
"Cans":"Унифицирани символи на канадски аборигени",
"Cari":"Карийска",
"Cham":"Хамитска",
"Cher":"Чероки",
"Cirt":"Кирт",
"Copt":"Коптска",
"Cprt":"Кипърска",
"Cyrl":"Кирилица",
"Cyrs":"Стар църковно-славянски вариант Кирилица",
"Deva":"Деванагари",
"Dsrt":"Дезерет",
"Egyd":"Египетско демотично писмо",
"Egyh":"Египетско йератично писмо",
"Egyp":"Египетски йероглифи",
"Ethi":"Етиопска",
"Geok":"Грузинска хуцури",
"Geor":"Грузинска",
"Glag":"Глаголическа",
"Goth":"Готическа",
"Grek":"Гръцка",
"Gujr":"Гуджарати",
"Guru":"Гурмукхи",
"Hang":"Хангул",
"Hani":"Китайска",
"Hano":"Хануну",
"Hans":"Опростен китайски",
"Hant":"Традиционен китайски",
"Hebr":"Иврит",
"Hira":"Японски хирагана",
"Hmng":"Пахау хмонг",
"Hrkt":"Катакана или Хирагана",
"Hung":"Староунгарска",
"Inds":"Харапска",
"Ital":"Древно италийска",
"Java":"Яванска",
"Jpan":"Японска",
"Kali":"Кая Ли",
"Kana":"Японски катакана",
"Khar":"Кхароштхи",
"Khmr":"Кхмерска",
"Knda":"Каннада",
"Kore":"Корейска",
"Kthi":"Кайтхи",
"Lana":"Ланна",
"Laoo":"Лаоска",
"Latf":"Латинска фрактура",
"Latg":"Галска латинска",
"Latn":"Латинска",
"Lepc":"Лепча",
"Limb":"Лимбу",
"Lina":"Линейна А",
"Linb":"Линейна Б",
"Lyci":"Лицийска",
"Lydi":"Лидийска",
"Mand":"Мандаринска",
"Mani":"Манихейска",
"Maya":"Йероглифи на Маите",
"Mero":"Мероитска",
"Mlym":"Малаялам",
"Mong":"Монголска",
"Moon":"Мун",
"Mtei":"Манипури",
"Mymr":"Бирманска",
"Nkoo":"Н'Ко",
"Ogam":"Огамическа",
"Olck":"Ол Чики",
"Orkh":"Орхоно-енисейска",
"Orya":"Ория",
"Osma":"Османска",
"Perm":"Древно пермска",
"Phag":"Фагс-па",
"Phlv":"Пахлавска",
"Phnx":"Финикийска",
"Plrd":"Писменост Полард",
"Roro":"Ронго-ронго",
"Runr":"Руническа",
"Samr":"Самаританска",
"Sara":"Сарати",
"Saur":"Саураштра",
"Sinh":"Синхалска",
"Sund":"Сунданска",
"Sylo":"Силоти Нагри",
"Syrc":"Сирийска",
"Syre":"Сирийска естрангело",
"Syrj":"Западна сирийска",
"Syrn":"Източна сирийска",
"Tagb":"Тагбанва",
"Tale":"Тай Ле",
"Talu":"Нова Тай Ле",
"Taml":"Тамилска",
"Telu":"Телугу",
"Tglg":"Тагалог",
"Thaa":"Таана",
"Thai":"Таи",
"Tibt":"Тибетска",
"Ugar":"Угаритска",
"Vaii":"Вайска",
"Visp":"Видима реч",
"Xpeo":"Староперсийска",
"Xsux":"Шумеро-акадски клинопис",
"Yiii":"Йи",
"Zmth":"Математически символи",
"Zsym":"Символи",
"Zxxx":"Без писменост",
"Zyyy":"Обща",
"Zzzz":"Непозната или недействителна писменост"
},
"territories":{
"001":"Земята",
"002":"Африка",
"003":"Северноамерикански континент",
"005":"Южна Америка",
"009":"Океания",
"011":"Западна Афирка",
"013":"Централна Америка",
"014":"Източна Африка",
"015":"Северна Африка",
"017":"Централна Африка",
"018":"Южноафрикански регион",
"019":"Америка",
"021":"Северна Америка",
"029":"Карибски о-ви",
"030":"Източна Азия",
"034":"Южна Азия",
"035":"Югоизточна Азия",
"039":"Южна Европа",
"053":"Австралия и Нова Зеландия",
"054":"Меланезия",
"057":"Микронезия",
"061":"Полинезия",
"062":"Южна Азия [062]",
"142":"Азия",
"143":"Централна Азия",
"145":"Западна Азия",
"150":"Европа",
"151":"Източна Европа",
"154":"Северна Европа",
"155":"Западна Европа",
"172":"Общност на независимите държави",
"419":"Латинска Америка",
"830":"Нормандски о-ви",
"AC":"Остров Възнесение",
"AD":"Андора",
"AE":"Обединени арабски емирства",
"AF":"Афганистан",
"AG":"Антигуа и Барбуда",
"AI":"Ангуила",
"AL":"Албания",
"AM":"Армения",
"AN":"Холандски Антили",
"AO":"Ангола",
"AQ":"Антарктика",
"AR":"Аржентина",
"AS":"Американско Самоа",
"AT":"Австрия",
"AU":"Австралия",
"AW":"Аруба",
"AX":"Аландски о-ви",
"AZ":"Азербайджан",
"BA":"Босна и Херцеговина",
"BB":"Барбадос",
"BD":"Бангладеш",
"BE":"Белгия",
"BF":"Буркина Фасо",
"BG":"България",
"BH":"Бахрейн",
"BI":"Бурунди",
"BJ":"Бенин",
"BL":"Сейнт Бартоломей",
"BM":"Бермуда",
"BN":"Бруней Дарусалам",
"BO":"Боливия",
"BR":"Бразилия",
"BS":"Бахами",
"BT":"Бутан",
"BV":"Остров Буве",
"BW":"Ботсуана",
"BY":"Беларус",
"BZ":"Белиз",
"CA":"Канада",
"CC":"Кокосови [Кийлинг] острови",
"CD":"Демократична република Конго",
"CF":"Централноафриканска Република",
"CG":"Конго",
"CH":"Швейцария",
"CI":"Бряг на слоновата кост",
"CK":"Острови Кук",
"CL":"Чили",
"CM":"Камерун",
"CN":"Китай",
"CO":"Колумбия",
"CP":"Остров Клипертон",
"CR":"Коста Рика",
"CS":"Сърбия и Черна гора",
"CU":"Куба",
"CV":"Кабо Верде",
"CX":"Остров Кристмас",
"CY":"Кипър",
"CZ":"Чешка република",
"DE":"Германия",
"DG":"Диего Гарсия",
"DJ":"Джибути",
"DK":"Дания",
"DM":"Доминика",
"DO":"Доминиканска република",
"DZ":"Алжир",
"EA":"Сеута и Мелия",
"EC":"Еквадор",
"EE":"Естония",
"EG":"Египет",
"EH":"Западна Сахара",
"ER":"Еритрея",
"ES":"Испания",
"ET":"Етиопия",
"EU":"Европейски съюз",
"FI":"Финландия",
"FJ":"Фиджи",
"FK":"Фолклендски острови",
"FM":"Микронезия, Обединени Щати",
"FO":"Фарьорски острови",
"FR":"Франция",
"FX":"Континентална Франция",
"GA":"Габон",
"GB":"Обединено кралство",
"GD":"Гренада",
"GE":"Грузия",
"GF":"Френска Гвиана",
"GG":"о. Гърнзи",
"GH":"Гана",
"GI":"Гибралтар",
"GL":"Гренландия",
"GM":"Гамбия",
"GN":"Гвинея",
"GP":"Гваделупа",
"GQ":"Екваториална Гвинея",
"GR":"Гърция",
"GS":"Южна Джорджия и Южни Сандвичеви Острови",
"GT":"Гватемала",
"GU":"Гуам",
"GW":"Гвинея-Бисау",
"GY":"Гвиана",
"HK":"Хонг-Конг О.А.Р. на Китай",
"HM":"Остров Хърд и Острови Макдоналд",
"HN":"Хондурас",
"HR":"Хърватска",
"HT":"Хаити",
"HU":"Унгария",
"IC":"Канарски острови",
"ID":"Индонезия",
"IE":"Ирландия",
"IL":"Израел",
"IM":"Острови Ман",
"IN":"Индия",
"IO":"Британски територии в Индийския океан",
"IQ":"Ирак",
"IR":"Иран, Ислямска република",
"IS":"Исландия",
"IT":"Италия",
"JE":"о. Джързи",
"JM":"Ямайка",
"JO":"Йордания",
"JP":"Япония",
"KE":"Кения",
"KG":"Киргизстан",
"KH":"Камбоджа",
"KI":"Кирибати",
"KM":"Комори",
"KN":"Сейнт Китс и Невис",
"KP":"Северна Корея",
"KR":"Корея, Южна",
"KW":"Кувейт",
"KY":"Кайманови острови",
"KZ":"Казахстан",
"LA":"Народна демократична република Лаос",
"LB":"Ливан",
"LC":"Сейнт Лусия",
"LI":"Лихтенщайн",
"LK":"Шри Ланка",
"LR":"Либерия",
"LS":"Лесото",
"LT":"Литва",
"LU":"Люксембург",
"LV":"Латвия",
"LY":"Либийска арабска джамахирия",
"MA":"Мароко",
"MC":"Монако",
"MD":"Молдова, Република",
"ME":"Черна гора",
"MF":"Сейнт Мартин",
"MG":"Мадагаскар",
"MH":"Маршалови острови",
"MK":"Македония",
"ML":"Мали",
"MM":"Мианмар [Бирма]",
"MN":"Монголия",
"MO":"Макао О.А.Р. на Китай",
"MP":"Северни Мариански Острови",
"MQ":"Мартиника",
"MR":"Мавритания",
"MS":"Монсерат",
"MT":"Малта",
"MU":"Мавриций",
"MV":"Малдиви",
"MW":"Малави",
"MX":"Мексико",
"MY":"Малайзия",
"MZ":"Мозамбик",
"NA":"Намибия",
"NC":"Нова Каледония",
"NE":"Нигер",
"NF":"Остров Норфолк",
"NG":"Нигерия",
"NI":"Никарагуа",
"NL":"Холандия",
"NO":"Норвегия",
"NP":"Непал",
"NR":"Науру",
"NU":"Ниуе",
"NZ":"Нова Зеландия",
"OM":"Оман",
"PA":"Панама",
"PE":"Перу",
"PF":"Френска Полинезия",
"PG":"Папуа Нова Гвинея",
"PH":"Филипини",
"PK":"Пакистан",
"PL":"Полша",
"PM":"Сен Пиер и Мигелон",
"PN":"Питкайрн",
"PR":"Пуерто Рико",
"PS":"Палестински територии",
"PT":"Португалия",
"PW":"Палау",
"PY":"Парагвай",
"QA":"Катар",
"QO":"Океания [QO]",
"RE":"Реюниън",
"RO":"Румъния",
"RS":"Сърбия",
"RU":"Руска федерация",
"RW":"Руанда",
"SA":"Саудитска Арабия",
"SB":"Соломонови острови",
"SC":"Сейшели",
"SD":"Судан",
"SE":"Швеция",
"SG":"Сингапур",
"SH":"Света Елена",
"SI":"Словения",
"SJ":"Свалбард и Ян Майен",
"SK":"Словакия",
"SL":"Сиера Леоне",
"SM":"Сан Марино",
"SN":"Сенегал",
"SO":"Сомалия",
"SR":"Суринам",
"ST":"Сао Томе и Принципе",
"SV":"Ел Салвадор",
"SY":"Сирийска арабска република",
"SZ":"Суазиленд",
"TA":"Тристан да Куня",
"TC":"Острови Туркс и Кайкос",
"TD":"Чад",
"TF":"Френски южни територии",
"TG":"Того",
"TH":"Тайланд",
"TJ":"Таджикистан",
"TK":"Токелау",
"TL":"Източен Тимор",
"TM":"Туркменистан",
"TN":"Тунис",
"TO":"Тонга",
"TR":"Турция",
"TT":"Тринидад и Тобаго",
"TV":"Тувалу",
"TW":"Тайван",
"TZ":"Танзания",
"UA":"Украйна",
"UG":"Уганда",
"UM":"САЩ - външни острови",
"US":"САЩ",
"UY":"Уругвай",
"UZ":"Узбекистан",
"VA":"Свещено море [Ватиканска държава]",
"VC":"Сейнт Винсънт и Гренадини",
"VE":"Венецуела",
"VG":"Британски Вирджински острони",
"VI":"САЩ, Вирджински острови",
"VN":"Виетнам",
"VU":"Вануату",
"WF":"Уолис и Футуна",
"WS":"Самоа",
"YE":"Йемен",
"YT":"Мейот",
"ZA":"Южна Африка",
"ZM":"Замбия",
"ZW":"Зимбабве",
"ZZ":"Непозната или несъществуваща област"
},
"orientation":"left-to-right",
"dateFormat-full":"dd MMMM y, EEEE",
"dateFormat-long":"dd MMMM y",
"dateFormat-medium":"dd.MM.yyyy",
"dateFormat-short":"dd.MM.yy",
"timeFormat-full":"HH:mm:ss zzzz",
"timeFormat-long":"HH:mm:ss z",
"timeFormat-medium":"HH:mm:ss",
"timeFormat-short":"HH:mm",
"dateTimeFormat-full":"{1}, {0}",
"dateTimeFormat-long":"{1}, {0}",
"dateTimeFormat-medium":"{1}, {0}",
"dateTimeFormat-short":"{1}, {0}",
"months-defaultContext":"format",
"months-defaultWidth":"wide",
"months-format-abbreviated":[
"ян.",
"февр.",
"март",
"апр.",
"май",
"юни",
"юли",
"авг.",
"септ.",
"окт.",
"ноем.",
"дек."],
"months-format-narrow":[
"я",
"ф",
"м",
"а",
"м",
"ю",
"ю",
"а",
"с",
"о",
"н",
"д"],
"months-format-wide":[
"януари",
"февруари",
"март",
"април",
"май",
"юни",
"юли",
"август",
"септември",
"октомври",
"ноември",
"декември"],
"months-standAlone-abbreviated":[
"ян.",
"февр.",
"март",
"апр.",
"май",
"юни",
"юли",
"авг.",
"септ.",
"окт.",
"ноем.",
"дек."],
"months-standAlone-narrow":[
"я",
"ф",
"м",
"а",
"м",
"ю",
"ю",
"а",
"с",
"о",
"н",
"д"],
"months-standAlone-wide":[
"януари",
"февруари",
"март",
"април",
"май",
"юни",
"юли",
"август",
"септември",
"октомври",
"ноември",
"декември"],
"days-defaultContext":"format",
"days-defaultWidth":"wide",
"days-format-abbreviated":[
"нд",
"пн",
"вт",
"ср",
"чт",
"пт",
"сб"],
"days-format-narrow":[
"н",
"п",
"в",
"с",
"ч",
"п",
"с"],
"days-format-wide":[
"неделя",
"понеделник",
"вторник",
"сряда",
"четвъртък",
"петък",
"събота"],
"days-standAlone-abbreviated":[
"нд",
"пн",
"вт",
"ср",
"чт",
"пт",
"сб"],
"days-standAlone-narrow":[
"н",
"п",
"в",
"с",
"ч",
"п",
"с"],
"days-standAlone-wide":[
"неделя",
"понеделник",
"вторник",
"сряда",
"четвъртък",
"петък",
"събота"],
"quarters-format-abbreviated":[
"I трим.",
"II трим.",
"III трим.",
"IV трим."],
"quarters-format-narrow":[
"1",
"2",
"3",
"4"],
"quarters-format-wide":[
"1-во тримесечие",
"2-ро тримесечие",
"3-то тримесечие",
"4-то тримесечие"],
"quarters-standAlone-abbreviated":[
"1 трим.",
"2 трим.",
"3 трим.",
"4 трим."],
"quarters-standAlone-narrow":[
"1",
"2",
"3",
"4"],
"quarters-standAlone-wide":[
"1-во тримесечие",
"2-ро тримесечие",
"3-то тримесечие",
"4-то тримесечие"],
"dayPeriods-format-abbreviated":[
"пр. об.",
"сл. об."],
"dayPeriods-format-narrow":[
"пр. об.",
"сл. об."],
"dayPeriods-format-wide":[
"пр. об.",
"сл. об."],
"dayPeriods-standAlone-abbreviated":[
"пр. об.",
"сл. об."],
"dayPeriods-standAlone-narrow":[
"пр. об.",
"сл. об."],
"dayPeriods-standAlone-wide":[
"пр. об.",
"сл. об."],
"decimalFormat":{
"standard":"#,##0.###"},
"decimalFormat-short":{
"1000":"0.0 хил'.'",
"10000":"00 хил'.'",
"100000":"000 хил'.'",
"1000000":"0.0 млн'.'",
"10000000":"00 млн'.'",
"100000000":"000 млн'.'",
"1000000000":"0.0 хил'.'",
"10000000000":"00 млрд'.'",
"100000000000":"000 млрд'.'",
"1000000000000":"0.0 трлн'.'",
"10000000000000":"00 трлн'.'",
"100000000000000":"000 трлн'.'"},
"scientificFormat":{
"standard":"#E0"},
"percentFormat":{
"standard":"#,##0%"},
"currencyFormat":{
"standard":"#,##0.00 ¤"},
"symbols-latn-decimal":",",
"symbols-latn-group":" ",
"symbols-latn-list":";",
"symbols-latn-percentSign":"%",
"symbols-latn-plusSign":"+",
"symbols-latn-minusSign":"-",
"symbols-latn-exponential":"E",
"symbols-latn-perMille":"‰",
"symbols-latn-infinity":"∞",
"symbols-latn-nan":"NaN",
"weekData-minDays":4,
"weekData-firstDay":1,
"weekData-weekendStart":6,
"weekData-weekendEnd":0
}