{
"languages":{
"aa":"afar",
"ab":"abkhasisk",
"ace":"achinesisk",
"ach":"acoli",
"ada":"adangme",
"ady":"adyghe",
"ae":"avestan",
"af":"afrikaans",
"afa":"afro-asiatisk sprog",
"afh":"afrihili",
"ain":"ainu",
"ak":"akan",
"akk":"akkadisk",
"ale":"aleutisk",
"alg":"algonkisk sprog",
"alt":"sydaltaisk",
"am":"amharisk",
"an":"aragonesisk",
"ang":"oldengelsk",
"anp":"angika",
"apa":"apachesprog",
"ar":"arabisk",
"arc":"aramæisk",
"arn":"araukansk",
"arp":"arapaho",
"art":"kunstsprog",
"arw":"arawak",
"as":"assamesisk",
"asa":"asu",
"ast":"asturisk",
"ath":"athapaskisk sprog",
"aus":"australsk sprog",
"av":"avarisk",
"awa":"awadhi",
"ay":"aymara",
"az":"aserbajdsjansk",
"ba":"bashkir",
"bad":"banda",
"bai":"bamilekisk sprog",
"bal":"baluchi",
"ban":"balinesisk",
"bas":"basa",
"bat":"baltisk sprog",
"be":"hviderussisk",
"bej":"beja",
"bem":"bemba",
"ber":"berberisk",
"bez":"bena",
"bg":"bulgarsk",
"bh":"bihari",
"bho":"bhojpuri",
"bi":"bislama",
"bik":"bikol",
"bin":"bini",
"bla":"siksika",
"bm":"bambara",
"bn":"bengalsk",
"bnt":"bantu",
"bo":"tibetansk",
"br":"bretonsk",
"bra":"braj",
"bs":"bosnisk",
"btk":"batak",
"bua":"buriatisk",
"bug":"buginesisk",
"byn":"blin",
"ca":"catalansk",
"cad":"caddo",
"cai":"mellemamerikansk indiansk sprog",
"car":"caribisk",
"cau":"kaukasisk sprog",
"cch":"atsam",
"ce":"tjetjensk",
"ceb":"cebuano",
"cel":"keltisk sprog",
"ch":"chamorro",
"chb":"chibcha",
"chg":"chagatai",
"chk":"chuukese",
"chm":"mari",
"chn":"chinook",
"cho":"choctaw",
"chp":"chipewyan",
"chr":"cherokee",
"chy":"cheyenne",
"cmc":"chamiske sprog",
"co":"korsikansk",
"cop":"koptisk",
"cpe":"engelsk baseret kreolsk eller pidgin",
"cpf":"fransk baseret kreolsk eller pidginsprog",
"cpp":"portugisisk baseret kreolsk eller pidginsprog",
"cr":"cree",
"crh":"krim tyrkisk",
"crp":"kreolsk eller pidginsprog",
"cs":"tjekkisk",
"csb":"kasjubisk",
"cu":"kirkeslavisk",
"cus":"kusjitisk sprog",
"cv":"chuvash",
"cy":"walisisk",
"da":"dansk",
"dak":"dakota",
"dar":"dargwa",
"day":"dayak",
"de":"tysk",
"de_AT":"østrigsk tysk",
"de_CH":"schweizerhøjtysk",
"del":"delaware",
"den":"athapaskisk",
"dgr":"dogrib",
"din":"dinka",
"doi":"dogri",
"dra":"dravidisk sprog",
"dsb":"nedersorbisk",
"dua":"duala",
"dum":"middelhollandsk",
"dv":"divehi",
"dyu":"dyula",
"dz":"dzongkha",
"ebu":"kiembu",
"ee":"ewe",
"efi":"efik",
"egy":"oldegyptisk",
"eka":"ekajuk",
"el":"græsk",
"elx":"elamitisk",
"en":"engelsk",
"en_AU":"australsk engelsk",
"en_CA":"canadisk engelsk",
"en_GB":"britisk engelsk",
"en_US":"amerikansk engelsk",
"enm":"middelengelsk",
"eo":"esperanto",
"es":"spansk",
"es_419":"latinamerikansk spansk",
"es_ES":"castiliansk spansk",
"et":"estisk",
"eu":"baskisk",
"ewo":"ewondo",
"fa":"persisk",
"fan":"fang",
"fat":"fanti",
"ff":"fulah",
"fi":"finsk",
"fil":"filippinsk",
"fiu":"finsk-ugrisk sprog",
"fj":"fijiansk",
"fo":"færøsk",
"fon":"fon",
"fr":"fransk",
"fr_CA":"canadisk fransk",
"fr_CH":"schweizisk fransk",
"frm":"middelfransk",
"fro":"oldfransk",
"frr":"nordfrisisk",
"frs":"østfrisisk",
"fur":"friulian",
"fy":"frisisk",
"ga":"irsk",
"gaa":"ga",
"gay":"gayo",
"gba":"gbaya",
"gd":"skotsk gælisk",
"gem":"germansk sprog",
"gez":"geez",
"gil":"gilbertesisk",
"gl":"galicisk",
"gmh":"middelhøjtysk",
"gn":"guarani",
"goh":"oldhøjtysk",
"gon":"gondi",
"gor":"gorontalo",
"got":"gotisk",
"grb":"grebo",
"grc":"oldgræsk",
"gsw":"schweizertysk",
"gu":"gujarati",
"gv":"manx",
"gwi":"gwichin",
"ha":"hausa",
"hai":"haida",
"haw":"hawaiiansk",
"he":"hebraisk",
"hi":"hindi",
"hil":"hiligaynon",
"him":"himachali",
"hit":"hittitisk",
"hmn":"hmong",
"ho":"hirimotu",
"hr":"kroatisk",
"hsb":"øvresorbisk",
"ht":"haitisk",
"hu":"ungarsk",
"hup":"hupa",
"hy":"armensk",
"hz":"herero",
"ia":"interlingua",
"iba":"iban",
"id":"indonesisk",
"ie":"interlingue",
"ig":"igbo",
"ii":"sichuan yi",
"ijo":"ijo",
"ik":"inupiaq",
"ilo":"iloko",
"inc":"indisk sprog",
"ine":"indo-europæisk sprog",
"inh":"ingush",
"io":"ido",
"ira":"iransk sprog",
"iro":"irokesisk sprog",
"is":"islandsk",
"it":"italiensk",
"iu":"inuktitut",
"ja":"japansk",
"jbo":"lojban",
"jpr":"jødisk-persisk",
"jrb":"jødisk-arabisk",
"jv":"javanesisk",
"ka":"georgisk",
"kaa":"karakalpakisk",
"kab":"kabyle",
"kac":"kachin",
"kaj":"jju",
"kam":"kamba",
"kar":"karen",
"kaw":"kawi",
"kbd":"kabardian",
"kcg":"tyap",
"kea":"kapverdisk",
"kfo":"koro",
"kg":"kongo",
"kha":"khasi",
"khi":"khoisansprog",
"kho":"khotanesisk",
"ki":"kikuyu",
"kj":"kuanyama",
"kk":"kasakhisk",
"kl":"grønlandsk",
"km":"khmer",
"kmb":"kimbundu",
"kn":"kannaresisk",
"ko":"koreansk",
"kok":"konkani",
"kos":"kosraean",
"kpe":"kpelle",
"kr":"kanuri",
"krc":"karatjai-balkar",
"krl":"karelsk",
"kro":"kru",
"kru":"kurukh",
"ks":"kashmiri",
"ku":"kurdisk",
"kum":"kymyk",
"kut":"kutenaj",
"kv":"komi",
"kw":"cornisk",
"ky":"kirgisisk",
"la":"latin",
"lad":"ladino",
"lah":"lahnda",
"lam":"lamba",
"lb":"luxembourgsk",
"lez":"lezghian",
"lg":"ganda",
"li":"limburgsk",
"ln":"lingala",
"lo":"laotisk",
"lol":"mongo",
"loz":"lozi",
"lt":"litauisk",
"lu":"luba-Katanga",
"lua":"luba-Lulua",
"lui":"luiseno",
"lun":"lunda",
"luo":"luo",
"lus":"lushai",
"luy":"olulujia",
"lv":"lettisk",
"mad":"madurese",
"mag":"magahi",
"mai":"maithili",
"mak":"makasar",
"man":"mandingo",
"map":"austronesisk sprog",
"mas":"masai",
"mdf":"moksha",
"mdr":"mandar",
"men":"mende",
"mg":"malagasy",
"mga":"middelirsk",
"mh":"marshallese",
"mi":"maori",
"mic":"micmac",
"min":"minangkabau",
"mis":"diverse sprog",
"mk":"makedonsk",
"mkh":"mon-khmer sprog",
"ml":"malayalam",
"mn":"mongolsk",
"mnc":"manchu",
"mni":"manipuri",
"mno":"manobo sprog",
"mo":"moldovisk",
"moh":"mohawk",
"mos":"mossi",
"mr":"marathisk",
"ms":"malay",
"mt":"maltesisk",
"mul":"flere sprog",
"mun":"mundasprog",
"mus":"creek",
"mwl":"mirandesisk",
"mwr":"marwari",
"my":"burmesisk",
"myn":"mayasprog",
"myv":"erzya",
"na":"nauru",
"nah":"nahuatl",
"nai":"nordamerikansk indiansk sprog",
"nap":"neapolitansk",
"nb":"norsk bokmål",
"nd":"nordndebele",
"nds":"nedertysk",
"ne":"nepalesisk",
"new":"newari",
"ng":"ndonga",
"nia":"nias",
"nic":"Niger-Congo sprog",
"niu":"niuean",
"nl":"hollandsk",
"nl_BE":"flamsk",
"nn":"nynorsk",
"no":"norsk",
"nog":"nogai",
"non":"oldislandsk",
"nqo":"n-ko",
"nr":"sydndebele",
"nso":"nordsotho",
"nub":"nubisk sprog",
"nv":"navajo",
"nwc":"klassisk newarisk",
"ny":"nyanja",
"nym":"nyamwezi",
"nyn":"nyankole",
"nyo":"nyoro sprog",
"nzi":"nzima",
"oc":"occitansk",
"oj":"ojibwa",
"om":"oromo",
"or":"oriya",
"os":"ossetisk",
"osa":"osage",
"ota":"osmannisk-tyrkisk",
"oto":"otomi sprog",
"pa":"punjabi",
"paa":"papua-australsk sprog",
"pag":"pangasinan",
"pal":"pahlavi",
"pam":"pampanga",
"pap":"papiamento",
"pau":"palauansk",
"peo":"oldpersisk",
"phi":"filippinsk sprog",
"phn":"fønikisk",
"pi":"pali",
"pl":"polsk",
"pon":"ponape",
"pra":"prakritsprog",
"pro":"oldprovencalsk",
"ps":"pashto",
"pt":"portugisisk",
"pt_BR":"brasiliansk portugisisk",
"pt_PT":"iberisk portugisisk",
"qu":"quechua",
"raj":"rajasthani",
"rap":"rapanui",
"rar":"rarotongan",
"rm":"rætoromansk",
"rn":"rundi",
"ro":"rumænsk",
"roa":"romansk sprog",
"rom":"romani",
"root":"rot",
"ru":"russisk",
"rup":"arumænsk",
"rw":"kinyarwanda",
"sa":"sanskrit",
"sad":"sandawe",
"sah":"yakut",
"sai":"sydamerikansk indiansk sprog",
"sal":"salikisk sprog",
"sam":"samaritansk",
"sas":"sasak",
"sat":"santali",
"sc":"sardinsk",
"scn":"siciliansk",
"sco":"skotsk",
"sd":"sindhi",
"se":"nordsamisk",
"sel":"selkupisk",
"sem":"semitisk sprog",
"sg":"sango",
"sga":"oldirsk",
"sgn":"tegnsprog",
"sh":"serbokroatisk",
"shn":"shan",
"si":"singalesisk",
"sid":"sidamo",
"sio":"sioux sprog",
"sit":"sino-tibetansk sprog",
"sk":"slovakisk",
"sl":"slovensk",
"sla":"slavisk sprog",
"sm":"samoansk",
"sma":"sydsamisk",
"smi":"samisk sprog",
"smj":"lule sami",
"smn":"inari sami",
"sms":"skolt sami",
"sn":"shona",
"snk":"soninke",
"so":"somalisk",
"sog":"sogdiansk",
"son":"songhai",
"sq":"albansk",
"sr":"serbisk",
"srn":"sranan tongo",
"srr":"serer",
"ss":"swati",
"ssa":"nilo-saharansk sprog",
"st":"sydsotho",
"su":"sundanesisk",
"suk":"sukuma",
"sus":"susu",
"sux":"sumerisk",
"sv":"svensk",
"sw":"swahili",
"swb":"shimaore",
"syc":"klassisk syrisk",
"syr":"syrisk",
"ta":"tamilsk",
"tai":"thaisprog",
"te":"telugu",
"tem":"temne",
"ter":"tereno",
"tet":"tetum",
"tg":"tajik",
"th":"thailandsk",
"ti":"tigrinya",
"tig":"tigre",
"tiv":"tivi",
"tk":"turkmensk",
"tkl":"tokelau",
"tl":"tagalog",
"tlh":"klingon",
"tli":"tlingit",
"tmh":"tamashek",
"tn":"tswana",
"to":"tongansk",
"tog":"nyasa tongansk",
"tpi":"tok pisin",
"tr":"tyrkisk",
"ts":"tsonga",
"tsi":"tsimshisk",
"tt":"tatarisk",
"tum":"tumbuka",
"tup":"tupisprog",
"tut":"altaisk sprog",
"tvl":"tuvalu",
"tw":"twi",
"ty":"tahitiansk",
"tyv":"tuvinian",
"udm":"udmurt",
"ug":"uigurisk",
"uga":"ugaristisk",
"uk":"ukrainsk",
"umb":"umbundu",
"und":"ukendt sprog",
"ur":"urdu",
"uz":"usbekisk",
"vai":"vai",
"ve":"venda",
"vi":"vietnamesisk",
"vo":"volapyk",
"vot":"votisk",
"wa":"vallonsk",
"wak":"wakashansk sprog",
"wal":"walamo",
"war":"waray",
"was":"washo",
"wen":"vendisk sprog",
"wo":"wolof",
"xal":"kalmyk",
"xh":"xhosa",
"yao":"yao",
"yi":"jiddisch",
"yo":"yoruba",
"ypk":"yupisk sprog",
"yue":"kantonesisk",
"za":"zhuang",
"zap":"zapotec",
"zbl":"blissymboler",
"zen":"zenaga",
"zh":"kinesisk",
"zh_Hans":"forenklet kinesisk",
"zh_Hant":"traditionelt kinesisk",
"znd":"zande",
"zu":"zulu",
"zun":"zuni",
"zxx":"intet sprogligt indhold",
"zza":"zaza"
},
"scripts":{
"Arab":"arabisk",
"Armi":"armi",
"Armn":"armensk",
"Avst":"avestansk",
"Bali":"balinesisk",
"Batk":"batak",
"Beng":"bengalesisk",
"Blis":"blissymboler",
"Bopo":"bopomofo",
"Brah":"bramisk",
"Brai":"blindskrift",
"Bugi":"buginesisk",
"Buhd":"buhid",
"Cakm":"cakm",
"Cans":"oprindelige canadiske symboler",
"Cari":"kariansk",
"Cham":"cham",
"Cher":"cherokee",
"Cirt":"cirt",
"Copt":"koptisk",
"Cprt":"cypriotisk",
"Cyrl":"kyrillisk",
"Cyrs":"kyrillisk - oldkirkeslavisk variant",
"Deva":"devanagari",
"Dsrt":"deseret",
"Egyd":"egyptisk demotisk",
"Egyh":"egyptisk hieratisk",
"Egyp":"egyptiske hieroglyffer",
"Ethi":"etiopisk",
"Geok":"georgisk kutsuri",
"Geor":"georgisk",
"Glag":"glagolitisk",
"Goth":"gotisk",
"Grek":"græsk",
"Gujr":"gujarati",
"Guru":"gurmukhi",
"Hang":"hangul",
"Hani":"han",
"Hano":"hanunoo",
"Hans":"forenklet",
"Hant":"traditionelt",
"Hebr":"hebraisk",
"Hira":"hiragana",
"Hmng":"pahawh hmong",
"Hrkt":"katakana eller hiragana",
"Hung":"oldungarsk",
"Inds":"indus",
"Ital":"Olditalisk",
"Java":"javanesisk",
"Jpan":"japansk",
"Kali":"kaya li",
"Kana":"katakana",
"Khar":"kharoshti",
"Khmr":"khmerisk",
"Knda":"kannada",
"Kore":"koreansk",
"Kthi":"kthi",
"Lana":"lanna",
"Laoo":"laotisk",
"Latf":"latinsk - frakturvariant",
"Latg":"latinsk - gælisk variant",
"Latn":"latinsk",
"Lepc":"lepcha",
"Limb":"limbu",
"Lina":"lineær A",
"Linb":"lineær B",
"Lyci":"lykisk",
"Lydi":"lydisk",
"Mand":"mandaisk",
"Mani":"manikæisk",
"Maya":"mayahieroglyffer",
"Mero":"meroitisk",
"Mlym":"malayalam",
"Mong":"mongolsk",
"Moon":"moon",
"Mtei":"meitei-mayek",
"Mymr":"myanmarsk",
"Nkoo":"n'ko",
"Ogam":"ogham",
"Olck":"ol-chiki",
"Orkh":"orkhon",
"Orya":"oriya",
"Osma":"osmannisk",
"Perm":"oldpermisk",
"Phag":"phags-pa",
"Phli":"phli",
"Phlp":"phlp",
"Phlv":"pahlavi",
"Phnx":"fønikisk",
"Plrd":"pollardtegn",
"Prti":"prti",
"Rjng":"rejang",
"Roro":"rongo-rongo",
"Runr":"runer",
"Samr":"samaritansk",
"Sara":"sarati",
"Saur":"saurashtra",
"Sgnw":"tegnskrift",
"Shaw":"shavisk",
"Sinh":"singalesisk",
"Sund":"sundanesisk",
"Sylo":"syloti nagri",
"Syrc":"syrisk",
"Syre":"syrisk - estrangelovariant",
"Syrj":"vestsyrisk",
"Syrn":"østsyriakisk",
"Tagb":"tagbanwa",
"Tale":"tai le",
"Talu":"tai lue",
"Taml":"tamilsk",
"Tavt":"tavt",
"Telu":"telugu",
"Teng":"tengwar",
"Tfng":"tifinagh",
"Tglg":"tagalog",
"Thaa":"thaana",
"Thai":"thailandsk",
"Tibt":"tibetanske",
"Ugar":"ugaritisk",
"Vaii":"vai",
"Visp":"synlig tale",
"Xpeo":"oldpersisk",
"Xsux":"sumero-akkadisk cuneiform",
"Yiii":"yi",
"Zinh":"arvet",
"Zmth":"zmth",
"Zsym":"zsym",
"Zxxx":"uden skriftsprog",
"Zyyy":"fælles",
"Zzzz":"ukendt skriftsprog"
},
"territories":{
"001":"Verden",
"002":"Afrika",
"003":"Nordamerika",
"005":"Sydamerika",
"009":"Oceanien",
"011":"Vestafrika",
"013":"Mellemamerika",
"014":"Østafrika",
"015":"Nordafrika",
"017":"Centralafrika",
"018":"Det sydlige Afrika",
"019":"Amerika",
"021":"Det nordlige Amerika",
"029":"Caribien",
"030":"Østasien",
"034":"Sydasien",
"035":"Sydøstasien",
"039":"Sydeuropa",
"053":"Australien og New Zealand",
"054":"Melanesien",
"057":"Mikronesien",
"061":"Polynesien",
"062":"Sydcentralasien",
"142":"Asien",
"143":"Centralasien",
"145":"Vestasien",
"150":"Europa",
"151":"Østeuropa",
"154":"Nordeuropa",
"155":"Vesteuropa",
"172":"Sammenslutningen af uafhængige stater",
"419":"Latinamerika",
"AC":"Ascensionøen",
"AD":"Andorra",
"AE":"Forenede Arabiske Emirater",
"AF":"Afghanistan",
"AG":"Antigua og Barbuda",
"AI":"Anguilla",
"AL":"Albanien",
"AM":"Armenien",
"AN":"Hollandske Antiller",
"AO":"Angola",
"AQ":"Antarktis",
"AR":"Argentina",
"AS":"Amerikansk Samoa",
"AT":"Østrig",
"AU":"Australien",
"AW":"Aruba",
"AX":"Åland",
"AZ":"Aserbajdsjan",
"BA":"Bosnien-Hercegovina",
"BB":"Barbados",
"BD":"Bangladesh",
"BE":"Belgien",
"BF":"Burkina Faso",
"BG":"Bulgarien",
"BH":"Bahrain",
"BI":"Burundi",
"BJ":"Benin",
"BL":"Saint Barthélemy",
"BM":"Bermuda",
"BN":"Brunei Darussalam",
"BO":"Bolivia",
"BR":"Brasilien",
"BS":"Bahamas",
"BT":"Bhutan",
"BV":"Bouvetø",
"BW":"Botswana",
"BY":"Hviderusland",
"BZ":"Belize",
"CA":"Canada",
"CC":"Cocosøerne",
"CD":"Congo-Kinshasa",
"CF":"Centralafrikanske Republik",
"CG":"Congo – Brazzaville",
"CH":"Schweiz",
"CI":"Elfenbenskysten",
"CK":"Cook-øerne",
"CL":"Chile",
"CM":"Cameroun",
"CN":"Kina",
"CO":"Colombia",
"CP":"Clippertonøen",
"CR":"Costa Rica",
"CS":"Serbien og Montenegro",
"CU":"Cuba",
"CV":"Kap Verde",
"CX":"Juleøen",
"CY":"Cypern",
"CZ":"Tjekkiet",
"DE":"Tyskland",
"DG":"Diego Garcia",
"DJ":"Djibouti",
"DK":"Danmark",
"DM":"Dominica",
"DO":"Den Dominikanske Republik",
"DZ":"Algeriet",
"EA":"Ceuta og Melilla",
"EC":"Ecuador",
"EE":"Estland",
"EG":"Egypten",
"EH":"Vestsahara",
"ER":"Eritrea",
"ES":"Spanien",
"ET":"Etiopien",
"FI":"Finland",
"FJ":"Fiji-øerne",
"FK":"Falklandsøerne",
"FM":"Mikronesiens Forenede Stater",
"FO":"Færøerne",
"FR":"Frankrig",
"FX":"Europæiske Frankrig",
"GA":"Gabon",
"GB":"Storbritannien",
"GD":"Grenada",
"GE":"Georgien",
"GF":"Fransk Guyana",
"GG":"Guernsey",
"GH":"Ghana",
"GI":"Gibraltar",
"GL":"Grønland",
"GM":"Gambia",
"GN":"Guinea",
"GP":"Guadeloupe",
"GQ":"Ækvatorialguinea",
"GR":"Grækenland",
"GS":"South Georgia og De Sydlige Sandwichøer",
"GT":"Guatemala",
"GU":"Guam",
"GW":"Guinea-Bissau",
"GY":"Guyana",
"HK":"SAR Hongkong",
"HM":"Heard- og McDonald-øerne",
"HN":"Honduras",
"HR":"Kroatien",
"HT":"Haiti",
"HU":"Ungarn",
"IC":"Kanariske øer",
"ID":"Indonesien",
"IE":"Irland",
"IL":"Israel",
"IM":"Isle of Man",
"IN":"Indien",
"IO":"Det Britiske Territorium i Det Indiske Ocean",
"IQ":"Irak",
"IR":"Iran",
"IS":"Island",
"IT":"Italien",
"JE":"Jersey",
"JM":"Jamaica",
"JO":"Jordan",
"JP":"Japan",
"KE":"Kenya",
"KG":"Kirgisistan",
"KH":"Cambodja",
"KI":"Kiribati",
"KM":"Comorerne",
"KN":"Saint Kitts og Nevis",
"KP":"Nordkorea",
"KR":"Sydkorea",
"KW":"Kuwait",
"KY":"Caymanøerne",
"KZ":"Kasakhstan",
"LA":"Laos",
"LB":"Libanon",
"LC":"Saint Lucia",
"LI":"Liechtenstein",
"LK":"Sri Lanka",
"LR":"Liberia",
"LS":"Lesotho",
"LT":"Litauen",
"LU":"Luxembourg",
"LV":"Letland",
"LY":"Libyen",
"MA":"Marokko",
"MC":"Monaco",
"MD":"Republikken Moldova",
"ME":"Montenegro",
"MF":"Saint Martin",
"MG":"Madagaskar",
"MH":"Marshalløerne",
"MK":"Makedonien",
"ML":"Mali",
"MM":"Myanmar",
"MN":"Mongoliet",
"MO":"SAR Macao",
"MP":"Nordmarianerne",
"MQ":"Martinique",
"MR":"Mauretanien",
"MS":"Montserrat",
"MT":"Malta",
"MU":"Mauritius",
"MV":"Maldiverne",
"MW":"Malawi",
"MX":"Mexico",
"MY":"Malaysia",
"MZ":"Mozambique",
"NA":"Namibia",
"NC":"Ny Caledonien",
"NE":"Niger",
"NF":"Norfolk Island",
"NG":"Nigeria",
"NI":"Nicaragua",
"NL":"Holland",
"NO":"Norge",
"NP":"Nepal",
"NR":"Nauru",
"NU":"Niue",
"NZ":"New Zealand",
"OM":"Oman",
"PA":"Panama",
"PE":"Peru",
"PF":"Fransk Polynesien",
"PG":"Papua Ny Guinea",
"PH":"Filippinerne",
"PK":"Pakistan",
"PL":"Polen",
"PM":"Saint Pierre og Miquelon",
"PN":"Pitcairn",
"PR":"Puerto Rico",
"PS":"De palæstinensiske områder",
"PT":"Portugal",
"PW":"Palau",
"PY":"Paraguay",
"QA":"Qatar",
"QO":"Ydre Oceanien",
"RE":"Reunion",
"RO":"Rumænien",
"RS":"Serbien",
"RU":"Rusland",
"RW":"Rwanda",
"SA":"Saudi-Arabien",
"SB":"Salomonøerne",
"SC":"Seychellerne",
"SD":"Sudan",
"SE":"Sverige",
"SG":"Singapore",
"SH":"St. Helena",
"SI":"Slovenien",
"SJ":"Svalbard og Jan Mayen",
"SK":"Slovakiet",
"SL":"Sierra Leone",
"SM":"San Marino",
"SN":"Senegal",
"SO":"Somalia",
"SR":"Surinam",
"ST":"Sao Tome og Principe",
"SV":"El Salvador",
"SY":"Syrien",
"SZ":"Swaziland",
"TA":"Tristan da Cunha",
"TC":"Turks- og Caicosøerne",
"TD":"Tchad",
"TF":"Franske Besiddelser i Det Sydlige Indiske Ocean",
"TG":"Togo",
"TH":"Thailand",
"TJ":"Tadsjikistan",
"TK":"Tokelau",
"TL":"Timor-Leste",
"TM":"Turkmenistan",
"TN":"Tunesien",
"TO":"Tonga",
"TR":"Tyrkiet",
"TT":"Trinidad og Tobago",
"TV":"Tuvalu",
"TW":"Taiwan",
"TZ":"Tanzania",
"UA":"Ukraine",
"UG":"Uganda",
"UM":"Mindre amerikanske oversøiske øer",
"US":"USA",
"UY":"Uruguay",
"UZ":"Usbekistan",
"VA":"Vatikanstaten",
"VC":"St. Vincent og Grenadinerne",
"VE":"Venezuela",
"VG":"De britiske jomfruøer",
"VI":"De amerikanske jomfruøer",
"VN":"Vietnam",
"VU":"Vanuatu",
"WF":"Wallis og Futunaøerne",
"WS":"Samoa",
"YE":"Yemen",
"YT":"Mayotte",
"ZA":"Sydafrika",
"ZM":"Zambia",
"ZW":"Zimbabwe",
"ZZ":"Ukendt område"
},
"orientation":"left-to-right",
"dateFormat-full":"EEEE 'den' d. MMMM y",
"dateFormat-long":"d. MMM y",
"dateFormat-medium":"dd/MM/yyyy",
"dateFormat-short":"dd/MM/yy",
"timeFormat-full":"HH.mm.ss zzzz",
"timeFormat-long":"HH.mm.ss z",
"timeFormat-medium":"HH.mm.ss",
"timeFormat-short":"HH.mm",
"dateTimeFormat-full":"{1} {0}",
"dateTimeFormat-long":"{1} {0}",
"dateTimeFormat-medium":"{1} {0}",
"dateTimeFormat-short":"{1} {0}",
"months-defaultContext":"format",
"months-defaultWidth":"wide",
"months-format-abbreviated":[
"jan.",
"feb.",
"mar.",
"apr.",
"maj",
"jun.",
"jul.",
"aug.",
"sep.",
"okt.",
"nov.",
"dec."],
"months-format-narrow":[
"J",
"F",
"M",
"A",
"M",
"J",
"J",
"A",
"S",
"O",
"N",
"D"],
"months-format-wide":[
"januar",
"februar",
"marts",
"april",
"maj",
"juni",
"juli",
"august",
"september",
"oktober",
"november",
"december"],
"months-standAlone-abbreviated":[
"jan",
"feb",
"mar",
"apr",
"maj",
"jun",
"jul",
"aug",
"sep",
"okt",
"nov",
"dec"],
"months-standAlone-narrow":[
"J",
"F",
"M",
"A",
"M",
"J",
"J",
"A",
"S",
"O",
"N",
"D"],
"months-standAlone-wide":[
"januar",
"februar",
"marts",
"april",
"maj",
"juni",
"juli",
"august",
"september",
"oktober",
"november",
"december"],
"days-defaultContext":"format",
"days-defaultWidth":"wide",
"days-format-abbreviated":[
"søn",
"man",
"tir",
"ons",
"tor",
"fre",
"lør"],
"days-format-narrow":[
"S",
"M",
"T",
"O",
"T",
"F",
"L"],
"days-format-wide":[
"søndag",
"mandag",
"tirsdag",
"onsdag",
"torsdag",
"fredag",
"lørdag"],
"days-standAlone-abbreviated":[
"søn",
"man",
"tir",
"ons",
"tor",
"fre",
"lør"],
"days-standAlone-narrow":[
"S",
"M",
"T",
"O",
"T",
"F",
"L"],
"days-standAlone-wide":[
"søndag",
"mandag",
"tirsdag",
"onsdag",
"torsdag",
"fredag",
"lørdag"],
"quarters-format-abbreviated":[
"K1",
"K2",
"K3",
"K4"],
"quarters-format-narrow":[
"1",
"2",
"3",
"4"],
"quarters-format-wide":[
"1. kvartal",
"2. kvartal",
"3. kvartal",
"4. kvartal"],
"quarters-standAlone-abbreviated":[
"K1",
"K2",
"K3",
"K4"],
"quarters-standAlone-narrow":[
"1",
"2",
"3",
"4"],
"quarters-standAlone-wide":[
"1. kvartal",
"2. kvartal",
"3. kvartal",
"4. kvartal"],
"dayPeriods-format-abbreviated":[
"f.m.",
"e.m."],
"dayPeriods-format-narrow":[
"f.m.",
"e.m."],
"dayPeriods-format-wide":[
"f.m.",
"e.m."],
"dayPeriods-standAlone-abbreviated":[
"f.m.",
"e.m."],
"dayPeriods-standAlone-narrow":[
"f.m.",
"e.m."],
"dayPeriods-standAlone-wide":[
"formiddag",
"eftermiddag"],
"decimalFormat":{
"standard":"#,##0.###"},
"decimalFormat-short":{
"1000":"0",
"10000":"0",
"100000":"0",
"1000000":"0",
"10000000":"0",
"100000000":"0",
"1000000000":"0",
"10000000000":"0",
"100000000000":"0",
"1000000000000":"0",
"10000000000000":"0",
"100000000000000":"0"},
"scientificFormat":{
"standard":"#E0"},
"percentFormat":{
"standard":"#,##0 %"},
"currencyFormat":{
"standard":"#,##0.00 ¤"},
"symbols-latn-decimal":",",
"symbols-latn-group":".",
"symbols-latn-list":",",
"symbols-latn-percentSign":"%",
"symbols-latn-plusSign":"+",
"symbols-latn-minusSign":"-",
"symbols-latn-exponential":"E",
"symbols-latn-perMille":"‰",
"symbols-latn-infinity":"∞",
"symbols-latn-nan":"NaN",
"weekData-minDays":4,
"weekData-firstDay":1,
"weekData-weekendStart":6,
"weekData-weekendEnd":0
}