{
"languages":{
"aa":"afar",
"ab":"abjasio",
"ace":"acehnés",
"ach":"acoli",
"ada":"adangme",
"ady":"adigeo",
"ae":"avéstico",
"af":"afrikaans",
"afa":"lengua afroasiática",
"afh":"afrihili",
"ain":"ainu",
"ak":"akan",
"akk":"acadio",
"ale":"aleutiano",
"alg":"lenguas algonquinas",
"alt":"altái meridional",
"am":"amárico",
"an":"aragonés",
"ang":"inglés antiguo",
"anp":"angika",
"apa":"lenguas apache",
"ar":"árabe",
"arc":"arameo",
"arn":"araucano",
"arp":"arapaho",
"art":"lengua artificial",
"arw":"arahuaco",
"as":"asamés",
"ast":"asturiano",
"ath":"lenguas atabascas",
"aus":"lenguas australianas",
"av":"avar",
"awa":"avadhi",
"ay":"aimara",
"az":"azerí",
"ba":"bashkir",
"bad":"banda",
"bai":"lenguas bamileke",
"bal":"baluchi",
"ban":"balinés",
"bas":"basa",
"bat":"lengua báltica",
"be":"bielorruso",
"bej":"beja",
"bem":"bemba",
"ber":"bereber",
"bg":"búlgaro",
"bh":"bihari",
"bho":"bhojpuri",
"bi":"bislama",
"bik":"bicol",
"bin":"bini",
"bla":"siksika",
"bm":"bambara",
"bn":"bengalí",
"bnt":"bantú",
"bo":"tibetano",
"br":"bretón",
"bra":"braj",
"bs":"bosnio",
"btk":"batak",
"bua":"buriat",
"bug":"buginés",
"byn":"blin",
"ca":"catalán",
"cad":"caddo",
"cai":"lengua india centroamericana",
"car":"caribe",
"cau":"lengua caucásica",
"cch":"atsam",
"ce":"checheno",
"ceb":"cebuano",
"cel":"lengua celta",
"ch":"chamorro",
"chb":"chibcha",
"chg":"chagatái",
"chk":"trukés",
"chm":"marí",
"chn":"jerga chinuk",
"cho":"choctaw",
"chp":"chipewyan",
"chr":"cherokee",
"chy":"cheyene",
"cmc":"lenguas chámicas",
"co":"corso",
"cop":"copto",
"cpe":"lengua criolla o pidgin basada en el inglés",
"cpf":"lengua criolla o pidgin basada en el francés",
"cpp":"lengua criolla o pidgin basada en el portugués",
"cr":"cree",
"crh":"tártaro de Crimea",
"crp":"lengua criolla o pidgin",
"cs":"checo",
"csb":"casubio",
"cu":"eslavo eclesiástico",
"cus":"lengua cusita",
"cv":"chuvash",
"cy":"galés",
"da":"danés",
"dak":"dakota",
"dar":"dargva",
"day":"dayak",
"de":"alemán",
"de_AT":"alemán austríaco",
"de_CH":"alto alemán de Suiza",
"del":"delaware",
"den":"slave",
"dgr":"dogrib",
"din":"dinka",
"doi":"dogri",
"dra":"lengua dravídica",
"dsb":"sorbio inferior",
"dua":"duala",
"dum":"neerlandés medieval",
"dv":"divehi",
"dyu":"diula",
"dz":"dzongkha",
"ee":"ewe",
"efi":"efik",
"egy":"egipcio antiguo",
"eka":"ekajuk",
"el":"griego",
"elx":"elamita",
"en":"inglés",
"en_AU":"inglés australiano",
"en_CA":"inglés canadiense",
"en_GB":"inglés británico",
"en_US":"inglés estadounidense",
"enm":"inglés medieval",
"eo":"esperanto",
"es":"español",
"es_419":"español latinoamericano",
"es_ES":"español de España",
"et":"estonio",
"eu":"vasco",
"ewo":"ewondo",
"fa":"persa",
"fan":"fang",
"fat":"fanti",
"ff":"fula",
"fi":"finés",
"fil":"filipino",
"fiu":"lengua finoúgria",
"fj":"fidjiano",
"fo":"feroés",
"fon":"fon",
"fr":"francés",
"fr_CA":"francés canadiense",
"fr_CH":"francés de Suiza",
"frm":"francés medieval",
"fro":"francés antiguo",
"frr":"frisón septentrional",
"frs":"frisón oriental",
"fur":"friulano",
"fy":"frisón occidental",
"ga":"irlandés",
"gaa":"ga",
"gay":"gayo",
"gba":"gbaya",
"gd":"gaélico escocés",
"gem":"lengua germánica",
"gez":"geez",
"gil":"gilbertés",
"gl":"gallego",
"gmh":"alemán de la alta edad media",
"gn":"guaraní",
"goh":"alemán de la alta edad antigua",
"gon":"gondi",
"gor":"gorontalo",
"got":"gótico",
"grb":"grebo",
"grc":"griego antiguo",
"gsw":"alemán suizo",
"gu":"gujarati",
"gv":"gaélico manés",
"gwi":"kutchin",
"ha":"hausa",
"hai":"haida",
"haw":"hawaiano",
"he":"hebreo",
"hi":"hindi",
"hil":"hiligaynon",
"him":"himachali",
"hit":"hitita",
"hmn":"hmong",
"ho":"hiri motu",
"hr":"croata",
"hsb":"sorbio superior",
"ht":"haitiano",
"hu":"húngaro",
"hup":"hupa",
"hy":"armenio",
"hz":"herero",
"ia":"interlingua",
"iba":"iban",
"id":"indonesio",
"ie":"interlingue",
"ig":"igbo",
"ii":"sichuan yi",
"ijo":"ijo",
"ik":"inupiaq",
"ilo":"ilocano",
"inc":"lengua índica",
"ine":"lengua indoeuropea",
"inh":"ingush",
"io":"ido",
"ira":"lengua irania",
"iro":"lenguas iroquesas",
"is":"islandés",
"it":"italiano",
"iu":"inuktitut",
"ja":"japonés",
"jbo":"lojban",
"jpr":"judeo-persa",
"jrb":"judeo-árabe",
"jv":"javanés",
"ka":"georgiano",
"kaa":"karakalpako",
"kab":"cabila",
"kac":"kachin",
"kaj":"jju",
"kam":"kamba",
"kar":"karen",
"kaw":"kawi",
"kbd":"kabardiano",
"kcg":"tyap",
"kfo":"koro",
"kg":"kongo",
"kha":"khasi",
"khi":"lengua joisana",
"kho":"kotanés",
"ki":"kikuyu",
"kj":"kuanyama",
"kk":"kazajo",
"kl":"groenlandés",
"km":"jemer",
"kmb":"kimbundu",
"kn":"canarés",
"ko":"coreano",
"kok":"konkani",
"kos":"kosraeano",
"kpe":"kpelle",
"kr":"kanuri",
"krc":"karachay-balkar",
"krl":"carelio",
"kro":"kru",
"kru":"kurukh",
"ks":"cachemiro",
"ku":"kurdo",
"kum":"kumyk",
"kut":"kutenai",
"kv":"komi",
"kw":"córnico",
"ky":"kirghiz",
"la":"latín",
"lad":"ladino",
"lah":"lahnda",
"lam":"lamba",
"lb":"luxemburgués",
"lez":"lezgiano",
"lg":"ganda",
"li":"limburgués",
"ln":"lingala",
"lo":"laosiano",
"lol":"mongo",
"loz":"lozi",
"lt":"lituano",
"lu":"luba-katanga",
"lua":"luba-lulua",
"lui":"luiseño",
"lun":"lunda",
"luo":"luo",
"lus":"lushai",
"lv":"letón",
"mad":"madurés",
"mag":"magahi",
"mai":"maithili",
"mak":"macasar",
"man":"mandingo",
"map":"lengua austronesia",
"mas":"masai",
"mdf":"moksha",
"mdr":"mandar",
"men":"mende",
"mg":"malgache",
"mga":"irlandés medieval",
"mh":"marshalés",
"mi":"maorí",
"mic":"micmac",
"min":"minangkabau",
"mis":"lenguas varias",
"mk":"macedonio",
"mkh":"lengua mon-jemer",
"ml":"malayalam",
"mn":"mongol",
"mnc":"manchú",
"mni":"manipuri",
"mno":"lenguas manobo",
"mo":"moldavo",
"moh":"mohawk",
"mos":"mossi",
"mr":"marathi",
"ms":"malayo",
"mt":"maltés",
"mul":"lenguas múltiples",
"mun":"lenguas munda",
"mus":"creek",
"mwl":"mirandés",
"mwr":"marwari",
"my":"birmano",
"myn":"maya",
"myv":"erzya",
"na":"nauruano",
"nah":"náhuatl",
"nai":"lengua india norteamericana",
"nap":"napolitano",
"nb":"bokmal noruego",
"nd":"ndebele septentrional",
"nds":"bajo alemán",
"ne":"nepalí",
"new":"newari",
"ng":"ndonga",
"nia":"nias",
"nic":"lengua níger-cordofana",
"niu":"niueano",
"nl":"neerlandés",
"nl_BE":"flamenco",
"nn":"nynorsk noruego",
"no":"noruego",
"nog":"nogai",
"non":"nórdico antiguo",
"nqo":"n’ko",
"nr":"ndebele meridional",
"nso":"sotho septentrional",
"nub":"lenguas nubias",
"nv":"navajo",
"nwc":"newari clásico",
"ny":"nyanja",
"nym":"nyamwezi",
"nyn":"nyankole",
"nyo":"nyoro",
"nzi":"nzima",
"oc":"occitano",
"oj":"ojibwa",
"om":"oromo",
"or":"oriya",
"os":"osético",
"osa":"osage",
"ota":"turco otomano",
"oto":"lenguas otomanas",
"pa":"punjabí",
"paa":"lengua papú",
"pag":"pangasinán",
"pal":"pahlavi",
"pam":"pampanga",
"pap":"papiamento",
"pau":"palauano",
"peo":"persa antiguo",
"phi":"lengua filipina",
"phn":"fenicio",
"pi":"pali",
"pl":"polaco",
"pon":"pohnpeiano",
"pra":"lenguas prácritas",
"pro":"provenzal antiguo",
"ps":"pashto",
"pt":"portugués",
"pt_BR":"portugués de Brasil",
"pt_PT":"portugués de Portugal",
"qu":"quechua",
"raj":"rajasthani",
"rap":"rapanui",
"rar":"rarotongano",
"rm":"retorrománico",
"rn":"kiroundi",
"ro":"rumano",
"roa":"lengua romance",
"rom":"romaní",
"root":"raíz",
"ru":"ruso",
"rup":"arrumano",
"rw":"kinyarwanda",
"sa":"sánscrito",
"sad":"sandawe",
"sah":"sakha",
"sai":"lengua india sudamericana",
"sal":"lenguas salish",
"sam":"arameo samaritano",
"sas":"sasak",
"sat":"santali",
"sc":"sardo",
"scn":"siciliano",
"sco":"escocés",
"sd":"sindhi",
"se":"sami septentrional",
"sel":"selkup",
"sem":"lengua semítica",
"sg":"sango",
"sga":"irlandés antiguo",
"sgn":"lenguajes de signos",
"sh":"serbocroata",
"shn":"shan",
"si":"cingalés",
"sid":"sidamo",
"sio":"lenguas sioux",
"sit":"lengua sino-tibetana",
"sk":"eslovaco",
"sl":"esloveno",
"sla":"lengua eslava",
"sm":"samoano",
"sma":"sami meridional",
"smi":"lengua sami",
"smj":"sami lule",
"smn":"sami inari",
"sms":"sami skolt",
"sn":"shona",
"snk":"soninké",
"so":"somalí",
"sog":"sogdiano",
"son":"songhai",
"sq":"albanés",
"sr":"serbio",
"srn":"sranan tongo",
"srr":"serer",
"ss":"siswati",
"ssa":"lengua nilo-sahariana",
"st":"sesotho meridional",
"su":"sundanés",
"suk":"sukuma",
"sus":"susu",
"sux":"sumerio",
"sv":"sueco",
"sw":"swahili",
"swb":"comorense",
"syc":"siríaco clásico",
"syr":"siriaco",
"ta":"tamil",
"tai":"lengua tai",
"te":"telugu",
"tem":"temne",
"ter":"tereno",
"tet":"tetún",
"tg":"tayiko",
"th":"tailandés",
"ti":"tigriña",
"tig":"tigré",
"tiv":"tiv",
"tk":"turcomano",
"tkl":"tokelauano",
"tl":"tagalo",
"tlh":"klingon",
"tli":"tlingit",
"tmh":"tamashek",
"tn":"setchwana",
"to":"tongano",
"tog":"tonga del Nyasa",
"tpi":"tok pisin",
"tr":"turco",
"ts":"tsonga",
"tsi":"tsimshiano",
"tt":"tártaro",
"tum":"tumbuka",
"tup":"lenguas tupí",
"tut":"lengua altaica",
"tvl":"tuvaluano",
"tw":"twi",
"ty":"tahitiano",
"tyv":"tuviniano",
"udm":"udmurt",
"ug":"uigur",
"uga":"ugarítico",
"uk":"ucraniano",
"umb":"umbundu",
"und":"lengua desconocida",
"ur":"urdu",
"uz":"uzbeko",
"vai":"vai",
"ve":"venda",
"vi":"vietnamita",
"vo":"volapük",
"vot":"vótico",
"wa":"valón",
"wak":"lenguas wakasha",
"wal":"walamo",
"war":"waray",
"was":"washo",
"wen":"lenguas sorbias",
"wo":"uolof",
"xal":"kalmyk",
"xh":"xhosa",
"yao":"yao",
"yap":"yapés",
"yi":"yídish",
"yo":"yoruba",
"ypk":"lenguas yupik",
"yue":"cantonés",
"za":"zhuang",
"zap":"zapoteco",
"zbl":"símbolos Bliss",
"zen":"zenaga",
"zh":"chino",
"zh_Hans":"chino simplificado",
"zh_Hant":"chino tradicional",
"znd":"zande",
"zu":"zulú",
"zun":"zuni",
"zxx":"sin contenido lingüístico",
"zza":"zazaki"
},
"scripts":{
"Arab":"árabe",
"Armn":"armenio",
"Avst":"avéstico",
"Bali":"balinés",
"Batk":"batak",
"Beng":"bengalí",
"Blis":"símbolos blis",
"Bopo":"bopomofo",
"Brah":"brahmi",
"Brai":"braille",
"Bugi":"buginés",
"Buhd":"buhid",
"Cans":"símbolos aborígenes canadienses unificados",
"Cari":"cario",
"Cham":"cham",
"Cher":"cherokee",
"Cirt":"cirth",
"Copt":"copto",
"Cprt":"chipriota",
"Cyrl":"cirílico",
"Cyrs":"cirílico del antiguo eslavo eclesiástico",
"Deva":"devanagari",
"Dsrt":"deseret",
"Egyd":"egipcio demótico",
"Egyh":"egipcio hierático",
"Egyp":"jeroglíficos egipcios",
"Ethi":"etiópico",
"Geok":"georgiano eclesiástico",
"Geor":"georgiano",
"Glag":"glagolítico",
"Goth":"gótico",
"Grek":"griego",
"Gujr":"gujarati",
"Guru":"gurmuji",
"Hang":"hangul",
"Hani":"han",
"Hano":"hanunoo",
"Hans":"han simplificado",
"Hant":"han tradicional",
"Hebr":"hebreo",
"Hira":"hiragana",
"Hmng":"pahawh hmong",
"Hrkt":"katakana o hiragana",
"Hung":"húngaro antiguo",
"Inds":"Indio (harappan)",
"Ital":"antigua bastardilla",
"Java":"javanés",
"Jpan":"japonés",
"Kali":"kayah li",
"Kana":"katakana",
"Khar":"kharosthi",
"Khmr":"jemer",
"Knda":"canarés",
"Kore":"coreano",
"Lana":"lanna",
"Laoo":"lao",
"Latf":"latino fraktur",
"Latg":"latino gaélico",
"Latn":"latín",
"Lepc":"lepcha",
"Limb":"limbu",
"Lina":"lineal A",
"Linb":"lineal B",
"Lyci":"licio",
"Lydi":"lidio",
"Mand":"mandeo",
"Maya":"jeroglíficos mayas",
"Mero":"meroítico",
"Mlym":"malayálam",
"Mong":"mongol",
"Moon":"moon",
"Mtei":"manipuri",
"Mymr":"birmano",
"Nkoo":"n’ko",
"Ogam":"ogham",
"Olck":"ol ciki",
"Orkh":"orkhon",
"Orya":"oriya",
"Osma":"osmaniya",
"Perm":"permiano antiguo",
"Phag":"phags-pa",
"Phnx":"fenicio",
"Plrd":"Pollard Miao",
"Rjng":"rejang",
"Roro":"rongo-rongo",
"Runr":"rúnico",
"Sara":"sarati",
"Saur":"saurashtra",
"Sgnw":"SignWriting",
"Shaw":"shaviano",
"Sinh":"binhala",
"Sund":"sundanés",
"Sylo":"syloti nagri",
"Syrc":"siriaco",
"Syre":"siriaco estrangelo",
"Syrj":"siriaco occidental",
"Syrn":"siriaco oriental",
"Tagb":"tagbanúa",
"Tale":"tai le",
"Talu":"nuevo tai lue",
"Taml":"tamil",
"Telu":"telugu",
"Teng":"tengwar",
"Tfng":"tifinagh",
"Tglg":"tagalo",
"Thaa":"thaana",
"Thai":"tailandés",
"Tibt":"tibetano",
"Ugar":"ugarítico",
"Vaii":"vai",
"Visp":"lenguaje visible",
"Xpeo":"persa antiguo",
"Xsux":"cuneiforme sumerio-acadio",
"Yiii":"yi",
"Zinh":"heredado",
"Zsym":"símbolos",
"Zxxx":"no escrito",
"Zyyy":"común",
"Zzzz":"alfabeto desconocido"
},
"territories":{
"001":"Mundo",
"002":"África",
"003":"América del Norte",
"005":"Suramérica",
"009":"Oceanía",
"011":"África occidental",
"013":"Centroamérica",
"014":"África oriental",
"015":"África septentrional",
"017":"África central",
"018":"África meridional",
"019":"Américas",
"021":"Norteamérica",
"029":"Caribe",
"030":"Asia oriental",
"034":"Asia meridional",
"035":"Sudeste asiático",
"039":"Europa meridional",
"053":"Australia y Nueva Zelanda",
"054":"Melanesia",
"057":"Micronesia [057]",
"061":"Polinesia",
"062":"Asia centromeridional",
"142":"Asia",
"143":"Asia central",
"145":"Asia occidental",
"150":"Europa",
"151":"Europa oriental",
"154":"Europa septentrional",
"155":"Europa occidental",
"172":"Comunidad de Estados Independientes",
"419":"Latinoamérica",
"AC":"Isla de la Ascensión",
"AD":"Andorra",
"AE":"Emiratos Árabes Unidos",
"AF":"Afganistán",
"AG":"Antigua y Barbuda",
"AI":"Anguila",
"AL":"Albania",
"AM":"Armenia",
"AN":"Antillas Neerlandesas",
"AO":"Angola",
"AQ":"Antártida",
"AR":"Argentina",
"AS":"Samoa Americana",
"AT":"Austria",
"AU":"Australia",
"AW":"Aruba",
"AX":"Islas Åland",
"AZ":"Azerbaiyán",
"BA":"Bosnia-Herzegovina",
"BB":"Barbados",
"BD":"Bangladesh",
"BE":"Bélgica",
"BF":"Burkina Faso",
"BG":"Bulgaria",
"BH":"Bahréin",
"BI":"Burundi",
"BJ":"Benín",
"BL":"San Bartolomé",
"BM":"Bermudas",
"BN":"Brunéi",
"BO":"Bolivia",
"BR":"Brasil",
"BS":"Bahamas",
"BT":"Bután",
"BV":"Isla Bouvet",
"BW":"Botsuana",
"BY":"Bielorrusia",
"BZ":"Belice",
"CA":"Canadá",
"CC":"Islas Cocos",
"CD":"República Democrática del Congo",
"CF":"República Centroafricana",
"CG":"Congo - Brazzaville",
"CH":"Suiza",
"CI":"Costa de Marfil",
"CK":"Islas Cook",
"CL":"Chile",
"CM":"Camerún",
"CN":"China",
"CO":"Colombia",
"CP":"Isla Clipperton",
"CR":"Costa Rica",
"CS":"Serbia y Montenegro",
"CU":"Cuba",
"CV":"Cabo Verde",
"CX":"Isla Christmas",
"CY":"Chipre",
"CZ":"República Checa",
"DE":"Alemania",
"DG":"Diego García",
"DJ":"Yibuti",
"DK":"Dinamarca",
"DM":"Dominica",
"DO":"República Dominicana",
"DZ":"Argelia",
"EA":"Ceuta y Melilla",
"EC":"Ecuador",
"EE":"Estonia",
"EG":"Egipto",
"EH":"Sáhara Occidental",
"ER":"Eritrea",
"ES":"España",
"ET":"Etiopía",
"EU":"Unión Europea",
"FI":"Finlandia",
"FJ":"Fiyi",
"FK":"Islas Malvinas",
"FM":"Micronesia",
"FO":"Islas Feroe",
"FR":"Francia",
"FX":"Francia metropolitana",
"GA":"Gabón",
"GB":"Reino Unido",
"GD":"Granada",
"GE":"Georgia",
"GF":"Guayana Francesa",
"GG":"Guernsey",
"GH":"Ghana",
"GI":"Gibraltar",
"GL":"Groenlandia",
"GM":"Gambia",
"GN":"Guinea",
"GP":"Guadalupe",
"GQ":"Guinea Ecuatorial",
"GR":"Grecia",
"GS":"Islas Georgia del Sur y Sandwich del Sur",
"GT":"Guatemala",
"GU":"Guam",
"GW":"Guinea-Bissau",
"GY":"Guyana",
"HK":"Región Administrativa Especial de Hong Kong de la República Popular China",
"HM":"Islas Heard y McDonald",
"HN":"Honduras",
"HR":"Croacia",
"HT":"Haití",
"HU":"Hungría",
"IC":"Islas Canarias",
"ID":"Indonesia",
"IE":"Irlanda",
"IL":"Israel",
"IM":"Isla de Man",
"IN":"India",
"IO":"Territorio Británico del Océano Índico",
"IQ":"Iraq",
"IR":"Irán",
"IS":"Islandia",
"IT":"Italia",
"JE":"Jersey",
"JM":"Jamaica",
"JO":"Jordania",
"JP":"Japón",
"KE":"Kenia",
"KG":"Kirguistán",
"KH":"Camboya",
"KI":"Kiribati",
"KM":"Comoras",
"KN":"San Cristóbal y Nieves",
"KP":"Corea del Norte",
"KR":"Corea del Sur",
"KW":"Kuwait",
"KY":"Islas Caimán",
"KZ":"Kazajistán",
"LA":"Laos",
"LB":"Líbano",
"LC":"Santa Lucía",
"LI":"Liechtenstein",
"LK":"Sri Lanka",
"LR":"Liberia",
"LS":"Lesoto",
"LT":"Lituania",
"LU":"Luxemburgo",
"LV":"Letonia",
"LY":"Libia",
"MA":"Marruecos",
"MC":"Mónaco",
"MD":"Moldavia",
"ME":"Montenegro",
"MF":"San Martín",
"MG":"Madagascar",
"MH":"Islas Marshall",
"MK":"Macedonia",
"ML":"Mali",
"MM":"Myanmar [Birmania]",
"MN":"Mongolia",
"MO":"Región Administrativa Especial de Macao de la República Popular China",
"MP":"Islas Marianas del Norte",
"MQ":"Martinica",
"MR":"Mauritania",
"MS":"Montserrat",
"MT":"Malta",
"MU":"Mauricio",
"MV":"Maldivas",
"MW":"Malaui",
"MX":"México",
"MY":"Malasia",
"MZ":"Mozambique",
"NA":"Namibia",
"NC":"Nueva Caledonia",
"NE":"Níger",
"NF":"Isla Norfolk",
"NG":"Nigeria",
"NI":"Nicaragua",
"NL":"Países Bajos",
"NO":"Noruega",
"NP":"Nepal",
"NR":"Nauru",
"NU":"Isla Niue",
"NZ":"Nueva Zelanda",
"OM":"Omán",
"PA":"Panamá",
"PE":"Perú",
"PF":"Polinesia Francesa",
"PG":"Papúa Nueva Guinea",
"PH":"Filipinas",
"PK":"Pakistán",
"PL":"Polonia",
"PM":"San Pedro y Miquelón",
"PN":"Islas Pitcairn",
"PR":"Puerto Rico",
"PS":"Territorios Palestinos",
"PT":"Portugal",
"PW":"Palau",
"PY":"Paraguay",
"QA":"Qatar",
"QO":"Territorios alejados de Oceanía",
"RE":"Reunión",
"RO":"Rumanía",
"RS":"Serbia",
"RU":"Rusia",
"RW":"Ruanda",
"SA":"Arabia Saudí",
"SB":"Islas Salomón",
"SC":"Seychelles",
"SD":"Sudán",
"SE":"Suecia",
"SG":"Singapur",
"SH":"Santa Elena",
"SI":"Eslovenia",
"SJ":"Svalbard y Jan Mayen",
"SK":"Eslovaquia",
"SL":"Sierra Leona",
"SM":"San Marino",
"SN":"Senegal",
"SO":"Somalia",
"SR":"Surinam",
"ST":"Santo Tomé y Príncipe",
"SV":"El Salvador",
"SY":"Siria",
"SZ":"Suazilandia",
"TA":"Tristán da Cunha",
"TC":"Islas Turcas y Caicos",
"TD":"Chad",
"TF":"Territorios Australes Franceses",
"TG":"Togo",
"TH":"Tailandia",
"TJ":"Tayikistán",
"TK":"Tokelau",
"TL":"Timor Oriental",
"TM":"Turkmenistán",
"TN":"Túnez",
"TO":"Tonga",
"TR":"Turquía",
"TT":"Trinidad y Tobago",
"TV":"Tuvalu",
"TW":"Taiwán",
"TZ":"Tanzania",
"UA":"Ucrania",
"UG":"Uganda",
"UM":"Islas menores alejadas de los Estados Unidos",
"US":"Estados Unidos",
"UY":"Uruguay",
"UZ":"Uzbekistán",
"VA":"Ciudad del Vaticano",
"VC":"San Vicente y las Granadinas",
"VE":"Venezuela",
"VG":"Islas Vírgenes Británicas",
"VI":"Islas Vírgenes de los Estados Unidos",
"VN":"Vietnam",
"VU":"Vanuatu",
"WF":"Wallis y Futuna",
"WS":"Samoa",
"YE":"Yemen",
"YT":"Mayotte",
"ZA":"Sudáfrica",
"ZM":"Zambia",
"ZW":"Zimbabue",
"ZZ":"Región desconocida"
},
"orientation":"left-to-right",
"dateFormat-full":"EEEE d 'de' MMMM 'de' y",
"dateFormat-long":"d 'de' MMMM 'de' y",
"dateFormat-medium":"dd/MM/yyyy",
"dateFormat-short":"dd/MM/yy",
"timeFormat-full":"HH:mm:ss zzzz",
"timeFormat-long":"HH:mm:ss z",
"timeFormat-medium":"HH:mm:ss",
"timeFormat-short":"HH:mm",
"dateTimeFormat-full":"{1} {0}",
"dateTimeFormat-long":"{1} {0}",
"dateTimeFormat-medium":"{1} {0}",
"dateTimeFormat-short":"{1} {0}",
"months-defaultContext":"format",
"months-defaultWidth":"wide",
"months-format-abbreviated":[
"ene",
"feb",
"mar",
"abr",
"may",
"jun",
"jul",
"ago",
"sep",
"oct",
"nov",
"dic"],
"months-format-narrow":[
"E",
"F",
"M",
"A",
"M",
"J",
"J",
"A",
"S",
"O",
"N",
"D"],
"months-format-wide":[
"enero",
"febrero",
"marzo",
"abril",
"mayo",
"junio",
"julio",
"agosto",
"septiembre",
"octubre",
"noviembre",
"diciembre"],
"months-standAlone-abbreviated":[
"ene",
"feb",
"mar",
"abr",
"mayo",
"jun",
"jul",
"ago",
"sep",
"oct",
"nov",
"dic"],
"months-standAlone-narrow":[
"E",
"F",
"M",
"A",
"M",
"J",
"J",
"A",
"S",
"O",
"N",
"D"],
"months-standAlone-wide":[
"enero",
"febrero",
"marzo",
"abril",
"mayo",
"junio",
"julio",
"agosto",
"septiembre",
"octubre",
"noviembre",
"diciembre"],
"days-defaultContext":"format",
"days-defaultWidth":"wide",
"days-format-abbreviated":[
"dom",
"lun",
"mar",
"mié",
"jue",
"vie",
"sáb"],
"days-format-narrow":[
"D",
"L",
"M",
"M",
"J",
"V",
"S"],
"days-format-wide":[
"domingo",
"lunes",
"martes",
"miércoles",
"jueves",
"viernes",
"sábado"],
"days-standAlone-abbreviated":[
"dom",
"lun",
"mar",
"mié",
"jue",
"vie",
"sáb"],
"days-standAlone-narrow":[
"D",
"L",
"M",
"M",
"J",
"V",
"S"],
"days-standAlone-wide":[
"domingo",
"lunes",
"martes",
"miércoles",
"jueves",
"viernes",
"sábado"],
"quarters-format-abbreviated":[
"T1",
"T2",
"T3",
"T4"],
"quarters-format-narrow":[
"1T",
"2T",
"3T",
"4T"],
"quarters-format-wide":[
"1er trimestre",
"2º trimestre",
"3er trimestre",
"4º trimestre"],
"quarters-standAlone-abbreviated":[
"T1",
"T2",
"T3",
"T4"],
"quarters-standAlone-narrow":[
"1T",
"2T",
"3T",
"4T"],
"quarters-standAlone-wide":[
"1.er trimestre",
"2.º trimestre",
"3.er trimestre",
"4.º trimestre"],
"dayPeriods-format-abbreviated":[
"a.m.",
"p.m."],
"dayPeriods-format-narrow":[
"a.m.",
"p.m."],
"dayPeriods-format-wide":[
"a.m.",
"p.m."],
"dayPeriods-standAlone-abbreviated":[
"a.m.",
"p.m."],
"dayPeriods-standAlone-narrow":[
"a.m.",
"p.m."],
"dayPeriods-standAlone-wide":[
"a.m.",
"p.m."],
"decimalFormat":{
"standard":"#,##0.###"},
"decimalFormat-short":{
"1000":"0.0K",
"10000":"00K",
"100000":"000K",
"1000000":"0.0M",
"10000000":"00M",
"100000000":"000M",
"1000000000":"0.0B",
"10000000000":"00B",
"100000000000":"000B",
"1000000000000":"0.0T",
"10000000000000":"00T",
"100000000000000":"000T"},
"scientificFormat":{
"standard":"#E0"},
"percentFormat":{
"standard":"#,##0%"},
"currencyFormat":{
"standard":"#,##0.00 ¤"},
"symbols-latn-decimal":",",
"symbols-latn-group":".",
"symbols-latn-list":";",
"symbols-latn-percentSign":"%",
"symbols-latn-plusSign":"+",
"symbols-latn-minusSign":"-",
"symbols-latn-exponential":"E",
"symbols-latn-perMille":"‰",
"symbols-latn-infinity":"∞",
"symbols-latn-nan":"NaN",
"weekData-minDays":1,
"weekData-firstDay":1,
"weekData-weekendStart":6,
"weekData-weekendEnd":0
}