{
"languages":{
"aa":"אפארית",
"ab":"אבחזית",
"ady":"אדיגית",
"ae":"אבסטן",
"af":"אפריקאנס",
"afa":"שפה אפרו-אסייתית",
"afh":"אפריהילי",
"ain":"אינו",
"ak":"אקאן",
"akk":"אכדית",
"am":"אמהרית",
"ang":"אנגלית עתיקה",
"apa":"שפה אפאצ׳ית",
"ar":"ערבית",
"arc":"ארמית",
"art":"שפה מלאכותית",
"as":"אסאמית",
"ast":"אסטורית",
"aus":"שפה אוסטרלית",
"awa":"אוואדית",
"ay":"איימארית",
"az":"אזרית",
"ba":"בשקירית",
"bal":"באלוצ׳י",
"ban":"בלינזית",
"bat":"שפות בלטיות",
"be":"בלארוסית",
"bej":"בז׳ה",
"ber":"ברברית",
"bg":"בולגרית",
"bh":"ביהארי",
"bi":"ביסלמה",
"bn":"בנגלית",
"bnt":"בנטו",
"bo":"טיבטית",
"br":"ברטונית",
"bs":"בוסנית",
"ca":"קטלאנית",
"cad":"קאדו",
"cai":"שפה אינדיאנית מרכז-אמריקאית",
"cau":"שפה קווקזית",
"ce":"צ׳צ׳נית",
"ceb":"קבואנו",
"cel":"שפה קלטית",
"chg":"צ׳אגאטאי",
"chr":"צ׳רוקי",
"co":"קורסיקנית",
"cop":"קופטית",
"crh":"טטרית של קרים",
"crp":"שפה קראולית או פידג׳אנית",
"cs":"צ׳כית",
"cu":"סלאבית כנסייתית עתיקה",
"cy":"וולשית",
"da":"דנית",
"dak":"דקוטה",
"de":"גרמנית",
"de_AT":"גרמנית אוסטרית",
"de_CH":"גרמנית שוויצרית (גבוהה)",
"del":"דלאוור",
"den":"סלאבית",
"doi":"דוגרי",
"dum":"הולנדית תיכונה",
"dv":"דיבהי",
"dz":"דזונקה",
"efi":"אפיק",
"egy":"מצרית עתיקה",
"el":"יוונית",
"elx":"עילמית",
"en":"אנגלית",
"en_AU":"אנגלית אוסטרלית",
"en_CA":"אנגלית קנדית",
"en_GB":"אנגלית בריטית",
"en_US":"אנגלית אמריקנית",
"enm":"אנגלית תיכונה",
"eo":"אספרנטו",
"es":"ספרדית",
"es_419":"ספרדית לטינו־אמריקאית",
"es_ES":"ספרדית איברית",
"et":"אסטונית",
"eu":"בסקית",
"fa":"פרסית",
"fi":"פינית",
"fil":"פיליפינית",
"fj":"פיג׳ית",
"fo":"פארואזית",
"fr":"צרפתית",
"fr_CA":"צרפתית קנדית",
"fr_CH":"צרפתית שוויצרית",
"frm":"צרפתית תיכונה",
"fro":"צרפתית עתיקה",
"frr":"פריזית צפונית",
"fy":"פריזית",
"ga":"אירית",
"gd":"גאלית סקוטית",
"gem":"שפה גרמאנית",
"gez":"געז",
"gl":"גליציאנית",
"gn":"גוארני",
"gon":"גונדי",
"got":"גותית",
"grc":"יוונית עתיקה",
"gsw":"גרמנית שוויצרית",
"gu":"גוג׳ראטית",
"gv":"מאנית",
"ha":"האוסה",
"haw":"הוואית",
"he":"עברית",
"hi":"הינדי",
"hit":"חיתית",
"ho":"הארי מוטו",
"hr":"קרואטית",
"ht":"האיטית",
"hu":"הונגרית",
"hy":"ארמנית",
"ia":"‏אינטרלינגואה",
"id":"אינדונזית",
"ie":"אינטרלינגה",
"ig":"איגבו",
"ine":"שפה הודו-אירופית",
"inh":"אינגושית",
"io":"אידו",
"ira":"שפה איראנית",
"is":"איסלנדית",
"it":"איטלקית",
"iu":"אינוקטיטוט",
"ja":"יפנית",
"jpr":"פרסית יהודית",
"jrb":"ערבית יהודית",
"jv":"יאוונית",
"ka":"גיאורגית",
"kab":"קבילה",
"kk":"קזחית",
"kl":"קאלאליסוטית",
"km":"קמרית",
"kn":"קנאדה",
"ko":"קוריאנית",
"ks":"קשמירית",
"ku":"כורדית",
"kw":"קורנית",
"ky":"קירגיזית",
"la":"לטינית",
"lad":"לדינו",
"lb":"לוקסמבורגית",
"ln":"לינגלה",
"lo":"לאית",
"lt":"ליטאית",
"lv":"לטבית",
"mag":"מאגאהית",
"mai":"מאיטילית",
"map":"אוסטרונזית",
"mas":"מאסאית",
"mg":"מלגשית",
"mga":"אירית תיכונה",
"mi":"מאורית",
"mis":"שפה אחרת",
"mk":"מקדונית",
"ml":"מלאיאלם",
"mn":"מונגולית",
"mni":"מניפורית",
"mo":"מולדבית",
"mr":"מרטהי",
"ms":"מלאית",
"mt":"מלטית",
"mul":"מספר שפות",
"my":"בורמזית",
"myn":"מאיה",
"na":"נאורית",
"nah":"נאהואטל",
"nai":"שפה אינדיאנית צפון-אמריקאית",
"nap":"נפוליטנית",
"nb":"‏נורבגית ספרותית",
"nd":"צפון נדבלה",
"nds":"גרמנית תחתית",
"ne":"נפאלית",
"nl":"הולנדית",
"nl_BE":"פלמית",
"nn":"נורבגית חדשה",
"no":"נורבגית",
"non":"‏נורדית עתיקה",
"nso":"סוטו הצפונית",
"nub":"שפות נבטיות",
"nv":"נבחו",
"nwc":"נווארית קלאסית",
"ny":"ניאנג'ה",
"oc":"אוקסיטנית",
"or":"אוריה",
"os":"אוסטית",
"ota":"טורקית עותומנית",
"pa":"פנג׳אבית",
"peo":"פרסית עתיקה",
"phi":"שפה פיליפינית",
"phn":"פניקית",
"pl":"פולנית",
"ps":"פאשטו",
"pt":"פורטוגלית",
"pt_BR":"פורטוגזית ברזילאית",
"pt_PT":"פורטוגלית אירופית",
"qu":"קצ'ואה",
"raj":"ראג׳סטן",
"rm":"רומאנש",
"rn":"קירונדי",
"ro":"רומנית",
"rom":"רומאנית",
"ru":"רוסית",
"rup":"ארומנית",
"rw":"קינירואנדה",
"sa":"סנסקריט",
"sai":"שפה אינדיאנית דרום אמריקאית",
"sam":"ארמית שומרונית",
"sat":"סאנטלי",
"sc":"סרדינית",
"scn":"סיציליאנית",
"sco":"סקוטית",
"sd":"סינדהית",
"se":"לאפית צפונית",
"sem":"שפה שמית",
"sg":"סנגו",
"sga":"אירית עתיקה",
"sgn":"שפת סימנים",
"sh":"סרבו-קרואטית",
"si":"סינהלה",
"sid":"סידמו",
"sit":"שפה סינו־טיבטית",
"sk":"סלובקית",
"sl":"סלובנית",
"sla":"שפה סלאבית",
"sm":"סמואית",
"smi":"שפת סאמי",
"sn":"שונה",
"so":"סומלית",
"sq":"אלבנית",
"sr":"סרבית",
"ss":"סיסוואטי",
"st":"ססות׳ו",
"su":"סודנית",
"sux":"שומרית",
"sv":"שוודית",
"sw":"סווהילית",
"swb":"קומורו",
"syr":"סורית",
"ta":"טמילית",
"te":"טלוגו",
"tet":"טטום",
"tg":"טג׳יקית",
"th":"תאי",
"ti":"טיגרינאית",
"tk":"טורקמנית",
"tl":"טגלוג",
"tlh":"קלינגון",
"tn":"צוואנה",
"to":"טונגאית",
"tpi":"טוק פיסין",
"tr":"טורקית",
"ts":"טסונגה",
"tt":"טטרית",
"tw":"טווי",
"ty":"טהיטית",
"ug":"אויגהור",
"uga":"אוגריתית",
"uk":"אוקראינית",
"und":"שפה לא ידועה או לא תקפה",
"ur":"אורדו",
"uz":"אוזבקית",
"ve":"וונדה",
"vi":"ויאטנמית",
"vo":"‏וולאפיק",
"wo":"ג׳ולוף",
"xh":"קסוסה",
"yap":"יאפזית",
"yi":"יידיש",
"yo":"יורובה",
"yue":"קנטונזית",
"zap":"זאפוטק",
"zen":"זנאגה",
"zh":"סינית",
"zh_Hans":"סינית (מפושטת)",
"zh_Hant":"סינית מסורתית",
"zu":"זולו",
"zxx":"ללא תוכן לשוני"
},
"scripts":{
"Arab":"ערבי",
"Armn":"ארמני",
"Bali":"באלינזי",
"Beng":"בנגלי",
"Bopo":"בופומופו",
"Brai":"ברייל",
"Cher":"צ׳ירוקי",
"Copt":"קופטי",
"Cprt":"קפריסאי",
"Cyrl":"קירילי",
"Cyrs":"קירילי סלאבוני כנסייתי עתיק",
"Deva":"דוואנגרי",
"Egyp":"כתב חרטומים",
"Ethi":"אתיופי",
"Geor":"גאורגי",
"Goth":"גותי",
"Grek":"יווני",
"Gujr":"גוג'רטי",
"Guru":"גורמוקי",
"Hang":"האנגול",
"Hani":"האן",
"Hans":"האן מפושט",
"Hant":"האן מסורתי",
"Hebr":"עברי",
"Hira":"הירגאנה",
"Hung":"הונגרי עתיק",
"Inds":"אינדוס",
"Ital":"איטלקי עתיק",
"Jpan":"יפני",
"Kana":"קטקאנה",
"Khmr":"קמרית",
"Knda":"קאנדה",
"Kore":"קוריאני",
"Laoo":"לאית",
"Latg":"לטיני גאלי",
"Latn":"לטיני",
"Mlym":"מליאלאם",
"Mong":"מונגולי",
"Mymr":"מיאנמר",
"Orya":"אורייה",
"Phnx":"פיניקי",
"Runr":"רוני",
"Sinh":"סינהלה",
"Syrc":"סורי",
"Syrj":"סורי מערבי",
"Syrn":"סורי מזרחי",
"Taml":"טמיל",
"Telu":"טלוגו",
"Tglg":"טגלוג",
"Thaa":"כתב טאנה",
"Thai":"תאי",
"Tibt":"טיבטי",
"Ugar":"אוגריתי",
"Xpeo":"פרסי עתיק",
"Zsym":"סמלים",
"Zxxx":"לא כתוב",
"Zyyy":"רגיל",
"Zzzz":"כתב לא ידוע או לא תקף"
},
"territories":{
"001":"העולם",
"002":"אפריקה",
"003":"צפון אמריקה",
"005":"דרום אמריקה",
"009":"אוקיאניה",
"011":"מערב אפריקה",
"013":"מרכז אמריקה",
"014":"מזרח אפריקה",
"015":"צפון אפריקה",
"017":"מרכז אפריקה",
"018":"דרום יבשת אפריקה",
"019":"אמריקה",
"021":"אמריקה הצפונית",
"029":"קריביים",
"030":"מזרח אסיה",
"034":"דרום אסיה",
"035":"דרום־מזרח אסיה",
"039":"דרום אירופה",
"053":"אוסטרליה וניו־זילנד",
"054":"מלנסיה",
"057":"אזור מיקרונזיה",
"061":"פולינזיה",
"062":"דרום־מרכז אסיה",
"142":"אסיה",
"143":"מרכז אסיה",
"145":"מערב אסיה",
"150":"אירופה",
"151":"מזרח אירופה",
"154":"צפון אירופה",
"155":"מערב אירופה",
"172":"חבר המדינות העצמאיות",
"419":"אמריקה הלטינית",
"830":"איי התעלה",
"AC":"האי אסנשן",
"AD":"אנדורה",
"AE":"איחוד האמירויות הערביות",
"AF":"אפגניסטן",
"AG":"אנטיגואה וברבודה",
"AI":"אנגילה",
"AL":"אלבניה",
"AM":"ארמניה",
"AN":"אנטילים הולנדיים",
"AO":"אנגולה",
"AQ":"אנטארקטיקה",
"AR":"ארגנטינה",
"AS":"סמואה האמריקנית",
"AT":"אוסטריה",
"AU":"אוסטרליה",
"AW":"ארובה",
"AX":"איי אלנד",
"AZ":"אזרביג׳ן",
"BA":"בוסניה והרצגובינה",
"BB":"ברבדוס",
"BD":"בנגלדש",
"BE":"בלגיה",
"BF":"בורקינה פאסו",
"BG":"בולגריה",
"BH":"בחריין",
"BI":"בורונדי",
"BJ":"בנין",
"BL":"סנט ברתולומיאו",
"BM":"ברמודה",
"BN":"ברוניי",
"BO":"בוליביה",
"BR":"ברזיל",
"BS":"איי בהאמה",
"BT":"בהוטן",
"BV":"איי בובה",
"BW":"בוטסוואנה",
"BY":"בלארוס",
"BZ":"בליז",
"CA":"קנדה",
"CC":"איי קוקוס",
"CD":"קונגו - קינשאסה",
"CF":"הרפובליקה של מרכז אפריקה",
"CG":"קונגו - ברזאויל",
"CH":"שווייץ",
"CI":"חוף השנהב",
"CK":"איי קוק",
"CL":"צ׳ילה",
"CM":"קמרון",
"CN":"סין",
"CO":"קולומביה",
"CP":"האי קליפרטון",
"CR":"קוסטה ריקה",
"CS":"סרביה ומונטנגרו",
"CU":"קובה",
"CV":"כף ורדה",
"CX":"איי כריסטמס",
"CY":"קפריסין",
"CZ":"צ׳כיה",
"DE":"גרמניה",
"DG":"דייגו גרסיה",
"DJ":"ג׳יבוטי",
"DK":"דנמרק",
"DM":"דומיניקה",
"DO":"הרפובליקה הדומיניקנית",
"DZ":"אלג׳יריה",
"EA":"סאוטה ומלייה",
"EC":"אקוודור",
"EE":"אסטוניה",
"EG":"מצרים",
"EH":"סהרה המערבית",
"ER":"אריתראה",
"ES":"ספרד",
"ET":"אתיופיה",
"EU":"האיחוד האירופי",
"FI":"פינלנד",
"FJ":"פיג׳י",
"FK":"איי פוקלנד",
"FM":"מיקרונזיה",
"FO":"איי פארו",
"FR":"צרפת",
"GA":"גאבון",
"GB":"בריטניה",
"GD":"גרנדה",
"GE":"גאורגיה",
"GF":"גיאנה הצרפתית",
"GG":"גרנסי",
"GH":"גאנה",
"GI":"גיברלטר",
"GL":"גרינלנד",
"GM":"גמביה",
"GN":"גיניאה",
"GP":"גוואדלופ",
"GQ":"גיניאה המשוונית",
"GR":"יוון",
"GS":"ג׳ורג׳יה הדרומית ואיי סנדוויץ׳ הדרומיים",
"GT":"גואטמלה",
"GU":"גואם",
"GW":"גיניאה-ביסאו",
"GY":"גיאנה",
"HK":"הונג קונג - מחוז מנהלי מיוחד של סין",
"HM":"איי הרד ואיי מקדונלנד",
"HN":"הונדורס",
"HR":"קרואטיה",
"HT":"האיטי",
"HU":"הונגריה",
"IC":"האיים הקנריים",
"ID":"אינדונזיה",
"IE":"אירלנד",
"IL":"ישראל",
"IM":"האי מאן",
"IN":"הודו",
"IO":"טריטוריה בריטית באוקיאנוס ההודי",
"IQ":"עיראק",
"IR":"איראן",
"IS":"איסלנד",
"IT":"איטליה",
"JE":"ג׳רסי",
"JM":"ג׳מייקה",
"JO":"ירדן",
"JP":"יפן",
"KE":"קניה",
"KG":"קירגיזסטן",
"KH":"קמבודיה",
"KI":"קיריבאטי",
"KM":"קומורוס",
"KN":"סנט קיטס ונוויס",
"KP":"צפון קוריאה",
"KR":"דרום קוריאה",
"KW":"כווית",
"KY":"איי קיימן",
"KZ":"קזחסטן",
"LA":"לאוס",
"LB":"לבנון",
"LC":"סנט לוסיה",
"LI":"ליכטנשטיין",
"LK":"סרי לנקה",
"LR":"ליבריה",
"LS":"לסוטו",
"LT":"ליטא",
"LU":"לוקסמבורג",
"LV":"לטביה",
"LY":"לוב",
"MA":"מרוקו",
"MC":"מונקו",
"MD":"מולדובה",
"ME":"מונטנגרו",
"MF":"סנט מרטין",
"MG":"מדגסקר",
"MH":"איי מרשל",
"MK":"מקדוניה",
"ML":"מאלי",
"MM":"מייאנמאר",
"MN":"מונגוליה",
"MO":"מקאו - מחוז מנהלי מיוחד של סין",
"MP":"איי מריאנה הצפוניים",
"MQ":"מרטיניק",
"MR":"מאוריטניה",
"MS":"מונסראט",
"MT":"מלטה",
"MU":"מאוריציוס",
"MV":"מלדיבים",
"MW":"מלאווי",
"MX":"מקסיקו",
"MY":"מלזיה",
"MZ":"מוזמביק",
"NA":"נמיביה",
"NC":"קלדוניה החדשה",
"NE":"ניז׳ר",
"NF":"איי נורפוק",
"NG":"ניגריה",
"NI":"ניקרגואה",
"NL":"הולנד",
"NO":"נורווגיה",
"NP":"נפאל",
"NR":"נאורו",
"NU":"ניווה",
"NZ":"ניו זילנד",
"OM":"עומאן",
"PA":"פנמה",
"PE":"פרו",
"PF":"פולינזיה הצרפתית",
"PG":"פפואה גיניאה החדשה",
"PH":"פיליפינים",
"PK":"פקיסטן",
"PL":"פולין",
"PM":"סנט פייר ומיקלון",
"PN":"פיטקרן",
"PR":"פורטו ריקו",
"PS":"השטחים הפלסטיניים",
"PT":"פורטוגל",
"PW":"פאלאו",
"PY":"פרגוואי",
"QA":"קטאר",
"QO":"אוקיאניה פרושה",
"RE":"ראוניון",
"RO":"רומניה",
"RS":"סרביה",
"RU":"רוסיה",
"RW":"רואנדה",
"SA":"ערב הסעודית",
"SB":"איי שלמה",
"SC":"איי סיישל",
"SD":"סודן",
"SE":"שוודיה",
"SG":"סינגפור",
"SH":"סנט הלנה",
"SI":"סלובניה",
"SJ":"סוולבארד וז׳אן מאיין",
"SK":"סלובקיה",
"SL":"סיירה לאונה",
"SM":"סן מרינו",
"SN":"סנגל",
"SO":"סומליה",
"SR":"סורינם",
"ST":"סאו טומה ופרינסיפה",
"SV":"אל סלבדור",
"SY":"סוריה",
"SZ":"סווזילנד",
"TA":"טריסטן דה קונה",
"TC":"איי טורקס וקאיקוס",
"TD":"צ׳אד",
"TF":"טריטוריות דרומיות של צרפת",
"TG":"טוגו",
"TH":"תאילנד",
"TJ":"טג׳יקיסטן",
"TK":"טוקלאו",
"TL":"מזרח טימור",
"TM":"טורקמניסטן",
"TN":"תוניסיה",
"TO":"טונגה",
"TR":"טורקיה",
"TT":"טרינידד וטובגו",
"TV":"טובלו",
"TW":"טייוואן",
"TZ":"טנזניה",
"UA":"אוקראינה",
"UG":"אוגנדה",
"UM":"איים קטנים שלחוף ארצות הברית",
"US":"ארצות הברית",
"UY":"אורוגוואי",
"UZ":"אוזבקיסטן",
"VA":"הוותיקן",
"VC":"סנט וינסנט והגרנדינים",
"VE":"ונצואלה",
"VG":"איי הבתולה הבריטיים",
"VI":"איי הבתולה האמריקניים",
"VN":"וייטנאם",
"VU":"ונואטו",
"WF":"איי ווליס ופוטונה",
"WS":"סמואה",
"YE":"תימן",
"YT":"מאיוט",
"ZA":"דרום אפריקה",
"ZM":"זמביה",
"ZW":"זימבאבווה",
"ZZ":"אזור לא ידוע או לא תקין"
},
"orientation":"right-to-left",
"dateFormat-full":"EEEE, d בMMMM y",
"dateFormat-long":"d בMMMM y",
"dateFormat-medium":"d בMMM yyyy",
"dateFormat-short":"dd/MM/yy",
"timeFormat-full":"HH:mm:ss zzzz",
"timeFormat-long":"HH:mm:ss z",
"timeFormat-medium":"HH:mm:ss",
"timeFormat-short":"HH:mm",
"dateTimeFormat-full":"{1} {0}",
"dateTimeFormat-long":"{1} {0}",
"dateTimeFormat-medium":"{1} {0}",
"dateTimeFormat-short":"{1} {0}",
"months-defaultContext":"format",
"months-defaultWidth":"wide",
"months-format-abbreviated":[
"ינו",
"פבר",
"מרץ",
"אפר",
"מאי",
"יונ",
"יול",
"אוג",
"ספט",
"אוק",
"נוב",
"דצמ"],
"months-format-narrow":[
"1",
"2",
"3",
"4",
"5",
"6",
"7",
"8",
"9",
"10",
"11",
"12"],
"months-format-wide":[
"ינואר",
"פברואר",
"מרץ",
"אפריל",
"מאי",
"יוני",
"יולי",
"אוגוסט",
"ספטמבר",
"אוקטובר",
"נובמבר",
"דצמבר"],
"months-standAlone-abbreviated":[
"ינו׳",
"פבר׳",
"מרץ",
"אפר׳",
"מאי",
"יונ׳",
"יול׳",
"אוג׳",
"ספט׳",
"אוק׳",
"נוב׳",
"דצמ׳"],
"months-standAlone-narrow":[
"1",
"2",
"3",
"4",
"5",
"6",
"7",
"8",
"9",
"10",
"11",
"12"],
"months-standAlone-wide":[
"ינואר",
"פברואר",
"מרץ",
"אפריל",
"מאי",
"יוני",
"יולי",
"אוגוסט",
"ספטמבר",
"אוקטובר",
"נובמבר",
"דצמבר"],
"days-defaultContext":"format",
"days-defaultWidth":"wide",
"days-format-abbreviated":[
"יום א׳",
"יום ב׳",
"יום ג׳",
"יום ד׳",
"יום ה׳",
"יום ו׳",
"שבת"],
"days-format-narrow":[
"א",
"ב",
"ג",
"ד",
"ה",
"ו",
"ש"],
"days-format-wide":[
"יום ראשון",
"יום שני",
"יום שלישי",
"יום רביעי",
"יום חמישי",
"יום שישי",
"יום שבת"],
"days-standAlone-abbreviated":[
"יום א׳",
"יום ב׳",
"יום ג׳",
"יום ד׳",
"יום ה׳",
"יום ו׳",
"שבת"],
"days-standAlone-narrow":[
"א",
"ב",
"ג",
"ד",
"ה",
"ו",
"ש"],
"days-standAlone-wide":[
"יום ראשון",
"יום שני",
"יום שלישי",
"יום רביעי",
"יום חמישי",
"יום שישי",
"יום שבת"],
"quarters-format-abbreviated":[
"רבעון 1",
"רבעון 2",
"רבעון 3",
"רבעון 4"],
"quarters-format-narrow":[
"1",
"2",
"3",
"4"],
"quarters-format-wide":[
"רבעון 1",
"רבעון 2",
"רבעון 3",
"רבעון 4"],
"quarters-standAlone-abbreviated":[
"רבעון 1",
"רבעון 2",
"רבעון 3",
"רבעון 4"],
"quarters-standAlone-narrow":[
"1",
"2",
"3",
"4"],
"quarters-standAlone-wide":[
"רבעון 1",
"רבעון 2",
"רבעון 3",
"רבעון 4"],
"dayPeriods-format-abbreviated":[
"לפנה״צ",
"אחה״צ"],
"dayPeriods-format-narrow":[
"לפנה״צ",
"אחה״צ"],
"dayPeriods-format-wide":[
"לפנה״צ",
"אחה״צ"],
"dayPeriods-standAlone-abbreviated":[
"לפנה״צ",
"אחה״צ"],
"dayPeriods-standAlone-narrow":[
"לפנה״צ",
"אחה״צ"],
"dayPeriods-standAlone-wide":[
"לפנה״צ",
"אחה״צ"],
"decimalFormat":{
"standard":"#,##0.###"},
"decimalFormat-short":{
"1000":"0",
"10000":"0",
"100000":"0",
"1000000":"0",
"10000000":"0",
"100000000":"0",
"1000000000":"0",
"10000000000":"0",
"100000000000":"0",
"1000000000000":"0",
"10000000000000":"0",
"100000000000000":"0"},
"scientificFormat":{
"standard":"#E0"},
"percentFormat":{
"standard":"#,##0%"},
"currencyFormat":{
"standard":"#,##0.00 ¤"},
"symbols-latn-decimal":".",
"symbols-latn-group":",",
"symbols-latn-list":";",
"symbols-latn-percentSign":"%",
"symbols-latn-plusSign":"+",
"symbols-latn-minusSign":"-",
"symbols-latn-exponential":"E",
"symbols-latn-perMille":"‰",
"symbols-latn-infinity":"∞",
"symbols-latn-nan":"NaN",
"weekData-minDays":1,
"weekData-firstDay":0,
"weekData-weekendStart":5,
"weekData-weekendEnd":6
}