{
"languages":{
"aa":"afar",
"ab":"abház",
"ace":"achinéz",
"ach":"akoli",
"ada":"adangme",
"ady":"adyghe",
"ae":"avesztán",
"af":"afrikaans",
"afa":"afroázsiai nyelv",
"afh":"afrihili",
"ain":"ainu",
"ak":"akan",
"akk":"akkád",
"ale":"aleut",
"alg":"algonkin nyelv",
"alt":"dél-altaji",
"am":"amhara",
"an":"aragonéz",
"ang":"óangol",
"anp":"angika",
"apa":"apacs nyelvek",
"ar":"arab",
"arc":"arámi",
"arn":"araucani",
"arp":"arapaho",
"art":"mesterséges nyelv",
"arw":"aravak",
"as":"asszámi",
"asa":"asu",
"ast":"asztúr",
"ath":"atapaszkan nyelvek",
"aus":"ausztrál nyelvek",
"av":"avar",
"awa":"awádi",
"ay":"ajmara",
"az":"azerbajdzsáni",
"ba":"baskír",
"bad":"banda",
"bai":"bamileke nyelvek",
"bal":"balucsi",
"ban":"balinéz",
"bas":"basza",
"bat":"balti nyelv",
"be":"belorusz",
"bej":"bedzsa",
"bem":"bemba",
"ber":"berber",
"bez":"bena",
"bg":"bolgár",
"bh":"bihari",
"bho":"bodzspuri",
"bi":"bislama",
"bik":"bikol",
"bin":"bini",
"bla":"siksika",
"bm":"bambara",
"bn":"bengáli",
"bnt":"bantu",
"bo":"tibeti",
"br":"breton",
"bra":"braj",
"brx":"bodo",
"bs":"bosnyák",
"btk":"batak",
"bua":"burját",
"bug":"buginéz",
"byn":"blin",
"ca":"katalán",
"cad":"caddo",
"cai":"egyéb közép-amerikai indián",
"car":"karib",
"cau":"egyéb kaukázusi",
"cch":"atszam",
"ce":"csecsen",
"ceb":"cebui",
"cel":"egyéb kelta",
"ch":"csamoró",
"chb":"csibcsa",
"chg":"csagatáj",
"chk":"csukéz",
"chm":"mari",
"chn":"csinuk zsargon",
"cho":"csoktó",
"chp":"csipevé",
"chr":"cseroki",
"chy":"csejen",
"cmc":"csam nyelv",
"co":"korzikai",
"cop":"kopt",
"cpe":"egyéb angol alapú kreol és pidgin",
"cpf":"egyéb francia alapú kreol és pidgin",
"cpp":"portugál alapú kreol vagy pidgin",
"cr":"krí",
"crh":"krími tatár",
"crp":"kreol és pidzsin",
"cs":"cseh",
"csb":"kasub",
"cu":"egyházi szláv",
"cus":"kusita nyelv",
"cv":"csuvas",
"cy":"walesi",
"da":"dán",
"dak":"dakota",
"dar":"dargva",
"day":"dajak",
"de":"német",
"de_AT":"osztrák német",
"de_CH":"svájci felnémet",
"del":"delavár",
"den":"szlevi",
"dgr":"dogrib",
"din":"dinka",
"doi":"dogri",
"dra":"egyéb dravida",
"dsb":"alsó szorb",
"dua":"duala",
"dum":"közép holland",
"dv":"divehi",
"dyu":"diula",
"dz":"butáni",
"ebu":"embu",
"ee":"eve",
"efi":"efik",
"egy":"óegyiptomi",
"eka":"ekadzsuk",
"el":"görög",
"elx":"elamit",
"en":"angol",
"en_AU":"ausztrál angol",
"en_CA":"kanadai angol",
"en_GB":"brit angol",
"en_US":"amerikai angol",
"enm":"közép angol",
"eo":"eszperantó",
"es":"spanyol",
"es_419":"latin-amerikai spanyol",
"es_ES":"ibériai spanyol",
"et":"észt",
"eu":"baszk",
"ewo":"evondo",
"fa":"perzsa",
"fan":"fang",
"fat":"fanti",
"ff":"fulani",
"fi":"finn",
"fil":"filippínó",
"fiu":"finnugor nyelv",
"fj":"fidzsi",
"fo":"feröeri",
"fon":"fon",
"fr":"francia",
"fr_CA":"kanadai francia",
"fr_CH":"svájci francia",
"frm":"közép francia",
"fro":"ófrancia",
"frr":"északi fríz",
"frs":"keleti fríz",
"fur":"friuli",
"fy":"fríz",
"ga":"ír",
"gaa":"ga",
"gay":"gajo",
"gba":"gbaja",
"gd":"skót gael",
"gem":"germán nyelv",
"gez":"geez",
"gil":"ikiribati",
"gl":"galíciai",
"gmh":"közép felső német",
"gn":"guarani",
"goh":"ófelső német",
"gon":"gondi",
"gor":"gorontalo",
"got":"gót",
"grb":"grebó",
"grc":"ógörög",
"gsw":"svájci német",
"gu":"gudzsarati",
"gv":"Man-szigeti",
"gwi":"gvicsin",
"ha":"hausza",
"hai":"haida",
"haw":"hawaii",
"he":"héber",
"hi":"hindi",
"hil":"hiligajnon",
"him":"himaháli",
"hit":"hittite",
"hmn":"hmong",
"ho":"hiri motu",
"hr":"horvát",
"hsb":"felső szorb",
"ht":"haiti",
"hu":"magyar",
"hup":"hupa",
"hy":"örmény",
"hz":"herero",
"ia":"interlingva",
"iba":"iban",
"id":"indonéz",
"ie":"interlingue",
"ig":"igbó",
"ii":"szecsuán ji",
"ijo":"idzsó",
"ik":"inupiak",
"ilo":"ilokó",
"inc":"egyéb indiai",
"ine":"indoeurópai nyelv",
"inh":"ingus",
"io":"idó",
"ira":"iráni",
"iro":"irokéz nyelvek",
"is":"izlandi",
"it":"olasz",
"iu":"inuktitut",
"ja":"japán",
"jbo":"lojban",
"jpr":"zsidó-perzsa",
"jrb":"zsidó-arab",
"jv":"jávai",
"ka":"grúz",
"kaa":"kara-kalpak",
"kab":"kabije",
"kac":"kacsin",
"kaj":"jju",
"kam":"kamba",
"kar":"karen",
"kaw":"kawi",
"kbd":"kabardi",
"kcg":"tyap",
"kea":"kabuverdianu",
"kfo":"koro",
"kg":"kongo",
"kha":"kaszi",
"khi":"egyéb koiszan",
"kho":"kotanéz",
"ki":"kikuju",
"kj":"kuanyama",
"kk":"kazah",
"kl":"grönlandi",
"km":"kambodzsai",
"kmb":"kimbundu",
"kn":"kannada",
"ko":"koreai",
"kok":"konkani",
"kos":"kosrei",
"kpe":"kpelle",
"kr":"kanuri",
"krc":"karacsáj-balkár",
"krl":"karelai",
"kro":"kru",
"kru":"kuruh",
"ks":"kásmíri",
"ku":"kurd",
"kum":"kumük",
"kut":"kutenai",
"kv":"komi",
"kw":"korni",
"ky":"kirgiz",
"la":"latin",
"lad":"ladino",
"lah":"lahnda",
"lam":"lamba",
"lb":"luxemburgi",
"lez":"lezg",
"lg":"ganda",
"li":"limburgi",
"ln":"lingala",
"lo":"laoszi",
"lol":"mongó",
"loz":"lozi",
"lt":"litván",
"lu":"luba-katanga",
"lua":"luba-lulua",
"lui":"luiseno",
"lun":"lunda",
"luo":"luo",
"lus":"lushai",
"luy":"lujia",
"lv":"lett",
"mad":"madurai",
"mag":"magahi",
"mai":"maithili",
"mak":"makaszar",
"man":"mandingó",
"map":"ausztronéz",
"mas":"masai",
"mdf":"moksán",
"mdr":"mandar",
"men":"mende",
"mg":"málgas",
"mga":"közép ír",
"mh":"marshalli",
"mi":"maori",
"mic":"mikmak",
"min":"minangkabau",
"mis":"egyéb nyelvek",
"mk":"macedón",
"mkh":"egyéb mon-khmer",
"ml":"malajálam",
"mn":"mongol",
"mnc":"mandzsu",
"mni":"manipuri",
"mno":"manobó nyelvek",
"mo":"moldvai",
"moh":"mohawk",
"mos":"moszi",
"mr":"marathi",
"ms":"maláj",
"mt":"máltai",
"mul":"többszörös nyelvek",
"mun":"munda nyelvek",
"mus":"krík",
"mwl":"mirandéz",
"mwr":"marvari",
"my":"burmai",
"myn":"maja nyelvek",
"myv":"erzjány",
"na":"naurui",
"nah":"nahuati",
"nai":"észak-amerikai indián nyelv",
"nap":"nápolyi",
"nb":"norvég bokmal",
"nd":"északi ndebele",
"nds":"alsónémet",
"ne":"nepáli",
"new":"nevari",
"ng":"ndonga",
"nia":"nias",
"nic":"niger-kordofan nyelv",
"niu":"niui",
"nl":"holland",
"nl_BE":"flamand",
"nn":"norvég nynorsk",
"no":"norvég",
"nog":"nogaj",
"non":"óskandináv",
"nqo":"n'kó",
"nr":"déli ndebele",
"nso":"északi szotó",
"nub":"núbiai nyelv",
"nv":"navahó",
"nwc":"klasszikus newari",
"ny":"nyanja",
"nym":"nyamvézi",
"nyn":"nyankole",
"nyo":"nyoró",
"nzi":"nzima",
"oc":"okszitán",
"oj":"ojibva",
"om":"oromói",
"or":"orija",
"os":"oszét",
"osa":"osage",
"ota":"ottomán török",
"oto":"otomi nyelv",
"pa":"pandzsábi",
"paa":"pápuai nyelv",
"pag":"pangaszinan",
"pal":"pahlavi",
"pam":"pampangan",
"pap":"papiamentó",
"pau":"palaui",
"peo":"óperzsa",
"phi":"Fülöp-szigeteki nyelv",
"phn":"főniciai",
"pi":"pali",
"pl":"lengyel",
"pon":"pohnpei",
"pra":"prakrit nyelvek",
"pro":"óprovánszi",
"ps":"pastu",
"pt":"portugál",
"pt_BR":"brazíliai portugál",
"pt_PT":"ibériai portugál",
"qu":"kecsua",
"raj":"radzsasztáni",
"rap":"rapanui",
"rar":"rarotongai",
"rm":"réto-román",
"rn":"kirundi",
"ro":"román",
"roa":"román nyelv",
"rof":"rombo",
"rom":"roma",
"root":"ősi",
"ru":"orosz",
"rup":"aromán",
"rw":"kiruanda",
"rwk":"rwo",
"sa":"szanszkrit",
"sad":"szandave",
"sah":"jakut",
"sai":"dél-amerikai indián nyelv",
"sal":"szelis nyelv",
"sam":"szamaritánus arámi",
"sas":"sasak",
"sat":"szantáli",
"sc":"szardíniai",
"scn":"szicíliai",
"sco":"skót",
"sd":"szindhi",
"se":"északi számi",
"sel":"szölkup",
"sem":"egyéb szemita",
"sg":"szangó",
"sga":"óír",
"sgn":"jelnyelv",
"sh":"szerbhorvát",
"shn":"san",
"si":"szingaléz",
"sid":"szidamó",
"sio":"sziú nyelvek",
"sit":"sinotibeti nyelv",
"sk":"szlovák",
"sl":"szlovén",
"sla":"szláv nyelv",
"sm":"szamoai",
"sma":"déli számi",
"smi":"lapp nyelv",
"smj":"lule számi",
"smn":"inar sami",
"sms":"koltta lapp",
"sn":"sona",
"snk":"szoninke",
"so":"szomáliai",
"sog":"sogdien",
"son":"szongai",
"sq":"albán",
"sr":"szerb",
"srn":"szranai tongó",
"srr":"szerer",
"ss":"sziszuati",
"ssa":"nílusi-szaharai nyelv",
"st":"szeszotó",
"su":"szundanéz",
"suk":"szukuma",
"sus":"szuszu",
"sux":"sumér",
"sv":"svéd",
"sw":"szuahéli",
"swb":"comorei",
"syc":"klasszikus szír",
"syr":"szíriai",
"ta":"tamil",
"tai":"thai nyelv",
"te":"telugu",
"tem":"temne",
"ter":"terenó",
"tet":"tetum",
"tg":"tadzsik",
"th":"thai",
"ti":"tigrinja",
"tig":"tigré",
"tiv":"tiv",
"tk":"türkmén",
"tkl":"tokelaui",
"tl":"tagalog",
"tlh":"klingon",
"tli":"tlingit",
"tmh":"tamasek",
"tn":"szecsuáni",
"to":"tonga",
"tog":"nyasa tonga",
"tpi":"tok pisin",
"tr":"török",
"ts":"conga",
"tsi":"csimsiáni",
"tt":"tatár",
"tum":"tumbuka",
"tup":"tupi nyelv",
"tut":"altáji nyelv",
"tvl":"tuvalu",
"tw":"twi",
"ty":"tahiti",
"tyv":"tuvai",
"udm":"udmurt",
"ug":"ujgur",
"uga":"ugariti",
"uk":"ukrán",
"umb":"umbundu",
"und":"ismeretlen vagy érvénytelen nyelv",
"ur":"urdu",
"uz":"üzbég",
"vai":"vai",
"ve":"venda",
"vi":"vietnami",
"vo":"volapük",
"vot":"votják",
"wa":"vallon",
"wae":"walser",
"wak":"vakas nyelv",
"wal":"valamo",
"war":"varaó",
"was":"vasó",
"wen":"szorb nyelvek",
"wo":"volof",
"xal":"kalmük",
"xh":"hosza",
"yao":"jaó",
"yap":"japi",
"yi":"jiddis",
"yo":"joruba",
"ypk":"jupik nyelv",
"yue":"kantoni",
"za":"zsuang",
"zap":"zapoték",
"zbl":"Bliss jelképrendszer",
"zen":"zenaga",
"zh":"kínai",
"zh_Hans":"egyszerűsített kínai",
"zh_Hant":"hagyományos kínai",
"znd":"zande",
"zu":"zulu",
"zun":"zuni",
"zxx":"nincs nyelvészeti tartalom",
"zza":"zaza"
},
"scripts":{
"Arab":"Arab",
"Armi":"Birodalmi arámi",
"Armn":"Örmény",
"Avst":"Avesztán",
"Bali":"Balinéz",
"Batk":"Batak",
"Beng":"Bengáli",
"Blis":"Bliss jelképrendszer",
"Bopo":"Bopomofo",
"Brah":"Brámi",
"Brai":"Vakírás",
"Bugi":"Buginéz",
"Buhd":"Buhid",
"Cakm":"Csakma",
"Cans":"Egyesített kanadai őslakos jelek",
"Cari":"Kari",
"Cham":"Csám",
"Cher":"Cseroki",
"Copt":"Kopt",
"Cprt":"Ciprusi",
"Cyrl":"Cirill",
"Cyrs":"Óegyházi szláv cirill",
"Deva":"Devanagári",
"Dsrt":"Deseret",
"Egyd":"Egyiptomi demotikus",
"Egyh":"Egyiptomi hieratikus",
"Egyp":"Egyiptomi hieroglifák",
"Ethi":"Etióp",
"Geok":"Grúz kucsuri",
"Geor":"Grúz",
"Glag":"Glagolitikus",
"Goth":"Gót",
"Grek":"Görög",
"Gujr":"Gudzsaráti",
"Guru":"Gurmuki",
"Hang":"Hangul",
"Hani":"Han",
"Hano":"Hanunoo",
"Hans":"Egyszerűsített Han",
"Hant":"Hagyományos Han",
"Hebr":"Héber",
"Hira":"Hiragana",
"Hmng":"Pahawh hmong",
"Hrkt":"Katakana vagy hiragana",
"Hung":"Ómagyar",
"Inds":"Indus",
"Ital":"Régi olasz",
"Java":"Jávai",
"Jpan":"Japán",
"Kali":"Kajah li",
"Kana":"Katakana",
"Khar":"Kharoshthi",
"Khmr":"Khmer",
"Knda":"Kannada",
"Kore":"Koreai",
"Kthi":"Kaithi",
"Lana":"Lanna",
"Laoo":"Lao",
"Latf":"Fraktur latin",
"Latg":"Gael latin",
"Latn":"Latin",
"Lepc":"Lepcha",
"Limb":"Limbu",
"Lina":"Lineáris A",
"Linb":"Lineáris B",
"Lyci":"Líciai",
"Lydi":"Lídiai",
"Mand":"Mandai",
"Mani":"Manicheus",
"Maya":"Maja hieroglifák",
"Mero":"Meroitikus",
"Mlym":"Malajálam",
"Mong":"Mongol",
"Moon":"Moon",
"Mtei":"Meitei mayek",
"Mymr":"Burmai",
"Nkoo":"N'ko",
"Ogam":"Ogham",
"Olck":"Ol chiki",
"Orkh":"Orhon",
"Orya":"Oriya",
"Osma":"Oszmán",
"Perm":"Ópermikus",
"Phag":"Phags-pa",
"Phli":"Felriatos pahlavi",
"Phlp":"Psalter pahlavi",
"Phlv":"Könyv pahlavi",
"Phnx":"Főniciai",
"Plrd":"Pollard fonetikus",
"Prti":"Feliratos parthian",
"Rjng":"Redzsang",
"Roro":"Rongorongo",
"Runr":"Runikus",
"Samr":"Szamaritán",
"Sara":"Szarati",
"Saur":"Szaurastra",
"Sgnw":"Jelírás",
"Shaw":"Shaw ábécé",
"Sinh":"Szingaléz",
"Sund":"Szundanéz",
"Sylo":"Sylheti nagári",
"Syrc":"Szíriai",
"Syre":"Estrangelo szíriai",
"Syrj":"Nyugat-szíriai",
"Syrn":"Kelet-szíriai",
"Tagb":"Tagbanwa",
"Tale":"Tai Le",
"Talu":"Új tai lue",
"Taml":"Tamil",
"Tavt":"Tai viet",
"Telu":"Telugu",
"Teng":"Tengwar",
"Tfng":"Berber",
"Tglg":"Tagalog",
"Thaa":"Thaana",
"Thai":"Thai",
"Tibt":"Tibeti",
"Ugar":"Ugari",
"Vaii":"Vai",
"Visp":"Látható beszéd",
"Xpeo":"Óperzsa",
"Xsux":"Ékírásos suméro-akkád",
"Yiii":"Ji",
"Zinh":"Származtatott",
"Zmth":"Matematikai jelrendszer",
"Zsym":"Szimbólum",
"Zxxx":"Íratlan nyelvek kódja",
"Zyyy":"Meghatározatlan",
"Zzzz":"Ismeretlen vagy érvénytelen írásrendszer"
},
"territories":{
"001":"Világ",
"002":"Afrika",
"003":"Észak-Amerika",
"005":"Dél-Amerika",
"009":"Óceánia",
"011":"Nyugat-Afrika",
"013":"Közép-Amerika",
"014":"Kelet-Afrika",
"015":"Észak-Afrika",
"017":"Közép-Afrika",
"018":"Afrika déli része",
"019":"Amerika",
"021":"Amerika északi része",
"029":"Karib-térség",
"030":"Kelet-Ázsia",
"034":"Dél-Ázsia",
"035":"Délkelet-Ázsia",
"039":"Dél-Európa",
"053":"Ausztrália és Új-Zéland",
"054":"Melanézia",
"057":"Mikronéziai régió",
"061":"Polinézia",
"062":"Délközép-Ázsia",
"142":"Ázsia",
"143":"Közép-Ázsia",
"145":"Nyugat-Ázsia",
"150":"Európa",
"151":"Kelet-Európa",
"154":"Észak-Európa",
"155":"Nyugat-Európa",
"172":"Független Államok Közössége",
"419":"Latin-Amerika",
"830":"Csatorna-szigetek",
"AC":"Ascension-sziget",
"AD":"Andorra",
"AE":"Egyesült Arab Emirátus",
"AF":"Afganisztán",
"AG":"Antigua és Barbuda",
"AI":"Anguilla",
"AL":"Albánia",
"AM":"Örményország",
"AN":"Holland Antillák",
"AO":"Angola",
"AQ":"Antarktisz",
"AR":"Argentína",
"AS":"Amerikai Szamoa",
"AT":"Ausztria",
"AU":"Ausztrália",
"AW":"Aruba",
"AX":"Aland-szigetek",
"AZ":"Azerbajdzsán",
"BA":"Bosznia-Hercegovina",
"BB":"Barbados",
"BD":"Banglades",
"BE":"Belgium",
"BF":"Burkina Faso",
"BG":"Bulgária",
"BH":"Bahrein",
"BI":"Burundi",
"BJ":"Benin",
"BL":"Saint Barthélemy",
"BM":"Bermuda",
"BN":"Brunei",
"BO":"Bolívia",
"BR":"Brazília",
"BS":"Bahama-szigetek",
"BT":"Bhután",
"BV":"Bouvet-sziget",
"BW":"Botswana",
"BY":"Fehéroroszország",
"BZ":"Belize",
"CA":"Kanada",
"CC":"Kókusz-szigetek",
"CD":"Kongó - Kinshasa",
"CF":"Közép-afrikai Köztársaság",
"CG":"Kongó - Brazzaville",
"CH":"Svájc",
"CI":"Elefántcsontpart",
"CK":"Cook-szigetek",
"CL":"Chile",
"CM":"Kamerun",
"CN":"Kína",
"CO":"Kolumbia",
"CP":"Clipperton-sziget",
"CR":"Costa Rica",
"CS":"Szerbia és Montenegró",
"CU":"Kuba",
"CV":"Zöld-foki Köztársaság",
"CX":"Karácsony-szigetek",
"CY":"Ciprus",
"CZ":"Csehország",
"DE":"Németország",
"DG":"Diego Garcia",
"DJ":"Dzsibuti",
"DK":"Dánia",
"DM":"Dominika",
"DO":"Dominikai Köztársaság",
"DZ":"Algéria",
"EA":"Ceuta és Melilla",
"EC":"Ecuador",
"EE":"Észtország",
"EG":"Egyiptom",
"EH":"Nyugat-Szahara",
"ER":"Eritrea",
"ES":"Spanyolország",
"ET":"Etiópia",
"EU":"Európai Unió",
"FI":"Finnország",
"FJ":"Fidzsi",
"FK":"Falkland-szigetek",
"FM":"Mikronézia",
"FO":"Feröer-szigetek",
"FR":"Franciaország",
"GA":"Gabon",
"GB":"Egyesült Királyság",
"GD":"Grenada",
"GE":"Grúzia",
"GF":"Francia Guyana",
"GG":"Guernsey",
"GH":"Ghána",
"GI":"Gibraltár",
"GL":"Grönland",
"GM":"Gambia",
"GN":"Guinea",
"GP":"Guadeloupe",
"GQ":"Egyenlítői-Guinea",
"GR":"Görögország",
"GS":"Dél Grúzia és a Déli Szendvics-szigetek",
"GT":"Guatemala",
"GU":"Guam",
"GW":"Guinea-Bissau",
"GY":"Guyana",
"HK":"Hongkong SAR Kína",
"HM":"Heard és McDonald Szigetek",
"HN":"Honduras",
"HR":"Horvátország",
"HT":"Haiti",
"HU":"Magyarország",
"IC":"Kanári-szigetek",
"ID":"Indonézia",
"IE":"Írország",
"IL":"Izrael",
"IM":"Man-sziget",
"IN":"India",
"IO":"Brit Indiai-óceáni Terület",
"IQ":"Irak",
"IR":"Irán",
"IS":"Izland",
"IT":"Olaszország",
"JE":"Jersey",
"JM":"Jamaica",
"JO":"Jordánia",
"JP":"Japán",
"KE":"Kenya",
"KG":"Kirgizisztán",
"KH":"Kambodzsa",
"KI":"Kiribati",
"KM":"Comore-szigetek",
"KN":"Saint Kitts és Nevis",
"KP":"Észak-Korea",
"KR":"Dél-Korea",
"KW":"Kuvait",
"KY":"Kajmán-szigetek",
"KZ":"Kazahsztán",
"LA":"Laosz",
"LB":"Libanon",
"LC":"Santa Lucia",
"LI":"Liechtenstein",
"LK":"Srí Lanka",
"LR":"Libéria",
"LS":"Lesotho",
"LT":"Litvánia",
"LU":"Luxemburg",
"LV":"Lettország",
"LY":"Líbia",
"MA":"Marokkó",
"MC":"Monaco",
"MD":"Moldova",
"ME":"Montenegró",
"MF":"Saint Martin",
"MG":"Madagaszkár",
"MH":"Marshall-szigetek",
"MK":"Macedónia",
"ML":"Mali",
"MM":"Mianmar [Burma]",
"MN":"Mongólia",
"MO":"Makaó SAR Kína",
"MP":"Északi Mariana-szigetek",
"MQ":"Martinique",
"MR":"Mauritánia",
"MS":"Montserrat",
"MT":"Málta",
"MU":"Mauritius",
"MV":"Maldív-szigetek",
"MW":"Malawi",
"MX":"Mexikó",
"MY":"Malajzia",
"MZ":"Mozambik",
"NA":"Namíbia",
"NC":"Új-Kaledónia",
"NE":"Niger",
"NF":"Norfolk-sziget",
"NG":"Nigéria",
"NI":"Nicaragua",
"NL":"Hollandia",
"NO":"Norvégia",
"NP":"Nepál",
"NR":"Nauru",
"NU":"Niue",
"NZ":"Új-Zéland",
"OM":"Omán",
"PA":"Panama",
"PE":"Peru",
"PF":"Francia Polinézia",
"PG":"Pápua Új-Guinea",
"PH":"Fülöp-szigetek",
"PK":"Pakisztán",
"PL":"Lengyelország",
"PM":"Saint Pierre és Miquelon",
"PN":"Pitcairn-szigetek",
"PR":"Puerto Rico",
"PS":"Palesztin Terület",
"PT":"Portugália",
"PW":"Palau",
"PY":"Paraguay",
"QA":"Katar",
"QO":"Külső-Óceánia",
"RE":"Reunion",
"RO":"Románia",
"RS":"Szerbia",
"RU":"Oroszországi Föderáció",
"RW":"Ruanda",
"SA":"Szaúd-Arábia",
"SB":"Salamon-szigetek",
"SC":"Seychelle-szigetek",
"SD":"Szudán",
"SE":"Svédország",
"SG":"Szingapúr",
"SH":"Szent Helena",
"SI":"Szlovénia",
"SJ":"Spitzbergák és Jan Mayen-szigetek",
"SK":"Szlovákia",
"SL":"Sierra Leone",
"SM":"San Marino",
"SN":"Szenegál",
"SO":"Szomália",
"SR":"Suriname",
"ST":"Sao Tomé és Príncipe",
"SV":"Salvador",
"SY":"Szíria",
"SZ":"Szváziföld",
"TA":"Tristan da Cunha",
"TC":"Turks- és Caicos-szigetek",
"TD":"Csád",
"TF":"Francia Déli Területek",
"TG":"Togo",
"TH":"Thaiföld",
"TJ":"Tadzsikisztán",
"TK":"Tokelau",
"TL":"Kelet-Timor",
"TM":"Türkmenisztán",
"TN":"Tunézia",
"TO":"Tonga",
"TR":"Törökország",
"TT":"Trinidad és Tobago",
"TV":"Tuvalu",
"TW":"Tajvan",
"TZ":"Tanzánia",
"UA":"Ukrajna",
"UG":"Uganda",
"UM":"Amerikai Csendes-óceáni Szigetek",
"US":"Egyesült Államok",
"UY":"Uruguay",
"UZ":"Üzbegisztán",
"VA":"Vatikán",
"VC":"Saint Vincent és a Grenadine-szigetek",
"VE":"Venezuela",
"VG":"Brit Virgin-szigetek",
"VI":"Amerikai Virgin-szigetek",
"VN":"Vietnam",
"VU":"Vanuatu",
"WF":"Wallis- és Futuna-szigetek",
"WS":"Szamoa",
"YE":"Jemen",
"YT":"Mayotte",
"ZA":"Dél-afrikai Köztársaság",
"ZM":"Zambia",
"ZW":"Zimbabwe",
"ZZ":"Ismeretlen vagy érvénytelen körzet"
},
"orientation":"left-to-right",
"dateFormat-full":"y. MMMM d., EEEE",
"dateFormat-long":"y. MMMM d.",
"dateFormat-medium":"yyyy.MM.dd.",
"dateFormat-short":"yyyy.MM.dd.",
"timeFormat-full":"H:mm:ss zzzz",
"timeFormat-long":"H:mm:ss z",
"timeFormat-medium":"H:mm:ss",
"timeFormat-short":"H:mm",
"dateTimeFormat-full":"{1} {0}",
"dateTimeFormat-long":"{1} {0}",
"dateTimeFormat-medium":"{1} {0}",
"dateTimeFormat-short":"{1} {0}",
"months-defaultContext":"format",
"months-defaultWidth":"wide",
"months-format-abbreviated":[
"jan.",
"febr.",
"márc.",
"ápr.",
"máj.",
"jún.",
"júl.",
"aug.",
"szept.",
"okt.",
"nov.",
"dec."],
"months-format-narrow":[
"J",
"F",
"M",
"Á",
"M",
"J",
"J",
"Á",
"Sz",
"O",
"N",
"D"],
"months-format-wide":[
"január",
"február",
"március",
"április",
"május",
"június",
"július",
"augusztus",
"szeptember",
"október",
"november",
"december"],
"months-standAlone-abbreviated":[
"jan.",
"febr.",
"márc.",
"ápr.",
"máj.",
"jún.",
"júl.",
"aug.",
"szept.",
"okt.",
"nov.",
"dec."],
"months-standAlone-narrow":[
"J",
"F",
"M",
"Á",
"M",
"J",
"J",
"A",
"Sz",
"O",
"N",
"D"],
"months-standAlone-wide":[
"január",
"február",
"március",
"április",
"május",
"június",
"július",
"augusztus",
"szeptember",
"október",
"november",
"december"],
"days-defaultContext":"format",
"days-defaultWidth":"wide",
"days-format-abbreviated":[
"V",
"H",
"K",
"Sze",
"Cs",
"P",
"Szo"],
"days-format-narrow":[
"V",
"H",
"K",
"Sz",
"Cs",
"P",
"Sz"],
"days-format-wide":[
"vasárnap",
"hétfő",
"kedd",
"szerda",
"csütörtök",
"péntek",
"szombat"],
"days-standAlone-abbreviated":[
"V",
"H",
"K",
"Sze",
"Cs",
"P",
"Szo"],
"days-standAlone-narrow":[
"V",
"H",
"K",
"Sz",
"Cs",
"P",
"Sz"],
"days-standAlone-wide":[
"vasárnap",
"hétfő",
"kedd",
"szerda",
"csütörtök",
"péntek",
"szombat"],
"quarters-format-abbreviated":[
"N1",
"N2",
"N3",
"N4"],
"quarters-format-narrow":[
"1",
"2",
"3",
"4"],
"quarters-format-wide":[
"I. negyedév",
"II. negyedév",
"III. negyedév",
"IV. negyedév"],
"quarters-standAlone-abbreviated":[
"N1",
"N2",
"N3",
"N4"],
"quarters-standAlone-narrow":[
"1",
"2",
"3",
"4"],
"quarters-standAlone-wide":[
"1. negyedév",
"2. negyedév",
"3. negyedév",
"4. negyedév"],
"dayPeriods-format-abbreviated":[
"de.",
"du."],
"dayPeriods-format-narrow":[
"de.",
"du."],
"dayPeriods-format-wide":[
"de.",
"du."],
"dayPeriods-standAlone-abbreviated":[
"de.",
"du."],
"dayPeriods-standAlone-narrow":[
"de.",
"du."],
"dayPeriods-standAlone-wide":[
"de.",
"du."],
"decimalFormat":{
"standard":"#,##0.###"},
"decimalFormat-short":{
"1000":"0.0K",
"10000":"00K",
"100000":"000K",
"1000000":"0.0M",
"10000000":"00M",
"100000000":"000M",
"1000000000":"0.0B",
"10000000000":"00B",
"100000000000":"000B",
"1000000000000":"0.0T",
"10000000000000":"00T",
"100000000000000":"000T"},
"scientificFormat":{
"standard":"#E0"},
"percentFormat":{
"standard":"#,##0%"},
"currencyFormat":{
"standard":"#,##0.00 ¤"},
"symbols-latn-decimal":",",
"symbols-latn-group":" ",
"symbols-latn-list":";",
"symbols-latn-percentSign":"%",
"symbols-latn-plusSign":"+",
"symbols-latn-minusSign":"-",
"symbols-latn-exponential":"E",
"symbols-latn-perMille":"‰",
"symbols-latn-infinity":"∞",
"symbols-latn-nan":"NaN",
"weekData-minDays":1,
"weekData-firstDay":1,
"weekData-weekendStart":6,
"weekData-weekendEnd":0
}