{
"languages":{
"aa":"afar",
"ab":"abkhazian",
"ace":"accinese",
"ach":"acioli",
"ada":"adangme",
"ady":"adyghe",
"ae":"avestan",
"af":"afrikaans",
"afa":"lingua afroasiatica",
"afh":"afrihili",
"ain":"ainu",
"ak":"akan",
"akk":"accado",
"ale":"aleuto",
"alg":"lingue algonchine",
"alt":"altai meridionale",
"am":"amarico",
"an":"aragonese",
"ang":"inglese antico",
"anp":"angika",
"apa":"lingue apache",
"ar":"arabo",
"arc":"aramaico",
"arn":"araucano",
"arp":"arapaho",
"art":"lingua artificiale",
"arw":"aruaco",
"as":"assamese",
"ast":"asturiano",
"ath":"lingue athabaska",
"aus":"lingue australiane",
"av":"avaro",
"awa":"awadhi",
"ay":"aymara",
"az":"azerbaigiano",
"ba":"baschiro",
"bad":"banda",
"bai":"lingue bamileke",
"bal":"beluci",
"ban":"balinese",
"bas":"basa",
"bat":"lingua baltica",
"be":"bielorusso",
"bej":"begia",
"bem":"wemba",
"ber":"berbero",
"bg":"bulgaro",
"bh":"bihari",
"bho":"bhojpuri",
"bi":"bislama",
"bik":"bicol",
"bin":"bini",
"bla":"siksika",
"bm":"bambara",
"bn":"bengalese",
"bnt":"bantu",
"bo":"tibetano",
"br":"bretone",
"bra":"braj",
"bs":"bosniaco",
"btk":"batak",
"bua":"buriat",
"bug":"bugi",
"byn":"blin",
"ca":"catalano",
"cad":"caddo",
"cai":"lingua indiana dell'America Centrale",
"car":"caribico",
"cau":"lingua caucasica",
"cch":"atsam",
"ce":"ceceno",
"ceb":"cebuano",
"cel":"celtica altra lingua",
"ch":"chamorro",
"chb":"chibcha",
"chg":"ciagataico",
"chk":"chuukese",
"chm":"mari",
"chn":"gergo chinook",
"cho":"choctaw",
"chp":"chipewyan",
"chr":"cherokee",
"chy":"cheyenne",
"cmc":"lingue chamic",
"co":"corso",
"cop":"copto",
"cpe":"creolo o pidgin basati sull'inglese",
"cpf":"creolo o pidgin basati sul francese",
"cpp":"creolo o pidgin basati sul portoghese",
"cr":"cree",
"crh":"turco crimeo",
"crp":"creolo o pidgin",
"cs":"ceco",
"csb":"kashubian",
"cu":"slavo della Chiesa",
"cus":"lingua cuscitica",
"cv":"chuvash",
"cy":"gallese",
"da":"danese",
"dak":"dakota",
"dar":"dargwa",
"day":"dayak",
"de":"tedesco",
"de_AT":"tedesco austriaco",
"de_CH":"alto tedesco svizzero",
"del":"delaware",
"den":"slave",
"dgr":"dogrib",
"din":"dinca",
"doi":"dogri",
"dra":"lingua dravidica",
"dsb":"basso sorabo",
"dua":"duala",
"dum":"olandese medio",
"dv":"divehi",
"dyu":"diula",
"dz":"dzongkha",
"ee":"ewe",
"efi":"efik",
"egy":"egiziano antico",
"eka":"ekajuka",
"el":"greco",
"elx":"elamitico",
"en":"inglese",
"en_AU":"inglese australiano",
"en_CA":"inglese canadese",
"en_GB":"inglese britannico",
"en_US":"inglese americano",
"enm":"inglese medio",
"eo":"esperanto",
"es":"spagnolo",
"es_419":"spagnolo latinoamericano",
"es_ES":"spagnolo della Spagna",
"et":"estone",
"eu":"basco",
"ewo":"ewondo",
"fa":"persiano",
"fan":"fang",
"fat":"fanti",
"ff":"fulah",
"fi":"finlandese",
"fil":"filippino",
"fiu":"lingua ungrofinnica",
"fj":"figiano",
"fo":"faroese",
"fr":"francese",
"fr_CA":"francese canadese",
"fr_CH":"francese svizzero",
"frm":"francese medio",
"fro":"francese antico",
"frr":"frisone settentrionale",
"fur":"friulano",
"fy":"frisone",
"ga":"irlandese",
"gaa":"ga",
"gay":"gayo",
"gba":"gbaya",
"gd":"gaelico scozzese",
"gem":"lingua germanica",
"gez":"geez",
"gil":"gilbertese",
"gl":"galiziano",
"gmh":"tedesco medio alto",
"gn":"guarana",
"goh":"tedesco antico alto",
"gon":"gondi",
"gor":"gorontalo",
"got":"gotico",
"grb":"gerbo",
"grc":"greco antico",
"gsw":"tedesco svizzero",
"gu":"gujarati",
"gv":"manx",
"gwi":"gwichʼin",
"ha":"haussa",
"hai":"haida",
"haw":"hawaiano",
"he":"ebraico",
"hi":"hindi",
"hil":"hiligayna",
"him":"himachali",
"hit":"hittite",
"hmn":"hmong",
"ho":"hiri motu",
"hr":"croato",
"hsb":"alto sorabo",
"ht":"haitiano",
"hu":"ungherese",
"hup":"hupa",
"hy":"armeno",
"hz":"herero",
"ia":"interlingua",
"iba":"iban",
"id":"indonesiano",
"ie":"interlingue",
"ig":"igbo",
"ii":"sichuan yi",
"ik":"inupiak",
"ilo":"ilocano",
"inc":"lingua indiana",
"ine":"lingua indoeuropea",
"inh":"ingush",
"io":"ido",
"ira":"iraniana",
"iro":"lingue irochesi",
"is":"islandese",
"it":"italiano",
"iu":"inuktitut",
"ja":"giapponese",
"jbo":"lojban",
"jpr":"giudeo persiano",
"jrb":"giudeo arabo",
"jv":"giavanese",
"ka":"georgiano",
"kaa":"kara-kalpak",
"kab":"kabyle",
"kac":"kachin",
"kaj":"kai",
"kam":"kamba",
"kar":"karen",
"kaw":"kawi",
"kbd":"kabardia",
"kcg":"tyap",
"kg":"kongo",
"kha":"khasi",
"khi":"lingua khoisan",
"kho":"khotanese",
"ki":"kikuyu",
"kj":"kuanyama",
"kk":"kazako",
"kl":"kalaallisut",
"km":"khmer",
"kmb":"kimbundu",
"kn":"kannada",
"ko":"coreano",
"kok":"konkani",
"kos":"kosraean",
"kpe":"kpelle",
"kr":"kanuri",
"krc":"karachay-Balkar",
"krl":"careliano",
"kro":"kru",
"kru":"kurukh",
"ks":"kashmiri",
"ku":"curdo",
"kum":"kumyk",
"kut":"kutenai",
"kv":"komi",
"kw":"cornico",
"ky":"kirghiso",
"la":"latino",
"lad":"ladino",
"lah":"lahnda",
"lam":"lamba",
"lb":"lussemburghese",
"lez":"lezghian",
"lg":"ganda",
"li":"limburgese",
"ln":"lingala",
"lo":"lao",
"lol":"lolo bantu",
"loz":"lozi",
"lt":"lituano",
"lu":"luba-katanga",
"lua":"luba-lulua",
"lui":"luiseno",
"lun":"lunda",
"luo":"luo",
"lus":"lushai",
"lv":"lettone",
"mad":"madurese",
"mag":"magahi",
"mai":"maithili",
"mak":"makasar",
"man":"mandingo",
"map":"austronesiano",
"mas":"masai",
"mdf":"moksha",
"mdr":"mandar",
"men":"mende",
"mg":"malgascio",
"mga":"irlandese medio",
"mh":"marshallese",
"mi":"maori",
"mic":"micmac",
"min":"menangkabau",
"mis":"lingue diverse",
"mk":"macedone",
"mkh":"lingua mon-khmer",
"ml":"malayalam",
"mn":"mongolo",
"mnc":"manchu",
"mni":"manipuri",
"mno":"manobo",
"mo":"moldavo",
"moh":"mohawk",
"mos":"mossi",
"mr":"marathi",
"ms":"malese",
"mt":"maltese",
"mul":"multilingua",
"mun":"lingua munda",
"mus":"creek",
"mwl":"mirandese",
"mwr":"marwari",
"my":"birmano",
"myn":"lingue maya",
"myv":"erzya",
"na":"nauru",
"nah":"nahuatl",
"nai":"lingua indiana del Nord America",
"nap":"napoletano",
"nb":"norvegese bokmal",
"nd":"ndebele del nord",
"nds":"basso tedesco",
"ne":"nepalese",
"new":"newari",
"ng":"ndonga",
"nia":"nias",
"nic":"lingua niger-cordofan",
"niu":"niue",
"nl":"olandese",
"nl_BE":"fiammingo belga",
"nn":"norvegese nynorsk",
"no":"norvegese",
"nog":"nogai",
"non":"norse antico",
"nqo":"n'ko",
"nr":"ndebele del sud",
"nso":"sotho del nord",
"nub":"nubiano",
"nv":"navajo",
"nwc":"newari classico",
"ny":"nyanja",
"nym":"nyamwezi",
"nyn":"nyankole",
"nyo":"nyoro",
"nzi":"nzima",
"oc":"occitano",
"oj":"ojibwa",
"om":"oromo",
"or":"oriya",
"os":"ossetico",
"osa":"osage",
"ota":"turco ottomano",
"oto":"lingue otomi",
"pa":"punjabi",
"paa":"lingua papuana",
"pag":"pangasinan",
"pal":"pahlavi",
"pam":"pampanga",
"pap":"papiamento",
"pau":"palau",
"peo":"persiano antico",
"phi":"lingua filippina",
"phn":"fenicio",
"pi":"pali",
"pl":"polacco",
"pon":"ponape",
"pra":"pracrito",
"pro":"provenzale antico",
"ps":"pashto",
"pt":"portoghese",
"pt_BR":"portoghese brasiliano",
"pt_PT":"portoghese del Portogallo",
"qu":"quechua",
"raj":"rajasthani",
"rap":"rapanui",
"rar":"rarotonga",
"rm":"lingua rhaeto-romance",
"rn":"rundi",
"ro":"rumeno",
"roa":"lingua romanza",
"rom":"romani",
"ru":"russo",
"rup":"arumeno",
"rw":"kinyarwanda",
"sa":"sanscrito",
"sad":"sandawe",
"sah":"yakut",
"sai":"lingua indiana del Sud America",
"sal":"lingue salish",
"sam":"aramaico samaritano",
"sas":"sasak",
"sat":"santali",
"sc":"sardo",
"scn":"siciliano",
"sco":"scozzese",
"sd":"sindhi",
"se":"sami del nord",
"sel":"selkup",
"sem":"lingua semitica",
"sg":"sango",
"sga":"irlandese antico",
"sgn":"lingue sign",
"sh":"serbo-croato",
"shn":"shan",
"si":"singalese",
"sid":"sidamo",
"sio":"lingue sioux",
"sit":"lingua sino-tibetana",
"sk":"slovacco",
"sl":"sloveno",
"sla":"lingua slava",
"sm":"samoano",
"sma":"sami del sud",
"smi":"lingua sami",
"smj":"sami lule",
"smn":"sami inari",
"sms":"sami skolt",
"sn":"shona",
"snk":"soninke",
"so":"somalo",
"sog":"sogdiano",
"son":"songhai",
"sq":"albanese",
"sr":"serbo",
"srn":"sranan tongo",
"srr":"serer",
"ss":"swati",
"ssa":"lingua nilo-sahariana",
"st":"sotho del sud",
"su":"sundanese",
"suk":"sukuma",
"sus":"susu",
"sux":"sumero",
"sv":"svedese",
"sw":"swahili",
"swb":"comoriano",
"syr":"siriaco",
"ta":"tamil",
"tai":"lingua tailandese",
"te":"telugu",
"tem":"temne",
"ter":"tereno",
"tet":"tetum",
"tg":"tagicco",
"th":"thai",
"ti":"tigrinya",
"tig":"tigre",
"tiv":"tiv",
"tk":"turcomanno",
"tkl":"tokelau",
"tl":"tagalog",
"tlh":"klingon",
"tli":"tlingit",
"tmh":"tamashek",
"tn":"tswana",
"to":"tonga",
"tog":"nyasa del Tonga",
"tpi":"tok pisin",
"tr":"turco",
"ts":"tsonga",
"tsi":"tsimshian",
"tt":"tatarico",
"tum":"tumbuka",
"tup":"lingue tupi",
"tut":"lingua altaica",
"tvl":"tuvalu",
"tw":"ci",
"ty":"taitiano",
"tyv":"tuvinian",
"udm":"udmurt",
"ug":"uigurico",
"uga":"ugaritico",
"uk":"ucraino",
"umb":"mbundu",
"und":"lingua imprecisata",
"ur":"urdu",
"uz":"usbeco",
"vai":"vai",
"ve":"venda",
"vi":"vietnamita",
"vo":"volapük",
"vot":"voto",
"wa":"vallone",
"wak":"lingue wakash",
"wal":"walamo",
"war":"waray",
"was":"washo",
"wen":"sorabo",
"wo":"volof",
"xal":"kalmyk",
"xh":"xosa",
"yao":"yao (bantu)",
"yap":"yapese",
"yi":"yiddish",
"yo":"yoruba",
"ypk":"lingue yupik",
"yue":"cantonese",
"za":"zhuang",
"zap":"zapotec",
"zen":"zenaga",
"zh":"cinese",
"zh_Hans":"cinese semplificato",
"zh_Hant":"cinese tradizionale",
"znd":"zande",
"zu":"zulu",
"zun":"zuni",
"zxx":"nessun contenuto linguistico",
"zza":"zaza"
},
"scripts":{
"Arab":"arabo",
"Armn":"armeno",
"Bali":"balinese",
"Batk":"batak",
"Beng":"bengali",
"Blis":"simboli bliss",
"Bopo":"bopomofo",
"Brah":"brahmi",
"Brai":"braille",
"Bugi":"buginese",
"Buhd":"buhid",
"Cans":"simboli aborigeni canadesi unificati",
"Cari":"carian",
"Cham":"cham",
"Cher":"cherokee",
"Cirt":"cirth",
"Copt":"copto",
"Cprt":"cipriota",
"Cyrl":"cirillico",
"Cyrs":"cirillico antica chiesa slavonica",
"Deva":"devanagari",
"Dsrt":"deseret",
"Egyd":"egiziano demotico",
"Egyh":"ieratico egiziano",
"Egyp":"geroglifici egiziani",
"Ethi":"etiope",
"Geok":"kutsuri",
"Geor":"georgiano",
"Glag":"glagolitico",
"Goth":"gotico",
"Grek":"greco",
"Gujr":"gujarati",
"Guru":"gurmukhi",
"Hang":"hangul",
"Hani":"han",
"Hano":"hanunoo",
"Hans":"han semplificato",
"Hant":"han tradizionale",
"Hebr":"ebraico",
"Hira":"hiragana",
"Hmng":"pahawn hmong",
"Hrkt":"katanaka o hiragana",
"Hung":"antico ungherese",
"Inds":"indu",
"Ital":"italico antico",
"Java":"javanese",
"Jpan":"giapponese",
"Kali":"kayah li",
"Kana":"katakana",
"Khar":"kharoshthi",
"Khmr":"khmer",
"Knda":"kannada",
"Kore":"coreano",
"Lana":"lanna",
"Laoo":"lao",
"Latf":"variante fraktur del latino",
"Latg":"variante gaelica del latino",
"Latn":"latino",
"Lepc":"lepcha",
"Limb":"limbu",
"Lina":"lineare A",
"Linb":"lineare B",
"Lyci":"lyci",
"Lydi":"lydi",
"Mand":"mandaico",
"Maya":"geroglifici maya",
"Mero":"meroitico",
"Mlym":"malayalam",
"Mong":"mongolo",
"Moon":"moon",
"Mtei":"meetei mayek",
"Mymr":"myanmar",
"Nkoo":"n'ko",
"Ogam":"ogham",
"Olck":"ol chiki",
"Orkh":"orkhon",
"Orya":"oriya",
"Osma":"osmanya",
"Perm":"permico antico",
"Phag":"phags-pa",
"Phnx":"fenicio",
"Plrd":"fonetica di pollard",
"Rjng":"rejang",
"Roro":"rongorongo",
"Runr":"runico",
"Sara":"sarati",
"Saur":"saurashtra",
"Sgnw":"linguaggio dei segni",
"Shaw":"shaviano",
"Sinh":"singalese",
"Sund":"sundanese",
"Sylo":"syloti nagri",
"Syrc":"siriano",
"Syre":"siriaco estrangelo",
"Syrj":"siriaco occidentale",
"Syrn":"siriaco orientale",
"Tagb":"tagbanwa",
"Tale":"tai le",
"Talu":"tai lue",
"Taml":"tamil",
"Telu":"telugu",
"Teng":"tengwar",
"Tfng":"tifinagh",
"Tglg":"tagalog",
"Thaa":"thaana",
"Thai":"tailandese",
"Tibt":"tibetano",
"Ugar":"ugarita",
"Vaii":"vaii",
"Visp":"alfabeto visivo",
"Xpeo":"persiano antico",
"Xsux":"sumero-accadiano cuneiforme",
"Yiii":"yi",
"Zinh":"ereditato",
"Zsym":"simboli",
"Zxxx":"non scritto",
"Zyyy":"comune",
"Zzzz":"ignoto o non valido"
},
"territories":{
"001":"Mondo",
"002":"Africa",
"003":"Nord America",
"005":"America del Sud",
"009":"Oceania",
"011":"Africa occidentale",
"013":"America centrale",
"014":"Africa orientale",
"015":"Africa del Nord",
"017":"Africa centrale",
"018":"Africa del Sud",
"019":"Americhe",
"021":"America del Nord",
"029":"Caraibi",
"030":"Asia orientale",
"034":"Asia del Sud",
"035":"Asia sudorientale",
"039":"Europa del Sud",
"053":"Australia e Nuova Zelanda",
"054":"Melanesia",
"057":"Regione Micronesiana",
"061":"Polinesia",
"062":"Asia centro-meridionale",
"142":"Asia",
"143":"Asia centrale",
"145":"Asia occidentale",
"150":"Europa",
"151":"Europa orientale",
"154":"Europa del Nord",
"155":"Europa occidentale",
"172":"Comunità di Stati Indipendenti",
"419":"America Latina",
"AC":"Isola di Ascensione",
"AD":"Andorra",
"AE":"Emirati Arabi Uniti",
"AF":"Afghanistan",
"AG":"Antigua e Barbuda",
"AI":"Anguilla",
"AL":"Albania",
"AM":"Armenia",
"AN":"Antille Olandesi",
"AO":"Angola",
"AQ":"Antartide",
"AR":"Argentina",
"AS":"Samoa Americane",
"AT":"Austria",
"AU":"Australia",
"AW":"Aruba",
"AX":"Isole Aland",
"AZ":"Azerbaigian",
"BA":"Bosnia Erzegovina",
"BB":"Barbados",
"BD":"Bangladesh",
"BE":"Belgio",
"BF":"Burkina Faso",
"BG":"Bulgaria",
"BH":"Bahrein",
"BI":"Burundi",
"BJ":"Benin",
"BL":"San Bartolomeo",
"BM":"Bermuda",
"BN":"Brunei",
"BO":"Bolivia",
"BR":"Brasile",
"BS":"Bahamas",
"BT":"Bhutan",
"BV":"Isola Bouvet",
"BW":"Botswana",
"BY":"Bielorussia",
"BZ":"Belize",
"CA":"Canada",
"CC":"Isole Cocos",
"CD":"Repubblica Democratica del Congo",
"CF":"Repubblica Centrafricana",
"CG":"Congo",
"CH":"Svizzera",
"CI":"Costa d’Avorio",
"CK":"Isole Cook",
"CL":"Cile",
"CM":"Camerun",
"CN":"Cina",
"CO":"Colombia",
"CP":"Isola di Clipperton",
"CR":"Costa Rica",
"CS":"Serbia e Montenegro",
"CU":"Cuba",
"CV":"Capo Verde",
"CX":"Isola di Christmas",
"CY":"Cipro",
"CZ":"Repubblica Ceca",
"DE":"Germania",
"DG":"Diego Garcia",
"DJ":"Gibuti",
"DK":"Danimarca",
"DM":"Dominica",
"DO":"Repubblica Dominicana",
"DZ":"Algeria",
"EA":"Ceuta e Melilla",
"EC":"Ecuador",
"EE":"Estonia",
"EG":"Egitto",
"EH":"Sahara Occidentale",
"ER":"Eritrea",
"ES":"Spagna",
"ET":"Etiopia",
"EU":"Unione Europea",
"FI":"Finlandia",
"FJ":"Figi",
"FK":"Isole Falkland",
"FM":"Micronesia",
"FO":"Isole Faroe",
"FR":"Francia",
"FX":"Francia metropolitana",
"GA":"Gabon",
"GB":"Regno Unito",
"GD":"Grenada",
"GE":"Georgia",
"GF":"Guiana Francese",
"GG":"Guernsey",
"GH":"Ghana",
"GI":"Gibilterra",
"GL":"Groenlandia",
"GM":"Gambia",
"GN":"Guinea",
"GP":"Guadalupa",
"GQ":"Guinea Equatoriale",
"GR":"Grecia",
"GS":"Georgia del Sud e Isole Sandwich del Sud",
"GT":"Guatemala",
"GU":"Guam",
"GW":"Guinea-Bissau",
"GY":"Guyana",
"HK":"Regione Amministrativa Speciale di Hong Kong della Repubblica Popolare Cinese",
"HM":"Isole Heard ed Isole McDonald",
"HN":"Honduras",
"HR":"Croazia",
"HT":"Haiti",
"HU":"Ungheria",
"IC":"Isole Canarie",
"ID":"Indonesia",
"IE":"Irlanda",
"IL":"Israele",
"IM":"Isola di Man",
"IN":"India",
"IO":"Territorio Britannico dell’Oceano Indiano",
"IQ":"Iraq",
"IR":"Iran",
"IS":"Islanda",
"IT":"Italia",
"JE":"Jersey",
"JM":"Giamaica",
"JO":"Giordania",
"JP":"Giappone",
"KE":"Kenya",
"KG":"Kirghizistan",
"KH":"Cambogia",
"KI":"Kiribati",
"KM":"Comore",
"KN":"Saint Kitts e Nevis",
"KP":"Corea del Nord",
"KR":"Corea del Sud",
"KW":"Kuwait",
"KY":"Isole Cayman",
"KZ":"Kazakistan",
"LA":"Laos",
"LB":"Libano",
"LC":"Saint Lucia",
"LI":"Liechtenstein",
"LK":"Sri Lanka",
"LR":"Liberia",
"LS":"Lesotho",
"LT":"Lituania",
"LU":"Lussemburgo",
"LV":"Lettonia",
"LY":"Libia",
"MA":"Marocco",
"MC":"Monaco",
"MD":"Moldavia",
"ME":"Montenegro",
"MF":"Saint Martin",
"MG":"Madagascar",
"MH":"Isole Marshall",
"MK":"Repubblica di Macedonia",
"ML":"Mali",
"MM":"Myanmar",
"MN":"Mongolia",
"MO":"Regione Amministrativa Speciale di Macao della Repubblica Popolare Cinese",
"MP":"Isole Marianne Settentrionali",
"MQ":"Martinica",
"MR":"Mauritania",
"MS":"Montserrat",
"MT":"Malta",
"MU":"Mauritius",
"MV":"Maldive",
"MW":"Malawi",
"MX":"Messico",
"MY":"Malesia",
"MZ":"Mozambico",
"NA":"Namibia",
"NC":"Nuova Caledonia",
"NE":"Niger",
"NF":"Isola Norfolk",
"NG":"Nigeria",
"NI":"Nicaragua",
"NL":"Paesi Bassi",
"NO":"Norvegia",
"NP":"Nepal",
"NR":"Nauru",
"NU":"Niue",
"NZ":"Nuova Zelanda",
"OM":"Oman",
"PA":"Panama",
"PE":"Perù",
"PF":"Polinesia Francese",
"PG":"Papua Nuova Guinea",
"PH":"Filippine",
"PK":"Pakistan",
"PL":"Polonia",
"PM":"Saint Pierre e Miquelon",
"PN":"Pitcairn",
"PR":"Portorico",
"PS":"Territori palestinesi",
"PT":"Portogallo",
"PW":"Palau",
"PY":"Paraguay",
"QA":"Qatar",
"QO":"Oceania lontana",
"RE":"Réunion",
"RO":"Romania",
"RS":"Serbia",
"RU":"Federazione Russa",
"RW":"Ruanda",
"SA":"Arabia Saudita",
"SB":"Isole Solomon",
"SC":"Seychelles",
"SD":"Sudan",
"SE":"Svezia",
"SG":"Singapore",
"SH":"Sant’Elena",
"SI":"Slovenia",
"SJ":"Svalbard e Jan Mayen",
"SK":"Slovacchia",
"SL":"Sierra Leone",
"SM":"San Marino",
"SN":"Senegal",
"SO":"Somalia",
"SR":"Suriname",
"ST":"Sao Tomé e Príncipe",
"SV":"El Salvador",
"SY":"Siria",
"SZ":"Swaziland",
"TA":"Tristan da Cunha",
"TC":"Isole Turks e Caicos",
"TD":"Ciad",
"TF":"Territori australi francesi",
"TG":"Togo",
"TH":"Tailandia",
"TJ":"Tagikistan",
"TK":"Tokelau",
"TL":"Timor Est",
"TM":"Turkmenistan",
"TN":"Tunisia",
"TO":"Tonga",
"TR":"Turchia",
"TT":"Trinidad e Tobago",
"TV":"Tuvalu",
"TW":"Taiwan",
"TZ":"Tanzania",
"UA":"Ucraina",
"UG":"Uganda",
"UM":"Isole Minori lontane dagli Stati Uniti",
"US":"Stati Uniti",
"UY":"Uruguay",
"UZ":"Uzbekistan",
"VA":"Vaticano",
"VC":"Saint Vincent e Grenadines",
"VE":"Venezuela",
"VG":"Isole Vergini Britanniche",
"VI":"Isole Vergini Americane",
"VN":"Vietnam",
"VU":"Vanuatu",
"WF":"Wallis e Futuna",
"WS":"Samoa",
"YE":"Yemen",
"YT":"Mayotte",
"ZA":"Sudafrica",
"ZM":"Zambia",
"ZW":"Zimbabwe",
"ZZ":"Regione non valida o sconosciuta"
},
"orientation":"left-to-right",
"dateFormat-full":"EEEE, d MMMM y",
"dateFormat-long":"d MMMM y",
"dateFormat-medium":"d-MMM-y",
"dateFormat-short":"dd.MM.yy",
"timeFormat-full":"HH.mm:ss 'h' zzzz",
"timeFormat-long":"HH:mm:ss z",
"timeFormat-medium":"HH:mm:ss",
"timeFormat-short":"HH:mm",
"dateTimeFormat-full":"{1} {0}",
"dateTimeFormat-long":"{1} {0}",
"dateTimeFormat-medium":"{1} {0}",
"dateTimeFormat-short":"{1} {0}",
"months-defaultContext":"format",
"months-defaultWidth":"wide",
"months-format-abbreviated":[
"gen",
"feb",
"mar",
"apr",
"mag",
"giu",
"lug",
"ago",
"set",
"ott",
"nov",
"dic"],
"months-format-narrow":[
"G",
"F",
"M",
"A",
"M",
"G",
"L",
"A",
"S",
"O",
"N",
"D"],
"months-format-wide":[
"gennaio",
"febbraio",
"marzo",
"aprile",
"maggio",
"giugno",
"luglio",
"agosto",
"settembre",
"ottobre",
"novembre",
"dicembre"],
"months-standAlone-abbreviated":[
"gen",
"feb",
"mar",
"apr",
"mag",
"giu",
"lug",
"ago",
"set",
"ott",
"nov",
"dic"],
"months-standAlone-narrow":[
"G",
"F",
"M",
"A",
"M",
"G",
"L",
"A",
"S",
"O",
"N",
"D"],
"months-standAlone-wide":[
"Gennaio",
"Febbraio",
"Marzo",
"Aprile",
"Maggio",
"Giugno",
"Luglio",
"Agosto",
"Settembre",
"Ottobre",
"Novembre",
"Dicembre"],
"days-defaultContext":"format",
"days-defaultWidth":"wide",
"days-format-abbreviated":[
"dom",
"lun",
"mar",
"mer",
"gio",
"ven",
"sab"],
"days-format-narrow":[
"D",
"L",
"M",
"M",
"G",
"V",
"S"],
"days-format-wide":[
"domenica",
"lunedì",
"martedì",
"mercoledì",
"giovedì",
"venerdì",
"sabato"],
"days-standAlone-abbreviated":[
"dom",
"lun",
"mar",
"mer",
"gio",
"ven",
"sab"],
"days-standAlone-narrow":[
"D",
"L",
"M",
"M",
"G",
"V",
"S"],
"days-standAlone-wide":[
"Domenica",
"Lunedì",
"Martedì",
"Mercoledì",
"Giovedì",
"Venerdì",
"Sabato"],
"quarters-format-abbreviated":[
"T1",
"T2",
"T3",
"T4"],
"quarters-format-narrow":[
"1",
"2",
"3",
"4"],
"quarters-format-wide":[
"1o trimestre",
"2o trimestre",
"3o trimestre",
"4o trimestre"],
"quarters-standAlone-abbreviated":[
"T1",
"T2",
"T3",
"T4"],
"quarters-standAlone-narrow":[
"1",
"2",
"3",
"4"],
"quarters-standAlone-wide":[
"1º trimestre",
"2º trimestre",
"3º trimestre",
"4º trimestre"],
"dayPeriods-format-abbreviated":[
"m.",
"p."],
"dayPeriods-format-narrow":[
"m.",
"p."],
"dayPeriods-format-wide":[
"m.",
"p."],
"dayPeriods-standAlone-abbreviated":[
"m.",
"p."],
"dayPeriods-standAlone-narrow":[
"m.",
"p."],
"dayPeriods-standAlone-wide":[
"m.",
"p."],
"decimalFormat":{
"standard":"#,##0.###"},
"decimalFormat-short":{
"1000":"0.0k",
"10000":"00k",
"100000":"000k",
"1000000":"0.0m",
"10000000":"00m",
"100000000":"000m",
"1000000000":"0.0M",
"10000000000":"00M",
"100000000000":"000M",
"1000000000000":"0.0T",
"10000000000000":"00T",
"100000000000000":"000T"},
"scientificFormat":{
"standard":"#E0"},
"percentFormat":{
"standard":"#,##0%"},
"currencyFormat":{
"standard":"¤ #,##0.00;¤-#,##0.00"},
"symbols-latn-decimal":".",
"symbols-latn-group":"'",
"symbols-latn-list":";",
"symbols-latn-percentSign":"%",
"symbols-latn-plusSign":"+",
"symbols-latn-minusSign":"-",
"symbols-latn-exponential":"E",
"symbols-latn-perMille":"‰",
"symbols-latn-infinity":"∞",
"symbols-latn-nan":"NaN",
"weekData-minDays":4,
"weekData-firstDay":1,
"weekData-weekendStart":6,
"weekData-weekendEnd":0
}