{
"languages":{
"aa":"アファル語",
"ab":"アブハズ語",
"ace":"アチェー語",
"ach":"アチョリ語",
"ada":"アダングメ語",
"ady":"アディゲ語",
"ae":"アヴェスタ語",
"af":"アフリカーンス語",
"afa":"セム・ハム諸語",
"afh":"アフリヒリ語",
"ain":"アイヌ語",
"ak":"アカン語",
"akk":"アッカド語",
"ale":"アレウト語",
"alg":"アルゴンキアン語族",
"alt":"南アルタイ語",
"am":"アムハラ語",
"an":"アラゴン語",
"ang":"古代英語",
"anp":"アンギカ語",
"apa":"アパッチ語族",
"ar":"アラビア語",
"arc":"アラム語",
"arn":"アラウカン語",
"arp":"アラパホー語",
"art":"人工諸語",
"arw":"アラワク語",
"as":"アッサム語",
"asa":"アス語",
"ast":"アストゥリアス語",
"ath":"アサパスカン語族",
"aus":"オーストラリア語族",
"av":"アヴァル語",
"awa":"アワディー語",
"ay":"アイマラ語",
"az":"アゼルバイジャン語",
"ba":"バシキール語",
"bad":"バンダ語",
"bai":"バミレケ語族",
"bal":"バルーチー語",
"ban":"バリ語",
"bas":"バサ語",
"bat":"バルト諸語",
"be":"ベラルーシ語",
"bej":"ベジャ語",
"bem":"ベンバ語",
"ber":"ベルベル諸語",
"bez":"ベナ語",
"bg":"ブルガリア語",
"bh":"ビハール語",
"bho":"ボージプリー語",
"bi":"ビスラマ語",
"bik":"ビコル語",
"bin":"ビニ語",
"bla":"シクシカ語",
"bm":"バンバラ語",
"bn":"ベンガル語",
"bnt":"バントゥ諸語",
"bo":"チベット語",
"br":"ブルトン語",
"bra":"ブラジ語",
"brx":"ボド語",
"bs":"ボスニア語",
"btk":"バタク語",
"bua":"ブリヤート語",
"bug":"ブギ語",
"byn":"ビリン語",
"ca":"カタロニア語",
"cad":"カドー語",
"cai":"中米インディアン諸語",
"car":"カリブ語",
"cau":"コーカサス諸語",
"cch":"チャワイ語",
"ce":"チェチェン語",
"ceb":"セブアノ語",
"cel":"ケルト諸語",
"ch":"チャモロ語",
"chb":"チブチャ語",
"chg":"チャガタイ語",
"chk":"チューク語",
"chm":"マリ語",
"chn":"ビーチ・ラ・マー 等",
"cho":"チョクトー語",
"chp":"チペワイアン語",
"chr":"チェロキー語",
"chy":"シャイアン語",
"cmc":"チャム語族",
"co":"コルシカ語",
"cop":"コプト語",
"cpe":"英語が基盤の混成語・混合語",
"cpf":"フランス語が基盤の混成語・混合語",
"cpp":"ポルトガル語が基盤の混成語・混合語",
"cr":"クリー語",
"crh":"クリミア・タタール語",
"crp":"その他の混成語・混合語",
"cs":"チェコ語",
"csb":"カシューブ語",
"cu":"教会スラブ語",
"cus":"クシュ諸語",
"cv":"チュヴァシュ語",
"cy":"ウェールズ語",
"da":"デンマーク語",
"dak":"ダコタ語",
"dar":"ダルガン語",
"day":"ダヤク語",
"de":"ドイツ語",
"de_AT":"ドイツ語[オーストリア]",
"de_CH":"正統ドイツ語[スイス]",
"del":"デラウェア語",
"den":"スレイビー語",
"dgr":"ドグリブ語",
"din":"ディンカ語",
"doi":"ドグリ語",
"dra":"ドラヴィダ諸語",
"dsb":"低ソルビア語",
"dua":"ドゥアラ語",
"dum":"中世オランダ語",
"dv":"ディベヒ語",
"dyu":"デゥウラ語",
"dz":"ゾンカ語",
"ebu":"エンブ語",
"ee":"エウェ語",
"efi":"エフィック語",
"egy":"古代エジプト語",
"eka":"エカジュク語",
"el":"ギリシャ語",
"elx":"エラム語",
"en":"英語",
"en_AU":"オーストラリア英語",
"en_CA":"カナダ英語",
"en_GB":"イギリス英語",
"en_US":"アメリカ英語",
"enm":"中世英語",
"eo":"エスペラント語",
"es":"スペイン語",
"es_419":"スペイン語[ラテンアメリカ]",
"es_ES":"スペイン語[イベリア半島]",
"et":"エストニア語",
"eu":"バスク語",
"ewo":"エウォンド語",
"fa":"ペルシア語",
"fan":"ファング語",
"fat":"ファンティー語",
"ff":"フラニ語",
"fi":"フィンランド語",
"fil":"フィリピノ語",
"fiu":"フィン・ウゴル諸語",
"fj":"フィジー語",
"fo":"フェロー語",
"fon":"フォン語",
"fr":"フランス語",
"fr_CA":"フランス語[カナダ]",
"fr_CH":"フランス語[スイス]",
"frm":"中期フランス語",
"fro":"古フランス語",
"frs":"東フリジア語",
"fur":"フリウリ語",
"fy":"フリジア語",
"ga":"アイルランド語",
"gaa":"ガ語",
"gay":"ガヨ語",
"gba":"バヤ語",
"gd":"スコットランド・ゲール語",
"gem":"ゲルマン諸語",
"gez":"ゲエズ語",
"gil":"キリバス語",
"gl":"ガリシア語",
"gmh":"中高ドイツ語",
"gn":"グアラニー語",
"goh":"古高ドイツ語",
"gon":"ゴーンディー語",
"gor":"ゴロンタロ語",
"got":"ゴート語",
"grb":"グレボ語",
"grc":"古代ギリシャ語",
"gsw":"スイスドイツ語",
"gu":"グジャラート語",
"gv":"マン島語",
"gwi":"グウィッチン語",
"ha":"ハウサ語",
"hai":"ハイダ語",
"haw":"ハワイ語",
"he":"ヘブライ語",
"hi":"ヒンディー語",
"hil":"ヒリガイノン語",
"him":"ヒマチャル語",
"hit":"ヒッタイト語",
"hmn":"フモン語",
"ho":"ヒリモトゥ語",
"hr":"クロアチア語",
"hsb":"上ソルビア語",
"ht":"ハイチ語",
"hu":"ハンガリー語",
"hup":"アタパスカ語",
"hy":"アルメニア語",
"hz":"ヘレロ語",
"ia":"インターリングア語",
"iba":"イバン語",
"id":"インドネシア語",
"ie":"インターリング語",
"ig":"イボ語",
"ii":"四川イ語",
"ijo":"イジョー語",
"ik":"イヌピアック語",
"ilo":"イロカノ語",
"inc":"インド諸語",
"ine":"印欧諸語",
"inh":"イングシ語",
"io":"イド語",
"ira":"イラン語",
"iro":"イロコイ語族",
"is":"アイスランド語",
"it":"イタリア語",
"iu":"イヌクウティトット語",
"ja":"日本語",
"jbo":"ロジバン語",
"jpr":"ユダヤ・ペルシア語",
"jrb":"ユダヤ・アラビア語",
"jv":"ジャワ語",
"ka":"グルジア語",
"kaa":"カラ・カルパク語",
"kab":"カビル語",
"kac":"カチン語",
"kaj":"カジェ語",
"kam":"カンバ語",
"kar":"カレン語",
"kaw":"カウィ語",
"kbd":"カバルド語",
"kcg":"カタブ語",
"kea":"カーボベルデ・クレオール語",
"kfo":"コロ語",
"kg":"コンゴ語",
"kha":"カシ語",
"khi":"コイサン諸語",
"kho":"コータン語",
"ki":"キクユ語",
"kj":"クアニャマ語",
"kk":"カザフ語",
"kl":"グリーンランド語",
"km":"クメール語",
"kmb":"キンブンドゥ語",
"kn":"カンナダ語",
"ko":"韓国語",
"kok":"コンカニ語",
"kos":"コシャエ語",
"kpe":"クペレ語",
"kr":"カヌリ語",
"krc":"カラチャイ語",
"krl":"カレリア語",
"kro":"クルー語",
"kru":"クルク語",
"ks":"カシミール語",
"ku":"クルド語",
"kum":"クムク語",
"kut":"クテナイ語",
"kv":"コミ語",
"kw":"コーンウォール語",
"ky":"キルギス語",
"la":"ラテン語",
"lad":"ラジノ語",
"lah":"ラフンダー語",
"lam":"ランバ語",
"lb":"ルクセンブルク語",
"lez":"レズギ語",
"lg":"ガンダ語",
"li":"リンブルフ語",
"ln":"リンガラ語",
"lo":"ラオ語",
"lol":"モンゴ語",
"loz":"ロズィ語",
"lt":"リトアニア語",
"lu":"ルバ・カタンガ語",
"lua":"ルバ・ルルア語",
"lui":"ルイセーニョ語",
"lun":"ルンダ語",
"luo":"ルオ語",
"lus":"ルシャイ語",
"luy":"ルヒヤ語",
"lv":"ラトビア語",
"mad":"マドゥラ語",
"mag":"マガヒー語",
"mai":"マイティリー語",
"mak":"マカッサル語",
"man":"マンディンゴ語",
"map":"オーストロネシア諸語",
"mas":"マサイ語",
"mdf":"モクシャ語",
"mdr":"マンダル語",
"men":"メンデ語",
"mg":"マダガスカル語",
"mga":"中期アイルランド語",
"mh":"マーシャル語",
"mi":"マオリ語",
"mic":"ミクマク語",
"min":"ミナンカバウ語",
"mis":"その他の言語",
"mk":"マケドニア語",
"mkh":"モン・クメール諸語",
"ml":"マラヤーラム語",
"mn":"モンゴル語",
"mnc":"満州語",
"mni":"マニプル語",
"mno":"マノボ語族",
"mo":"モルダビア語",
"moh":"モーホーク語",
"mos":"モシ語",
"mr":"マラーティー語",
"ms":"マレー語",
"mt":"マルタ語",
"mul":"複数言語",
"mun":"ムンダ語族",
"mus":"クリーク語",
"mwl":"ミランダ語",
"mwr":"マールワーリー語",
"my":"ビルマ語",
"myn":"マヤ語族",
"myv":"エルジャ語",
"na":"ナウル語",
"nah":"ナワトル語",
"nai":"北米インディアン諸語",
"nap":"ナポリ語",
"nb":"ノルウェー語[ブークモール]",
"nd":"北ンデベレ語",
"nds":"低地ドイツ語、低地サクソン語",
"ne":"ネパール語",
"new":"ネワール語",
"ng":"ンドンガ語",
"nia":"ニアス語",
"nic":"ニジェール・コルドファン諸語",
"niu":"ニウーエイ語",
"nl":"オランダ語",
"nl_BE":"フレミッシュ語",
"nn":"ノルウェー語[ニーノシュク]",
"no":"ノルウェー語",
"nog":"ノガイ語",
"non":"古ノルド語",
"nqo":"ンコ語",
"nr":"南ンデベレ語",
"nso":"北部ソト語",
"nub":"ヌビア語族",
"nv":"ナバホ語",
"nwc":"古典ネワール語",
"ny":"ニャンジャ語、チチェワ語、チェワ語",
"nym":"ニャムウェジ語",
"nyn":"ニャンコレ語",
"nyo":"ニョロ語",
"nzi":"ンゼマ語",
"oc":"オック語",
"oj":"オブジワ語",
"om":"オロモ語",
"or":"オリヤー語",
"os":"オセト語",
"osa":"オセージ語",
"ota":"オスマントルコ語",
"oto":"オトミ語族",
"pa":"パンジャブ語",
"paa":"パプア諸語",
"pag":"パンガシナン語",
"pal":"パフラヴィ語",
"pam":"パンパンガ語",
"pap":"パピアメント語",
"pau":"パラオ語",
"peo":"古代ペルシア語",
"phi":"フィリピン諸語",
"phn":"フェニキア語",
"pi":"パーリ語",
"pl":"ポーランド語",
"pon":"ポンペイ語",
"pra":"プラークリット語族",
"pro":"古期プロバンス語",
"ps":"パシュトゥー語",
"pt":"ポルトガル語",
"pt_BR":"ポルトガル語[ブラジル]",
"pt_PT":"ポルトガル語[イベリア半島]",
"qu":"ケチュア語",
"raj":"ラージャスターン語",
"rap":"ラパヌイ語",
"rar":"ラロトガ語",
"rm":"レト・ロマン語",
"rn":"ルンディ語",
"ro":"ルーマニア語",
"roa":"ロマンス諸語",
"rof":"ロンボ語",
"rom":"ロマーニー語",
"root":"ルート",
"ru":"ロシア語",
"rup":"アルーマニア語",
"rw":"ルワンダ語",
"rwk":"ルワ語",
"sa":"サンスクリット語",
"sad":"サンダウェ語",
"sah":"ヤクート語",
"sai":"南米インディアン諸語",
"sal":"セイリッシュ語族",
"sam":"サマリア・アラム語",
"sas":"ササク語",
"sat":"サンターリー語",
"sc":"サルデーニャ語",
"scn":"シチリア語",
"sco":"スコットランド語",
"sd":"シンド語",
"se":"北サーミ語",
"sel":"セリクプ語",
"sem":"セム諸語",
"sg":"サンゴ語",
"sga":"古期アイルランド語",
"sgn":"手まね言語",
"sh":"セルボ＝クロアチア語",
"shn":"シャン語",
"si":"シンハラ語",
"sid":"シダモ語",
"sio":"スー語族",
"sit":"シナ・チベット諸語",
"sk":"スロバキア語",
"sl":"スロベニア語",
"sla":"スラブ諸語",
"sm":"サモア語",
"sma":"南サーミ語",
"smi":"サーミ諸語",
"smj":"ルレ・サーミ語",
"smn":"イナリ・サーミ語",
"sms":"スコルト・サーミ語",
"sn":"ショナ語",
"snk":"ソニンケ語",
"so":"ソマリ語",
"sog":"ソグド語",
"son":"ソンガイ語",
"sq":"アルバニア語",
"sr":"セルビア語",
"srn":"スリナム語",
"srr":"セレル語",
"ss":"シスワティ語",
"ssa":"ナイル・サハラ諸語",
"st":"南部ソト語",
"su":"スンダ語",
"suk":"スクマ語",
"sus":"スス語",
"sux":"シュメール語",
"sv":"スウェーデン語",
"sw":"スワヒリ語",
"swb":"コモロ語",
"syr":"シリア語",
"ta":"タミール語",
"tai":"タイ諸語",
"te":"テルグ語",
"tem":"テムネ語",
"ter":"テレーノ語",
"tet":"テトゥン語",
"tg":"タジク語",
"th":"タイ語",
"ti":"ティグリニア語",
"tig":"ティグレ語",
"tiv":"ティブ語",
"tk":"トルクメン語",
"tkl":"トケラウ語",
"tl":"タガログ語",
"tlh":"クリンゴン語",
"tli":"トリンギット語",
"tmh":"タマシェク語",
"tn":"ツワナ語",
"to":"トンガ語",
"tog":"トンガ語[ニアサ]",
"tpi":"トク・ピシン語",
"tr":"トルコ語",
"ts":"ツォンガ語",
"tsi":"チムシュ語",
"tt":"タタール語",
"tum":"トゥンブカ語",
"tup":"トゥピ語族",
"tut":"アルタイ諸語",
"tvl":"ツバル語",
"tw":"トウィ語",
"ty":"タヒチ語",
"tyv":"トゥヴァ語",
"udm":"ウドムルト語",
"ug":"ウイグル語",
"uga":"ウガリト語",
"uk":"ウクライナ語",
"umb":"ウンブンドゥ語",
"und":"非確定",
"ur":"ウルドゥー語",
"uz":"ウズベク語",
"vai":"ヴァイ語",
"ve":"ベンダ語",
"vi":"ベトナム語",
"vo":"ボラピュク語",
"vot":"ボート語",
"wa":"ワロン語",
"wae":"ヴァリス語",
"wak":"ワカシ語族",
"wal":"ワッラモ語",
"war":"ワライ語",
"was":"ワショ語",
"wen":"ソルビア語族",
"wo":"ウォロフ語",
"xal":"カルムイク語",
"xh":"コサ語",
"yao":"ヤオ語",
"yap":"ヤップ語",
"yi":"イディッシュ語",
"yo":"ヨルバ語",
"ypk":"ユピック語族",
"yue":"広東語",
"za":"チワン語",
"zap":"ザポテック語",
"zen":"ゼナガ語",
"zh":"中国語",
"zh_Hans":"簡体中国語",
"zh_Hant":"繁体中国語",
"znd":"ザンデ語",
"zu":"ズールー語",
"zun":"ズニ語",
"zxx":"言語的内容なし"
},
"scripts":{
"Arab":"アラビア文字",
"Armn":"アルメニア文字",
"Bali":"バリ文字",
"Batk":"バタク文字",
"Beng":"ベンガル文字",
"Blis":"ブリスシンボル",
"Bopo":"注音字母",
"Brah":"ブラーフミー文字",
"Brai":"ブライユ点字",
"Bugi":"ブギス文字",
"Buhd":"ブヒッド文字",
"Cans":"統合カナダ先住民記号",
"Cari":"カリ文字",
"Cham":"チャム文字",
"Cher":"チェロキー文字",
"Cirt":"キアス文字",
"Copt":"コプト文字",
"Cprt":"キプロス文字",
"Cyrl":"キリル文字",
"Cyrs":"キリル文字[古代教会スラブ語の文字]",
"Deva":"デーバナーガリー文字",
"Dsrt":"デセレット文字",
"Egyd":"エジプト民衆文字",
"Egyh":"エジプト神官文字",
"Egyp":"エジプト聖刻文字",
"Ethi":"エチオピア文字",
"Geok":"グルジア文字[フツリ]",
"Geor":"グルジア文字",
"Glag":"グラゴール文字",
"Goth":"ゴート文字",
"Grek":"ギリシャ文字",
"Gujr":"グジャラート文字",
"Guru":"グルムキー文字",
"Hang":"ハングル",
"Hani":"漢字",
"Hano":"ハヌノオ文字",
"Hans":"簡体字",
"Hant":"繁体字",
"Hebr":"ヘブライ文字",
"Hira":"ひらがな",
"Hmng":"パハウ・フモン文字",
"Hrkt":"カタカナとひらがな",
"Hung":"古代ハンガリー文字",
"Inds":"インダス文字",
"Ital":"古代イタリアの文字",
"Java":"ジャワ文字",
"Jpan":"日本語の文字",
"Kali":"カヤー文字",
"Kana":"カタカナ",
"Khar":"カローシュティー文字",
"Khmr":"クメール文字",
"Knda":"カンナダ文字",
"Kore":"韓国語の文字",
"Laoo":"ラオ文字",
"Latf":"ラテン文字[ドイツ文字]",
"Latg":"ラテン文字 [ゲール文字]",
"Latn":"ラテン文字",
"Lepc":"レプチャ文字",
"Limb":"リンブ文字",
"Lina":"線文字[A]",
"Linb":"線文字[B]",
"Mand":"マンダ文字",
"Maya":"マヤ象形文字",
"Mero":"メロエ文字",
"Mlym":"マラヤーラム文字",
"Mong":"モンゴル文字",
"Moon":"ムーン文字",
"Mtei":"メイテイ文字",
"Mymr":"ミャンマー文字",
"Nkoo":"ンコ文字",
"Ogam":"オガム文字",
"Olck":"オルチキ文字",
"Orkh":"オルホン文字",
"Orya":"オリヤー文字",
"Osma":"オスマニア文字",
"Perm":"古ペルミック文字",
"Phag":"パスパ文字",
"Phnx":"フェニキア文字",
"Plrd":"ポラード音声記号",
"Roro":"ロンゴロンゴ文字",
"Runr":"ルーン文字",
"Sara":"サラティ文字",
"Shaw":"ショー文字",
"Sinh":"シンハラ文字",
"Sylo":"シロティ・ナグリ文字",
"Syrc":"シリア文字",
"Syre":"シリア文字[エストランゲロ文字]",
"Syrj":"シリア文字[西方シリア文字]",
"Syrn":"シリア文字[東方シリア文字]",
"Tagb":"タグバンワ文字",
"Tale":"タイレ文字",
"Talu":"新タイ・ルー文字",
"Taml":"タミール文字",
"Telu":"テルグ文字",
"Teng":"テングワール文字",
"Tfng":"ティフナグ文字",
"Tglg":"タガログ文字",
"Thaa":"ターナ文字",
"Thai":"タイ文字",
"Tibt":"チベット文字",
"Ugar":"ウガリト文字",
"Vaii":"ヴァイ文字",
"Visp":"視話法",
"Xpeo":"古代ペルシア文字",
"Xsux":"シュメール＝アッカド語楔形文字",
"Yiii":"イ文字",
"Zinh":"基底文字の種別を継承する結合文字",
"Zsym":"記号文字",
"Zxxx":"非表記文字",
"Zyyy":"共用文字",
"Zzzz":"言語不明または無効な文字"
},
"territories":{
"001":"世界",
"002":"アフリカ",
"003":"北アメリカ大陸",
"005":"南アメリカ",
"009":"オセアニア",
"011":"西アフリカ",
"013":"中央アメリカ",
"014":"東アフリカ",
"015":"北アフリカ",
"017":"中部アフリカ",
"018":"南部アフリカ",
"019":"アメリカ大陸",
"021":"北アメリカ",
"029":"カリブ",
"030":"東アジア",
"034":"南アジア",
"035":"東南アジア",
"039":"南ヨーロッパ",
"053":"オーストラリア・ニュージーランド",
"054":"メラネシア",
"057":"ミクロネシア",
"061":"ポリネシア",
"062":"南中央アジア",
"142":"アジア",
"143":"中央アジア",
"145":"西アジア",
"150":"ヨーロッパ",
"151":"東ヨーロッパ",
"154":"北ヨーロッパ",
"155":"西ヨーロッパ",
"172":"独立国家共同体",
"419":"ラテンアメリカ",
"830":"チャネル諸島",
"AC":"アセンション島",
"AD":"アンドラ",
"AE":"アラブ首長国連邦",
"AF":"アフガニスタン",
"AG":"アンティグア・バーブーダ",
"AI":"アンギラ",
"AL":"アルバニア",
"AM":"アルメニア",
"AN":"オランダ領アンティル諸島",
"AO":"アンゴラ",
"AQ":"南極",
"AR":"アルゼンチン",
"AS":"米領サモア",
"AT":"オーストリア",
"AU":"オーストラリア",
"AW":"アルバ島",
"AX":"オーランド諸島",
"AZ":"アゼルバイジャン",
"BA":"ボスニア・ヘルツェゴビナ",
"BB":"バルバドス",
"BD":"バングラデシュ",
"BE":"ベルギー",
"BF":"ブルキナファソ",
"BG":"ブルガリア",
"BH":"バーレーン",
"BI":"ブルンジ",
"BJ":"ベナン",
"BL":"サン・バルテルミー",
"BM":"バミューダ",
"BN":"ブルネイ",
"BO":"ボリビア",
"BR":"ブラジル",
"BS":"バハマ",
"BT":"ブータン",
"BV":"ブーベ島",
"BW":"ボツワナ",
"BY":"ベラルーシ",
"BZ":"ベリーズ",
"CA":"カナダ",
"CC":"ココス[キーリング]諸島",
"CD":"コンゴ民主共和国[キンシャサ]",
"CF":"中央アフリカ共和国",
"CG":"コンゴ共和国[ブラザビル]",
"CH":"スイス",
"CI":"コートジボワール",
"CK":"クック諸島",
"CL":"チリ",
"CM":"カメルーン",
"CN":"中国",
"CO":"コロンビア",
"CP":"クリッパートン島",
"CR":"コスタリカ",
"CS":"セルビア・モンテネグロ",
"CU":"キューバ",
"CV":"カーボベルデ",
"CX":"クリスマス島",
"CY":"キプロス",
"CZ":"チェコ共和国",
"DE":"ドイツ",
"DG":"ディエゴガルシア島",
"DJ":"ジブチ",
"DK":"デンマーク",
"DM":"ドミニカ国",
"DO":"ドミニカ共和国",
"DZ":"アルジェリア",
"EA":"セウタ・メリリャ",
"EC":"エクアドル",
"EE":"エストニア",
"EG":"エジプト",
"EH":"西サハラ",
"ER":"エリトリア",
"ES":"スペイン",
"ET":"エチオピア",
"EU":"欧州連合",
"FI":"フィンランド",
"FJ":"フィジー",
"FK":"フォークランド諸島",
"FM":"ミクロネシア連邦",
"FO":"フェロー諸島",
"FR":"フランス",
"GA":"ガボン",
"GB":"イギリス",
"GD":"グレナダ",
"GE":"グルジア",
"GF":"仏領ギアナ",
"GG":"ガーンジー",
"GH":"ガーナ",
"GI":"ジブラルタル",
"GL":"グリーンランド",
"GM":"ガンビア",
"GN":"ギニア",
"GP":"グアドループ",
"GQ":"赤道ギニア",
"GR":"ギリシャ",
"GS":"南ジョージア島・南サンドイッチ諸島",
"GT":"グアテマラ",
"GU":"グアム",
"GW":"ギニアビサウ",
"GY":"ガイアナ",
"HK":"中華人民共和国香港特別行政区",
"HM":"ハード島・マクドナルド諸島",
"HN":"ホンジュラス",
"HR":"クロアチア",
"HT":"ハイチ",
"HU":"ハンガリー",
"IC":"カナリア諸島",
"ID":"インドネシア",
"IE":"アイルランド",
"IL":"イスラエル",
"IM":"マン島",
"IN":"インド",
"IO":"英領インド洋地域",
"IQ":"イラク",
"IR":"イラン",
"IS":"アイスランド",
"IT":"イタリア",
"JE":"ジャージー",
"JM":"ジャマイカ",
"JO":"ヨルダン",
"JP":"日本",
"KE":"ケニア",
"KG":"キルギスタン",
"KH":"カンボジア",
"KI":"キリバス",
"KM":"コモロ",
"KN":"セントクリストファー・ネイビス",
"KP":"朝鮮民主主義人民共和国",
"KR":"大韓民国",
"KW":"クウェート",
"KY":"ケイマン諸島",
"KZ":"カザフスタン",
"LA":"ラオス",
"LB":"レバノン",
"LC":"セントルシア",
"LI":"リヒテンシュタイン",
"LK":"スリランカ",
"LR":"リベリア",
"LS":"レソト",
"LT":"リトアニア",
"LU":"ルクセンブルグ",
"LV":"ラトビア",
"LY":"リビア",
"MA":"モロッコ",
"MC":"モナコ",
"MD":"モルドバ",
"ME":"モンテネグロ",
"MF":"セント・マーチン",
"MG":"マダガスカル",
"MH":"マーシャル諸島共和国",
"MK":"マケドニア",
"ML":"マリ",
"MM":"ミャンマー",
"MN":"モンゴル",
"MO":"中華人民共和国マカオ特別行政区",
"MP":"北マリアナ諸島",
"MQ":"マルティニーク島",
"MR":"モーリタニア",
"MS":"モントセラト島",
"MT":"マルタ",
"MU":"モーリシャス",
"MV":"モルジブ",
"MW":"マラウィ",
"MX":"メキシコ",
"MY":"マレーシア",
"MZ":"モザンビーク",
"NA":"ナミビア",
"NC":"ニューカレドニア",
"NE":"ニジェール",
"NF":"ノーフォーク島",
"NG":"ナイジェリア",
"NI":"ニカラグア",
"NL":"オランダ",
"NO":"ノルウェー",
"NP":"ネパール",
"NR":"ナウル",
"NU":"ニウエ島",
"NZ":"ニュージーランド",
"OM":"オマーン",
"PA":"パナマ",
"PE":"ペルー",
"PF":"仏領ポリネシア",
"PG":"パプアニューギニア",
"PH":"フィリピン",
"PK":"パキスタン",
"PL":"ポーランド",
"PM":"サンピエール島・ミクロン島",
"PN":"ピトケアン島",
"PR":"プエルトリコ",
"PS":"パレスチナ",
"PT":"ポルトガル",
"PW":"パラオ",
"PY":"パラグアイ",
"QA":"カタール",
"QO":"その他のオセアニア",
"RE":"レユニオン島",
"RO":"ルーマニア",
"RS":"セルビア",
"RU":"ロシア",
"RW":"ルワンダ",
"SA":"サウジアラビア",
"SB":"ソロモン諸島",
"SC":"セーシェル",
"SD":"スーダン",
"SE":"スウェーデン",
"SG":"シンガポール",
"SH":"セントヘレナ",
"SI":"スロベニア",
"SJ":"スバールバル諸島・ヤンマイエン島",
"SK":"スロバキア",
"SL":"シエラレオネ",
"SM":"サンマリノ",
"SN":"セネガル",
"SO":"ソマリア",
"SR":"スリナム",
"ST":"サントメ・プリンシペ",
"SV":"エルサルバドル",
"SY":"シリア",
"SZ":"スワジランド",
"TA":"トリスタン・ダ・クーニャ",
"TC":"タークス諸島・カイコス諸島",
"TD":"チャド",
"TF":"仏領極南諸島",
"TG":"トーゴ",
"TH":"タイ",
"TJ":"タジキスタン",
"TK":"トケラウ諸島",
"TL":"東ティモール",
"TM":"トルクメニスタン",
"TN":"チュニジア",
"TO":"トンガ",
"TR":"トルコ",
"TT":"トリニダード・トバゴ",
"TV":"ツバル",
"TW":"台湾",
"TZ":"タンザニア",
"UA":"ウクライナ",
"UG":"ウガンダ",
"UM":"米領太平洋諸島",
"US":"アメリカ合衆国",
"UY":"ウルグアイ",
"UZ":"ウズベキスタン",
"VA":"バチカン市国",
"VC":"セントビンセント・グレナディーン諸島",
"VE":"ベネズエラ",
"VG":"英領ヴァージン諸島",
"VI":"米領ヴァージン諸島",
"VN":"ベトナム",
"VU":"バヌアツ",
"WF":"ウォリス・フツナ",
"WS":"サモア",
"YE":"イエメン",
"YT":"マヨット島",
"ZA":"南アフリカ",
"ZM":"ザンビア",
"ZW":"ジンバブエ",
"ZZ":"不明な地域"
},
"orientation":"left-to-right",
"dateFormat-full":"y年M月d日EEEE",
"dateFormat-long":"y年M月d日",
"dateFormat-medium":"yyyy/MM/dd",
"dateFormat-short":"yy/MM/dd",
"timeFormat-full":"H時mm分ss秒 zzzz",
"timeFormat-long":"H:mm:ss z",
"timeFormat-medium":"H:mm:ss",
"timeFormat-short":"H:mm",
"dateTimeFormat-full":"{1}{0}",
"dateTimeFormat-long":"{1}{0}",
"dateTimeFormat-medium":"{1} {0}",
"dateTimeFormat-short":"{1} {0}",
"months-defaultContext":"format",
"months-defaultWidth":"wide",
"months-format-abbreviated":[
"1月",
"2月",
"3月",
"4月",
"5月",
"6月",
"7月",
"8月",
"9月",
"10月",
"11月",
"12月"],
"months-format-narrow":[
"1",
"2",
"3",
"4",
"5",
"6",
"7",
"8",
"9",
"10",
"11",
"12"],
"months-format-wide":[
"1月",
"2月",
"3月",
"4月",
"5月",
"6月",
"7月",
"8月",
"9月",
"10月",
"11月",
"12月"],
"months-standAlone-abbreviated":[
"1月",
"2月",
"3月",
"4月",
"5月",
"6月",
"7月",
"8月",
"9月",
"10月",
"11月",
"12月"],
"months-standAlone-narrow":[
"1",
"2",
"3",
"4",
"5",
"6",
"7",
"8",
"9",
"10",
"11",
"12"],
"months-standAlone-wide":[
"1月",
"2月",
"3月",
"4月",
"5月",
"6月",
"7月",
"8月",
"9月",
"10月",
"11月",
"12月"],
"days-defaultContext":"format",
"days-defaultWidth":"wide",
"days-format-abbreviated":[
"日",
"月",
"火",
"水",
"木",
"金",
"土"],
"days-format-narrow":[
"日",
"月",
"火",
"水",
"木",
"金",
"土"],
"days-format-wide":[
"日曜日",
"月曜日",
"火曜日",
"水曜日",
"木曜日",
"金曜日",
"土曜日"],
"days-standAlone-abbreviated":[
"日",
"月",
"火",
"水",
"木",
"金",
"土"],
"days-standAlone-narrow":[
"日",
"月",
"火",
"水",
"木",
"金",
"土"],
"days-standAlone-wide":[
"日曜日",
"月曜日",
"火曜日",
"水曜日",
"木曜日",
"金曜日",
"土曜日"],
"quarters-format-abbreviated":[
"Q1",
"Q2",
"Q3",
"Q4"],
"quarters-format-narrow":[
"1",
"2",
"3",
"4"],
"quarters-format-wide":[
"第1四半期",
"第2四半期",
"第3四半期",
"第4四半期"],
"quarters-standAlone-abbreviated":[
"Q1",
"Q2",
"Q3",
"Q4"],
"quarters-standAlone-narrow":[
"1",
"2",
"3",
"4"],
"quarters-standAlone-wide":[
"第1四半期",
"第2四半期",
"第3四半期",
"第4四半期"],
"dayPeriods-format-abbreviated":[
"午前",
"午後"],
"dayPeriods-format-narrow":[
"午前",
"午後"],
"dayPeriods-format-wide":[
"午前",
"午後"],
"dayPeriods-standAlone-abbreviated":[
"午前",
"午後"],
"dayPeriods-standAlone-narrow":[
"午前",
"午後"],
"dayPeriods-standAlone-wide":[
"午前",
"午後"],
"decimalFormat":{
"standard":"#,##0.###"},
"decimalFormat-short":{
"1000":"0",
"10000":"0.0万",
"100000":"00万",
"1000000":"000万",
"10000000":"0000万",
"100000000":"0.0億",
"1000000000":"00億",
"10000000000":"000億",
"100000000000":"0000億",
"1000000000000":"0.0兆",
"10000000000000":"00兆",
"100000000000000":"000兆"},
"scientificFormat":{
"standard":"#E0"},
"percentFormat":{
"standard":"#,##0%"},
"currencyFormat":{
"standard":"¤#,##0.00"},
"symbols-latn-decimal":".",
"symbols-latn-group":",",
"symbols-latn-list":";",
"symbols-latn-percentSign":"%",
"symbols-latn-plusSign":"+",
"symbols-latn-minusSign":"-",
"symbols-latn-exponential":"E",
"symbols-latn-perMille":"‰",
"symbols-latn-infinity":"∞",
"symbols-latn-nan":"NaN（非数）",
"weekData-minDays":1,
"weekData-firstDay":0,
"weekData-weekendStart":6,
"weekData-weekendEnd":0
}