{
"languages":{
"aa":"아파르어",
"ab":"압카즈어",
"ace":"아체어",
"ach":"아콜리어",
"ada":"아당메어",
"ady":"아닥헤어",
"ae":"아베스타어",
"af":"남아공 공용어",
"afa":"아시아-아프리카어 (기타)",
"afh":"아프리히리어",
"ain":"아이누어",
"ak":"아칸어",
"akk":"아카드어",
"ale":"알류트어",
"alg":"알공킨어족",
"alt":"남부 알타이어",
"am":"암하라어",
"an":"아라곤어",
"ang":"고대 영어",
"anp":"앙가어",
"apa":"아파치어",
"ar":"아랍어",
"arc":"아람어",
"arn":"아라우칸어",
"arp":"아라파호어",
"art":"기계어 (기타)",
"arw":"아라와크어",
"as":"아샘어",
"ast":"아스투리아어",
"ath":"아타파스카어군",
"aus":"오스트레일리아어족",
"av":"아바릭어",
"awa":"아와히어",
"ay":"아이마라어",
"az":"아제르바이잔어",
"ba":"바슈키르어",
"bad":"반다어",
"bai":"바밀레케어족",
"bal":"발루치어",
"ban":"발리어",
"bas":"바사어",
"bat":"발트어 (기타)",
"be":"벨로루시어",
"bej":"베자어",
"bem":"벰바어",
"ber":"베르베르어",
"bg":"불가리아어",
"bh":"비하르어",
"bho":"호즈푸리어",
"bi":"비슬라마어",
"bik":"비콜어",
"bin":"비니어",
"bla":"식시카어",
"bm":"밤바라어",
"bn":"벵골어",
"bnt":"반투어",
"bo":"티베트어",
"br":"브르타뉴어",
"bra":"브라지어",
"bs":"보스니아어",
"btk":"바타크어",
"bua":"부리아타",
"bug":"부기어",
"byn":"브린어",
"ca":"카탈로니아어",
"cad":"카도어",
"cai":"중앙 아메리카 인디안어 (기타)",
"car":"카리브어",
"cau":"카프카스어 (기타)",
"cch":"아삼어",
"ce":"체첸어",
"ceb":"세부아노어",
"cel":"켈트어 (기타)",
"ch":"차모로어",
"chb":"치브차어",
"chg":"차가타이어",
"chk":"추크어",
"chm":"마리어",
"chn":"치누크어와 영어 프랑스어의 혼성어",
"cho":"촉토어",
"chp":"치페우얀",
"chr":"체로키어",
"chy":"샤이엔어",
"cmc":"참어군",
"co":"코르시카어",
"cop":"콥트어",
"cpe":"크리올어 및 피진어 (영어를 기반으로 한 기타)",
"cpf":"크리올어 및 피진어 (프랑스어를 기반으로 한 기타)",
"cpp":"크리올어 및 피진어 (포르투갈어를 기반으로 한 기타)",
"cr":"크리어",
"crh":"크리민 터키어; 크리민 타타르어",
"crp":"크리올어 및 피진어 (기타)",
"cs":"체코어",
"csb":"카슈비아어",
"cu":"교회 슬라브어",
"cus":"쿠시어족",
"cv":"추바시어",
"cy":"웨일스어",
"da":"덴마크어",
"dak":"다코타어",
"dar":"다르그와어",
"day":"다야크어",
"de":"독일어",
"de_AT":"독일어 (오스트리아)",
"de_CH":"고지 독일어 (스위스)",
"del":"델라웨어어",
"den":"슬라브어",
"dgr":"도그리브어",
"din":"딩카어",
"doi":"도그리어",
"dra":"드라비다어 (기타)",
"dsb":"저지 소르비아어",
"dua":"드와라어",
"dum":"중세 네덜란드어",
"dv":"디베히어",
"dyu":"드율라어",
"dz":"종카어",
"ee":"에웨어",
"efi":"이픽어",
"egy":"이집트어 (고대)",
"eka":"이카죽어",
"el":"그리스어",
"elx":"엘람어",
"en":"영어",
"en_AU":"영어(호주)",
"en_CA":"영어 (캐나다)",
"en_GB":"영어 (영국식)",
"en_US":"영어 (미국식)",
"enm":"영어, 중세 (1100-1500)",
"eo":"에스페란토어",
"es":"스페인어",
"es_419":"중남미 스페인어",
"es_ES":"스페인어 (이베리아)",
"et":"에스토니아어",
"eu":"바스크어",
"ewo":"이원도어",
"fa":"페르시아어",
"fan":"팡그어",
"fat":"판티어",
"ff":"풀라어",
"fi":"핀란드어",
"fil":"필리핀어",
"fiu":"피노우그리아어 (기타)",
"fj":"피지어",
"fo":"페로어",
"fon":"폰어",
"fr":"프랑스어",
"fr_CA":"프랑스어 (캐나다)",
"fr_CH":"프랑스어 (스위스)",
"frm":"중세 프랑스어",
"fro":"고대 프랑스어",
"frr":"북부 프리슬란드어",
"frs":"동부 프리슬란드어",
"fur":"프리우리안어",
"fy":"프리지아어",
"ga":"아일랜드어",
"gaa":"가어",
"gay":"가요어",
"gba":"그바야어",
"gd":"스코틀랜드 게일어",
"gem":"독일어 (기타)",
"gez":"게이즈어",
"gil":"키리바시어",
"gl":"갈리시아어",
"gmh":"중세 고지 독일어",
"gn":"과라니어",
"goh":"고대 고지 독일어",
"gon":"곤디어",
"gor":"고론탈로어",
"got":"고트어",
"grb":"게르보어",
"grc":"그리스어, 고대 (1453년 까지)",
"gsw":"독일어(스위스)",
"gu":"구자라트어",
"gv":"맹크스어",
"gwi":"그위친어",
"ha":"하우사어",
"hai":"하이다어",
"haw":"하와이어",
"he":"히브리어",
"hi":"힌디어",
"hil":"헤리가뇬어",
"him":"히마차리어",
"hit":"하타이트어",
"hmn":"히몸어",
"ho":"히리 모투어",
"hr":"크로아티아어",
"hsb":"고지 소르비아어",
"ht":"아이티어",
"hu":"헝가리어",
"hup":"후파어",
"hy":"아르메니아어",
"hz":"헤레로어",
"ia":"인테르링구아 (국제보조어협회)",
"iba":"이반어",
"id":"인도네시아어",
"ie":"인테르링구에",
"ig":"이그보어",
"ii":"쓰촨 이어",
"ijo":"이조어",
"ik":"이누피아크어",
"ilo":"이로코어",
"inc":"인도어 (기타)",
"ine":"인도유럽어 (기타)",
"inh":"인귀시어",
"io":"이도어",
"ira":"이란어",
"iro":"이러쿼이어",
"is":"아이슬란드어",
"it":"이탈리아어",
"iu":"이눅티투트어",
"ja":"일본어",
"jbo":"로반어",
"jpr":"유대-페르시아어",
"jrb":"유대-아라비아어",
"jv":"자바어",
"ka":"그루지야어",
"kaa":"카라칼파크어",
"kab":"커바일어",
"kac":"카친어",
"kam":"캄바어",
"kar":"카렌어",
"kaw":"카위어",
"kbd":"카바르디어",
"kfo":"코로어",
"kg":"콩고어",
"kha":"카시어",
"khi":"코이산어 (기타)",
"kho":"호탄어",
"ki":"키쿠유어",
"kj":"쿠안야마어",
"kk":"카자흐어",
"kl":"그린란드어",
"km":"캄보디아어",
"kmb":"킴분두어",
"kn":"카나다어",
"ko":"한국어",
"kok":"코카니어",
"kos":"코스라이엔어",
"kpe":"크펠레어",
"kr":"칸누리어",
"krc":"카라챠이-발카르어",
"krl":"카렐리야어",
"kro":"크루어",
"kru":"쿠르크어",
"ks":"카슈미르어",
"ku":"쿠르드어",
"kum":"쿠믹어",
"kut":"쿠테네어",
"kv":"코미어",
"kw":"콘월어",
"ky":"키르기스어",
"la":"라틴어",
"lad":"라디노어",
"lah":"라한다어",
"lam":"람바어",
"lb":"룩셈부르크어",
"lez":"레즈기안어",
"lg":"간다어",
"li":"림버거어",
"ln":"링갈라어",
"lo":"라오어",
"lol":"몽구어",
"loz":"로지어",
"lt":"리투아니아어",
"lu":"루바-카탄가어",
"lua":"루바-룰루아어",
"lui":"루이세노어",
"lun":"룬다어",
"luo":"루오어",
"lus":"루샤이어",
"lv":"라트비아어",
"mad":"마두라어",
"mag":"마가히",
"mai":"마이틸리",
"mak":"마카사어",
"man":"만딩고어",
"map":"남도어",
"mas":"마사이어",
"mdf":"모크샤어",
"mdr":"만다르어",
"men":"멘데어",
"mg":"마다가스카르어",
"mga":"아일랜드어, 중세 (900-1200)",
"mh":"마셜제도어",
"mi":"마오리어",
"mic":"미크맥어",
"min":"미낭카바우",
"mis":"기타 언어",
"mk":"마케도니아어",
"mkh":"몬크메르어 (기타)",
"ml":"말라얄람어",
"mn":"몽고어",
"mnc":"만주어",
"mni":"마니푸리어",
"mno":"마노보어",
"mo":"몰도바어",
"moh":"모호크어",
"mos":"모시어",
"mr":"마라티어",
"ms":"말레이어",
"mt":"몰타어",
"mul":"다중 언어",
"mun":"문다어",
"mus":"크리크어",
"mwl":"미란데어",
"mwr":"마르와리어",
"my":"버마어",
"myn":"마야어",
"myv":"엘즈야어",
"na":"나우루어",
"nah":"나우아틀어",
"nai":"북아메리카 인디언어 (기타)",
"nap":"나폴리어",
"nb":"노르웨이어(보크말)",
"nd":"북부 은데벨레어",
"nds":"저지 독일어",
"ne":"네팔어",
"new":"네와르어",
"ng":"느동가어",
"nia":"니아스어",
"nic":"니제르 - 코르도파니아어 (기타)",
"niu":"니웨언어",
"nl":"네덜란드어",
"nl_BE":"플라망어",
"nn":"노르웨이어(니노르스크)",
"no":"노르웨이어",
"nog":"노가이어",
"non":"노르웨이, 고대",
"nqo":"응코어",
"nr":"남부 은데벨레어",
"nso":"소토어 (북부)",
"nub":"누비안어",
"nv":"나바호어",
"nwc":"네와르어 (고전)",
"ny":"니안자어; 치츄어; 츄어",
"nym":"니암웨지어",
"nyn":"니안콜어",
"nyo":"뉴로어",
"nzi":"느지마어",
"oc":"오크어",
"oj":"오지브웨이어",
"om":"오로모어 (아판)",
"or":"오리야어",
"os":"오세트어",
"osa":"오세이지어",
"ota":"터키어, 오스만 (1500-1928)",
"oto":"오토미안어",
"pa":"펀잡어",
"paa":"파푸아어 (기타)",
"pag":"판가시난어",
"pal":"팔레비어",
"pam":"팜팡가어",
"pap":"파피아먼토어",
"pau":"파라우안어",
"peo":"고대 페르시아어",
"phi":"필리핀어 (기타)",
"phn":"페니키아어",
"pi":"팔리어",
"pl":"폴란드어",
"pon":"폼페이어",
"pra":"프라크리트어",
"pro":"고대 프로방스어",
"ps":"파시토어 (푸시토)",
"pt":"포르투갈어",
"pt_BR":"포르투갈어 (브라질)",
"pt_PT":"포르투갈어 (이베리아)",
"qu":"케추아어",
"raj":"라자스탄어",
"rap":"라파뉴이",
"rar":"라로통가어",
"rm":"레토로만어",
"rn":"룬디어",
"ro":"루마니아어",
"roa":"로망스어 (기타)",
"rom":"집시어",
"root":"어근",
"ru":"러시아어",
"rup":"아로마니아어",
"rw":"르완다어",
"sa":"산스크리트어",
"sad":"산다웨어",
"sah":"야큐트어",
"sai":"남아메리카 인디언어 (기타)",
"sal":"샐리시어어",
"sam":"사마리아 아랍어",
"sas":"사사크어",
"sat":"산탈리어",
"sc":"사르디니아어",
"scn":"시칠리아어",
"sco":"스코틀랜드어",
"sd":"신디어",
"se":"북부 사미어",
"sel":"셀쿠프어",
"sem":"셈어 (기타)",
"sg":"산고어",
"sga":"아일랜드, 고대 (900년 까지)",
"sgn":"수화",
"sh":"세르비아-크로아티아어",
"shn":"샨어",
"si":"스리랑카어",
"sid":"시다모어",
"sio":"수족어",
"sit":"중국 티베트 어족",
"sk":"슬로바키아어",
"sl":"슬로베니아어",
"sla":"슬라브어 (기타)",
"sm":"사모아어",
"sma":"남부 사미어",
"smi":"사미어 (기타)",
"smj":"룰레 사미어",
"smn":"이나리 사미어",
"sms":"스콜트 사미어",
"sn":"쇼나어",
"snk":"소닌케어",
"so":"소말리아어",
"sog":"소그디엔어",
"son":"송가이족어",
"sq":"알바니아어",
"sr":"세르비아어",
"srn":"스라난 통가어",
"srr":"세레르어",
"ss":"시스와티어",
"ssa":"니로-사하람어 (기타)",
"st":"소토어 (남부)",
"su":"순다어",
"suk":"수쿠마족어",
"sus":"수수어",
"sux":"수메르어",
"sv":"스웨덴어",
"sw":"스와힐리어",
"swb":"코모로어",
"syc":"시리아어 (고전)",
"syr":"시리아어",
"ta":"타밀어",
"tai":"태국어 (기타)",
"te":"텔루구어",
"tem":"팀니어",
"ter":"테레노어",
"tet":"테툼어",
"tg":"타지키스탄어",
"th":"태국어",
"ti":"티그리냐어",
"tig":"티그레어",
"tiv":"티비어",
"tk":"투르크멘어",
"tkl":"토켈라우제도어",
"tl":"타갈로그어",
"tlh":"클링온어",
"tli":"틀링깃족어",
"tmh":"타마섹어",
"tn":"세츠와나어",
"to":"통가어",
"tog":"통가어 (니아살랜드)",
"tpi":"토크 피신어",
"tr":"터키어",
"ts":"총가어",
"tsi":"트심시안어",
"tt":"타타르어",
"tum":"툼부카어",
"tup":"투피어",
"tut":"알타이제어 (기타)",
"tvl":"투발루어",
"tw":"트위어",
"ty":"타히티어",
"tyv":"투비니안어",
"udm":"우드말트어",
"ug":"위구르어",
"uga":"유가리틱어",
"uk":"우크라이나어",
"umb":"윤번두어",
"und":"알 수 없는 언어",
"ur":"우르두어",
"uz":"우즈베크어",
"vai":"바이어",
"ve":"벤다어",
"vi":"베트남어",
"vo":"볼라퓌크어",
"vot":"보틱어",
"wa":"왈론어",
"wak":"와카샨어",
"wal":"와라모어",
"war":"와라이어",
"was":"와쇼어",
"wen":"소르브어",
"wo":"올로프어",
"xal":"칼미크어",
"xh":"코사어",
"yao":"야오족어",
"yap":"얍페세어",
"yi":"이디시어",
"yo":"요루바어",
"ypk":"야픽어",
"yue":"광둥어",
"za":"주앙어",
"zap":"사포테크어",
"zbl":"블리스 심볼",
"zen":"제나가어",
"zh":"중국어",
"zh_Hans":"중국어(간체)",
"zh_Hant":"중국어(번체)",
"znd":"아잔데족어",
"zu":"줄루어",
"zun":"주니어",
"zxx":"언어 관련 내용 없음",
"zza":"자자어"
},
"scripts":{
"Arab":"아랍 문자",
"Armn":"아르메니아 문자",
"Bali":"발리 문자",
"Batk":"바타크 문자",
"Beng":"벵골 문자",
"Blis":"블리스기호 문자",
"Bopo":"주음부호",
"Brah":"브라미",
"Brai":"브라유 점자",
"Bugi":"부기 문자",
"Buhd":"부히드 문자",
"Cans":"통합 캐나다 토착어",
"Cari":"카리 문자",
"Cham":"칸 고어",
"Cher":"체로키 문자",
"Cirt":"키르쓰",
"Copt":"콥트 문자",
"Cprt":"키프로스 문자",
"Cyrl":"키릴 문자",
"Cyrs":"고대교회슬라브어 키릴문자",
"Deva":"데바나가리 문자",
"Dsrt":"디저렛 문자",
"Egyd":"고대 이집트 민중문자",
"Egyh":"고대 이집트 신관문자",
"Egyp":"고대 이집트 신성문자",
"Ethi":"에티오피아 문자",
"Geor":"그루지야 문자",
"Glag":"글라골 문자",
"Goth":"고트 문자",
"Grek":"그리스 문자",
"Gujr":"구쟈라티 문자",
"Guru":"구르무키 문자",
"Hang":"한글",
"Hani":"한자",
"Hano":"하누누 문자",
"Hans":"한자(간체)",
"Hant":"한자(번체)",
"Hebr":"히브리 문자",
"Hira":"히라가나",
"Hmng":"파하우 몽 문자",
"Hrkt":"가나",
"Hung":"고대 헝가리 문자",
"Inds":"인더스 문자",
"Ital":"고대 이탈리아 문자",
"Java":"자바 문자",
"Jpan":"일본 문자",
"Kali":"카야 리 문자",
"Kana":"가타카나",
"Khar":"카로슈티 문자",
"Khmr":"크메르 문자",
"Knda":"칸나다 문자",
"Kore":"한국어",
"Lana":"란나 문자",
"Laoo":"라오 문자",
"Latf":"독일식 로마자",
"Latg":"아일랜드식 로마자",
"Latn":"로마자",
"Lepc":"렙차 문자",
"Limb":"림부 문자",
"Lina":"선형 문자(A)",
"Linb":"선형 문자(B)",
"Lyci":"리키아 문자",
"Lydi":"리디아 문자",
"Mand":"만다이아 문자",
"Maya":"마야 상형 문자",
"Mero":"메로에 문자",
"Mlym":"말라얄람 문자",
"Mong":"몽골 문자",
"Mymr":"미얀마 문자",
"Nkoo":"응코 문자",
"Ogam":"오검 문자",
"Olck":"올 치키 문자",
"Orkh":"오르혼어",
"Orya":"오리야 문자",
"Osma":"오스마니아 문자",
"Perm":"고대 페름 문자",
"Phag":"파스파 문자",
"Phnx":"페니키아 문자",
"Plrd":"폴라드 표음 문자",
"Rjng":"레장 문자",
"Roro":"롱고롱고",
"Runr":"룬 문자",
"Sara":"사라티",
"Saur":"사우라슈트라 문자",
"Sgnw":"수화 문자",
"Shaw":"샤비안 문자",
"Sinh":"신할라 문자",
"Sund":"순다 문자",
"Sylo":"실헤티 나가리",
"Syrc":"시리아 문자",
"Syre":"에스트랑겔로식 시리아 문자",
"Syrj":"서부 시리아 문자",
"Syrn":"동부 시리아 문자",
"Tagb":"타그반와 문자",
"Tale":"타이 레 문자",
"Talu":"신 타이 루에",
"Taml":"타밀 문자",
"Telu":"텔루구 문자",
"Teng":"텡과르 문자",
"Tfng":"티피나그 문자",
"Tglg":"타갈로그 문자",
"Thaa":"타나 문자",
"Thai":"타이 문자",
"Tibt":"티베트 문자",
"Ugar":"우가리트 문자",
"Vaii":"바이 문자",
"Visp":"시화법",
"Xpeo":"고대 페르시아 문자",
"Xsux":"수메르-아카드어 설형문자",
"Yiii":"이 문자",
"Zsym":"기호",
"Zxxx":"구전",
"Zyyy":"일반 문자",
"Zzzz":"기록되지 않은 문자(구전)"
},
"territories":{
"001":"세계",
"002":"아프리카",
"003":"북아메리카",
"005":"남아메리카[남미]",
"009":"오세아니아",
"011":"서아프리카",
"013":"중앙 아메리카",
"014":"동부 아프리카",
"015":"북부 아프리카",
"017":"중부 아프리카",
"018":"남부 아프리카",
"019":"아메리카 대륙",
"021":"북부 아메리카",
"029":"카리브 해 제도",
"030":"동아시아",
"034":"남아시아",
"035":"동남 아시아",
"039":"남유럽",
"053":"오스트레일리아와 뉴질랜드",
"054":"멜라네시아",
"057":"미크로네시아 지역",
"061":"폴리네시아",
"062":"중남 아시아",
"142":"아시아",
"143":"중앙 아시아",
"145":"서아시아",
"150":"유럽",
"151":"동유럽",
"154":"북유럽",
"155":"서유럽",
"172":"독립 국가 연합",
"419":"라틴 아메리카",
"AC":"어센션 섬",
"AD":"안도라",
"AE":"아랍에미리트 연합",
"AF":"아프가니스탄",
"AG":"앤티가 바부다",
"AI":"안길라",
"AL":"알바니아",
"AM":"아르메니아",
"AN":"네덜란드령 안틸레스",
"AO":"앙골라",
"AQ":"남극 대륙",
"AR":"아르헨티나",
"AS":"아메리칸 사모아",
"AT":"오스트리아",
"AU":"오스트레일리아",
"AW":"아루바",
"AX":"올란드 제도",
"AZ":"아제르바이잔",
"BA":"보스니아 헤르체고비나",
"BB":"바베이도스",
"BD":"방글라데시",
"BE":"벨기에",
"BF":"부르키나파소",
"BG":"불가리아",
"BH":"바레인",
"BI":"부룬디",
"BJ":"베냉",
"BL":"생 바르텔르미",
"BM":"버뮤다",
"BN":"브루나이",
"BO":"볼리비아",
"BR":"브라질",
"BS":"바하마",
"BT":"부탄",
"BV":"부베",
"BW":"보츠와나",
"BY":"벨라루스",
"BZ":"벨리즈",
"CA":"캐나다",
"CC":"코코스제도",
"CD":"콩고-킨샤사",
"CF":"중앙 아프리카 공화국",
"CG":"콩고",
"CH":"스위스",
"CI":"코트디부아르",
"CK":"쿡제도",
"CL":"칠레",
"CM":"카메룬",
"CN":"중국",
"CO":"콜롬비아",
"CP":"클립퍼튼 섬",
"CR":"코스타리카",
"CS":"세르비아 및 몬테네그로",
"CU":"쿠바",
"CV":"까뽀베르데",
"CX":"크리스마스섬",
"CY":"사이프러스",
"CZ":"체코",
"DE":"독일",
"DG":"디에고 가르시아",
"DJ":"지부티",
"DK":"덴마크",
"DM":"도미니카",
"DO":"도미니카 공화국",
"DZ":"알제리",
"EA":"세우타 및 멜리야",
"EC":"에콰도르",
"EE":"에스토니아",
"EG":"이집트",
"EH":"서사하라",
"ER":"에리트리아",
"ES":"스페인",
"ET":"이디오피아",
"EU":"유럽 연합",
"FI":"핀란드",
"FJ":"피지",
"FK":"포클랜드 제도",
"FM":"미크로네시아",
"FO":"페로제도",
"FR":"프랑스",
"GA":"가봉",
"GB":"영국",
"GD":"그레나다",
"GE":"그루지야",
"GF":"프랑스령 기아나",
"GG":"건지",
"GH":"가나",
"GI":"지브롤터",
"GL":"그린란드",
"GM":"감비아",
"GN":"기니",
"GP":"과들루프",
"GQ":"적도 기니",
"GR":"그리스",
"GS":"사우스조지아 사우스샌드위치 제도",
"GT":"과테말라",
"GU":"괌",
"GW":"기네비쏘",
"GY":"가이아나",
"HK":"홍콩, 중국 특별행정구",
"HM":"허드섬-맥도널드제도",
"HN":"온두라스",
"HR":"크로아티아",
"HT":"아이티",
"HU":"헝가리",
"IC":"카나리아 제도",
"ID":"인도네시아",
"IE":"아일랜드",
"IL":"이스라엘",
"IM":"맨 섬",
"IN":"인도",
"IO":"영국령인도양식민지",
"IQ":"이라크",
"IR":"이란",
"IS":"아이슬란드",
"IT":"이탈리아",
"JE":"저지",
"JM":"자메이카",
"JO":"요르단",
"JP":"일본",
"KE":"케냐",
"KG":"키르기스스탄",
"KH":"캄보디아",
"KI":"키리바시",
"KM":"코모로스",
"KN":"세인트크리스토퍼 네비스",
"KP":"조선 민주주의 인민 공화국",
"KR":"대한민국",
"KW":"쿠웨이트",
"KY":"케이맨제도",
"KZ":"카자흐스탄",
"LA":"라오스",
"LB":"레바논",
"LC":"세인트루시아",
"LI":"리히텐슈타인",
"LK":"스리랑카",
"LR":"라이베리아",
"LS":"레소토",
"LT":"리투아니아",
"LU":"룩셈부르크",
"LV":"라트비아",
"LY":"리비아",
"MA":"모로코",
"MC":"모나코",
"MD":"몰도바",
"ME":"몬테네그로",
"MF":"생 마르탱",
"MG":"마다가스카르",
"MH":"마샬 군도",
"MK":"마케도니아",
"ML":"말리",
"MM":"미얀마",
"MN":"몽골",
"MO":"마카오, 중국 특별행정구",
"MP":"북마리아나제도",
"MQ":"말티니크",
"MR":"모리타니",
"MS":"몬트세라트",
"MT":"몰타",
"MU":"모리셔스",
"MV":"몰디브",
"MW":"말라위",
"MX":"멕시코",
"MY":"말레이시아",
"MZ":"모잠비크",
"NA":"나미비아",
"NC":"뉴 칼레도니아",
"NE":"니제르",
"NF":"노퍽섬",
"NG":"나이지리아",
"NI":"니카라과",
"NL":"네덜란드",
"NO":"노르웨이",
"NP":"네팔",
"NR":"나우루",
"NU":"니우에",
"NZ":"뉴질랜드",
"OM":"오만",
"PA":"파나마",
"PE":"페루",
"PF":"프랑스령 폴리네시아",
"PG":"파푸아뉴기니",
"PH":"필리핀",
"PK":"파키스탄",
"PL":"폴란드",
"PM":"세인트피에르-미케롱",
"PN":"핏케언섬",
"PR":"푸에르토리코",
"PS":"팔레스타인 지구",
"PT":"포르투갈",
"PW":"팔라우",
"PY":"파라과이",
"QA":"카타르",
"QO":"오세아니아 외곽",
"RE":"리유니온",
"RO":"루마니아",
"RS":"세르비아",
"RU":"러시아",
"RW":"르완다",
"SA":"사우디아라비아",
"SB":"솔로몬 제도",
"SC":"쉐이쉘",
"SD":"수단",
"SE":"스웨덴",
"SG":"싱가포르",
"SH":"세인트헬레나",
"SI":"슬로베니아",
"SJ":"스발바르제도-얀마웬섬",
"SK":"슬로바키아",
"SL":"시에라리온",
"SM":"산마리노",
"SN":"세네갈",
"SO":"소말리아",
"SR":"수리남",
"ST":"상투메 프린시페",
"SV":"엘살바도르",
"SY":"시리아",
"SZ":"스와질랜드",
"TA":"트리스탄다쿠나",
"TC":"터크스케이커스제도",
"TD":"차드",
"TF":"프랑스 남부 지방",
"TG":"토고",
"TH":"태국",
"TJ":"타지키스탄",
"TK":"토켈라우",
"TL":"동티모르",
"TM":"투르크메니스탄",
"TN":"튀니지",
"TO":"통가",
"TR":"터키",
"TT":"트리니다드 토바고",
"TV":"투발루",
"TW":"대만",
"TZ":"탄자니아",
"UA":"우크라이나",
"UG":"우간다",
"UM":"미국령 해외 제도",
"US":"미국",
"UY":"우루과이",
"UZ":"우즈베키스탄",
"VA":"바티칸",
"VC":"세인트빈센트그레나딘",
"VE":"베네수엘라",
"VG":"영국령 버진 아일랜드",
"VI":"미국령 버진 아일랜드",
"VN":"베트남",
"VU":"바누아투",
"WF":"왈리스-푸투나 제도",
"WS":"사모아",
"YE":"예멘",
"YT":"마요티",
"ZA":"남아프리카",
"ZM":"잠비아",
"ZW":"짐바브웨",
"ZZ":"알수없거나 유효하지 않은 지역"
},
"orientation":"left-to-right",
"dateFormat-full":"y년 M월 d일 EEEE",
"dateFormat-long":"y년 M월 d일",
"dateFormat-medium":"yyyy. M. d.",
"dateFormat-short":"yy. M. d.",
"timeFormat-full":"a h시 m분 s초 zzzz",
"timeFormat-long":"a h시 m분 s초 z",
"timeFormat-medium":"a h:mm:ss",
"timeFormat-short":"a h:mm",
"dateTimeFormat-full":"{1} {0}",
"dateTimeFormat-long":"{1} {0}",
"dateTimeFormat-medium":"{1} {0}",
"dateTimeFormat-short":"{1} {0}",
"months-defaultContext":"format",
"months-defaultWidth":"wide",
"months-format-abbreviated":[
"1월",
"2월",
"3월",
"4월",
"5월",
"6월",
"7월",
"8월",
"9월",
"10월",
"11월",
"12월"],
"months-format-narrow":[
"1월",
"2월",
"3월",
"4월",
"5월",
"6월",
"7월",
"8월",
"9월",
"10월",
"11월",
"12월"],
"months-format-wide":[
"1월",
"2월",
"3월",
"4월",
"5월",
"6월",
"7월",
"8월",
"9월",
"10월",
"11월",
"12월"],
"months-standAlone-abbreviated":[
"1월",
"2월",
"3월",
"4월",
"5월",
"6월",
"7월",
"8월",
"9월",
"10월",
"11월",
"12월"],
"months-standAlone-narrow":[
"1월",
"2월",
"3월",
"4월",
"5월",
"6월",
"7월",
"8월",
"9월",
"10월",
"11월",
"12월"],
"months-standAlone-wide":[
"1월",
"2월",
"3월",
"4월",
"5월",
"6월",
"7월",
"8월",
"9월",
"10월",
"11월",
"12월"],
"days-defaultContext":"format",
"days-defaultWidth":"wide",
"days-format-abbreviated":[
"일",
"월",
"화",
"수",
"목",
"금",
"토"],
"days-format-narrow":[
"일",
"월",
"화",
"수",
"목",
"금",
"토"],
"days-format-wide":[
"일요일",
"월요일",
"화요일",
"수요일",
"목요일",
"금요일",
"토요일"],
"days-standAlone-abbreviated":[
"일",
"월",
"화",
"수",
"목",
"금",
"토"],
"days-standAlone-narrow":[
"일",
"월",
"화",
"수",
"목",
"금",
"토"],
"days-standAlone-wide":[
"일요일",
"월요일",
"화요일",
"수요일",
"목요일",
"금요일",
"토요일"],
"quarters-format-abbreviated":[
"1분기",
"2분기",
"3분기",
"4분기"],
"quarters-format-narrow":[
"1",
"2",
"3",
"4"],
"quarters-format-wide":[
"제 1/4분기",
"제 2/4분기",
"제 3/4분기",
"제 4/4분기"],
"quarters-standAlone-abbreviated":[
"1분기",
"2분기",
"3분기",
"4분기"],
"quarters-standAlone-narrow":[
"1",
"2",
"3",
"4"],
"quarters-standAlone-wide":[
"제 1/4분기",
"제 2/4분기",
"제 3/4분기",
"제 4/4분기"],
"dayPeriods-format-abbreviated":[
"오전",
"오후"],
"dayPeriods-format-narrow":[
"오전",
"오후"],
"dayPeriods-format-wide":[
"오전",
"오후"],
"dayPeriods-standAlone-abbreviated":[
"오전",
"오후"],
"dayPeriods-standAlone-narrow":[
"오전",
"오후"],
"dayPeriods-standAlone-wide":[
"오전",
"오후"],
"decimalFormat":{
"standard":"#,##0.###"},
"decimalFormat-short":{
"1000":"0.0K",
"10000":"00K",
"100000":"000K",
"1000000":"0.0M",
"10000000":"00M",
"100000000":"000M",
"1000000000":"0.0B",
"10000000000":"00B",
"100000000000":"000B",
"1000000000000":"0.0T",
"10000000000000":"00T",
"100000000000000":"000T"},
"scientificFormat":{
"standard":"#E0"},
"percentFormat":{
"standard":"#,##0%"},
"currencyFormat":{
"standard":"¤#,##0.00"},
"symbols-latn-decimal":".",
"symbols-latn-group":",",
"symbols-latn-list":";",
"symbols-latn-percentSign":"%",
"symbols-latn-plusSign":"+",
"symbols-latn-minusSign":"-",
"symbols-latn-exponential":"E",
"symbols-latn-perMille":"‰",
"symbols-latn-infinity":"∞",
"symbols-latn-nan":"NaN",
"weekData-minDays":1,
"weekData-firstDay":0,
"weekData-weekendStart":6,
"weekData-weekendEnd":0
}