{
"languages":{
"aa":"afarų",
"ab":"abchazų",
"ace":"ačinezų",
"ach":"acoli",
"ada":"adangmų",
"ady":"adygėjų",
"ae":"avestų",
"af":"afrikanų",
"afa":"afroazijos kalba",
"afh":"afrihili",
"ain":"ainų",
"ak":"akanų",
"akk":"akadianų",
"ale":"aleutų",
"alg":"algonkuanų kalba",
"alt":"pietų altajaus",
"am":"amharų",
"an":"aragonesų",
"ang":"senoji anglų",
"anp":"angikų",
"apa":"apačių kalba",
"ar":"arabų",
"arc":"aramaikų",
"arn":"araukanų",
"arp":"arapahų",
"art":"dirbtinė kalba",
"arw":"aravakų",
"as":"asamų",
"ast":"asturianų",
"ath":"athapaskanų kalba",
"aus":"australų kalba",
"av":"avarikų",
"awa":"avadhi",
"ay":"aimarų",
"az":"azerbaidžaniečių",
"ba":"baškirų",
"bad":"bandų",
"bai":"bamilekų kalba",
"bal":"baluči",
"ban":"balinezų",
"bas":"basų",
"bat":"baltų kalba",
"be":"baltarusių",
"bej":"bėjų",
"bem":"bembų",
"ber":"berberų",
"bg":"bulgarų",
"bh":"biharų",
"bho":"baučpuri",
"bi":"bislama",
"bik":"bikolų",
"bin":"bini",
"bla":"siksika",
"bm":"bambarų",
"bn":"bengalų",
"bnt":"bantų",
"bo":"tibetiečių",
"br":"bretonų",
"bra":"brajų",
"bs":"bosnių",
"btk":"batakų",
"bua":"buriatų",
"bug":"buginezų",
"byn":"blin",
"ca":"katalonų",
"cad":"kado",
"cai":"Centrinės Amerikos indėnų kalba",
"car":"karibų",
"cau":"kaukaziečių kalba",
"cch":"atsamų",
"ce":"čečėnų",
"ceb":"cebuanų",
"cel":"keltų kalba",
"ch":"čamorų",
"chb":"čibča",
"chg":"čagatų",
"chk":"čukesų",
"chm":"mari",
"chn":"činuk žargonas",
"cho":"čoktau",
"chp":"čipvėjų",
"chr":"čerokių",
"chy":"čajenų",
"cmc":"čamikų kalba",
"co":"korsikiečių",
"cop":"koptų",
"cpe":"kreolų arba pidžinų kalba pagal anglų",
"cpf":"kreolų arba pidžinų kalba pagal prancūzų",
"cpp":"kreolų arba pidžinų kalba pagal portugalų",
"cr":"kry",
"crh":"krymo turkų",
"crp":"kreolų arba pidžinų kalba",
"cs":"čekų",
"csb":"kašubų",
"cu":"bažnytinė slavų",
"cus":"kušitik kalba",
"cv":"čiuvašų",
"cy":"valų",
"da":"danų",
"dak":"dakotų",
"dar":"dargva",
"day":"bidayuh kalba",
"de":"vokiečių",
"de_AT":"Austrijos vokiečių",
"de_CH":"aukštoji Šveicarijos vokiečių",
"del":"delavero",
"den":"slave",
"dgr":"dogribų",
"din":"dinkų",
"doi":"dogri",
"dra":"dravidų kalba",
"dsb":"Žemutinės Serbijos",
"dua":"dualų",
"dum":"Vidurio Vokietijos",
"dv":"divehi",
"dyu":"dyulų",
"dz":"svazilando",
"ee":"eve",
"efi":"efik",
"egy":"senovės egiptiečių",
"eka":"ekajuk",
"el":"graikų",
"elx":"elamitų",
"en":"anglų",
"en_AU":"anglų kalba (Australija)",
"en_CA":"Kanados anglų",
"en_GB":"anglų (britų)",
"en_US":"anglų (amerikiečių)",
"enm":"Vidurio Anglijos",
"eo":"esperanto",
"es":"ispanų",
"es_419":"Lotynų Amerikos ispanų",
"es_ES":"Iberijos ispanų",
"et":"estų",
"eu":"baskų",
"ewo":"evondo",
"fa":"persų",
"fan":"fang",
"fat":"fanti",
"ff":"fulahų",
"fi":"suomių",
"fil":"tagalų",
"fiu":"finougrų kalba",
"fj":"fidžio",
"fo":"farerų kalba",
"fon":"fon",
"fr":"prancūzų",
"fr_CA":"Kanados prancūzų",
"fr_CH":"Šveicarijos prancūzų",
"frm":"Vidurio Prancūzijos",
"fro":"senoji prancūzų",
"frr":"šiaurinių fryzų",
"frs":"rytų fryzų",
"fur":"frulan",
"fy":"vakarų fryzų",
"ga":"airių",
"gaa":"ga",
"gay":"gajo",
"gba":"gbaja",
"gd":"škotų (gėlų)",
"gem":"germanų kalba",
"gez":"gyz",
"gil":"kiribati",
"gl":"galisų",
"gmh":"Vidurio aukštosios Vokietijos",
"gn":"gvaranių",
"goh":"Senoji Aukštosios Vokietijos",
"gon":"gondi",
"gor":"gorontalo",
"got":"gotų",
"grb":"grebo",
"grc":"senovės graikų",
"gsw":"Šveicarijos vokiečių",
"gu":"gudžaratų",
"gv":"manks",
"gwi":"gvičino",
"ha":"hausų",
"hai":"haido",
"haw":"havajų",
"he":"hebrajų",
"hi":"hindi",
"hil":"hiligainon",
"him":"himačali",
"hit":"hititų",
"hmn":"hmong",
"ho":"hiri motu",
"hr":"kroatų",
"hsb":"viršutinė sorbian",
"ht":"haičio",
"hu":"vengrų",
"hup":"hupa",
"hy":"armėnų",
"hz":"herero",
"ia":"interlingva",
"iba":"iban",
"id":"indoneziečių",
"ie":"interkalba",
"ig":"igbo",
"ii":"sičuan ji",
"ijo":"ijo",
"ik":"inupiak",
"ilo":"iloko",
"inc":"indų kalba",
"ine":"indoeuropiečių kalba",
"inh":"ingušų",
"io":"ido",
"ira":"iraniečių kalba",
"iro":"irako kalba",
"is":"islandų",
"it":"italų",
"iu":"inukitut",
"ja":"japonų",
"jbo":"loiban",
"jpr":"judėjų persų",
"jrb":"judėjų arabų",
"jv":"javiečių",
"ka":"gruzinų",
"kaa":"karakalpakų",
"kab":"kabilo",
"kac":"kačin",
"kaj":"ju",
"kam":"kamba",
"kar":"karenų",
"kaw":"kavi",
"kbd":"kabardinų",
"kcg":"tyap",
"kfo":"koro",
"kg":"kongo",
"kha":"kasi",
"khi":"koisan kalba",
"kho":"kotanezų",
"ki":"kikui",
"kj":"kuaniama",
"kk":"kazachų",
"kl":"kalalisut",
"km":"khmerų",
"kmb":"kimbundu",
"kn":"kanadų",
"ko":"korėjiečių",
"kok":"kankani",
"kos":"kosreanų",
"kpe":"kpele",
"kr":"kanuri",
"krc":"karačiajų balkarijos",
"krl":"karelų",
"kro":"kru kalba",
"kru":"kuruk",
"ks":"kašmyro",
"ku":"kurdų",
"kum":"kumik",
"kut":"kutenai",
"kv":"komi",
"kw":"kornų",
"ky":"kirgizų",
"la":"lotynų",
"lad":"ladino",
"lah":"landa",
"lam":"lamba",
"lb":"liuksemburgiečių",
"lez":"lezginų",
"lg":"ganda",
"li":"limburgiš",
"ln":"lingala",
"lo":"laosiečių",
"lol":"mongo",
"loz":"lozi",
"lt":"lietuvių",
"lu":"luba katanga",
"lua":"luba lula",
"lui":"luiseno",
"lun":"lunda",
"luo":"luo",
"lus":"lušai",
"lv":"latvių",
"mad":"madurezų",
"mag":"magahi",
"mai":"maithili",
"mak":"makasaro",
"man":"mandingo",
"map":"austronezų",
"mas":"masajų",
"mdf":"mokša",
"mdr":"mandar",
"men":"mende",
"mg":"malagasijos",
"mga":"Vidurio Airijos",
"mh":"Maršalo salų",
"mi":"maorių",
"mic":"mikmak",
"min":"minankabu",
"mis":"įvairios kalbos",
"mk":"makedonų",
"mkh":"mon khmer kalba",
"ml":"malajalių",
"mn":"mongolų",
"mnc":"manču",
"mni":"manipuri",
"mno":"manobo kalba",
"mo":"moldavų",
"moh":"mohok",
"mos":"mosi",
"mr":"maratų",
"ms":"malajiečių",
"mt":"maltiečių",
"mul":"kelios kalbos",
"mun":"munda kalba",
"mus":"krykų",
"mwl":"mirandezų",
"mwr":"marvari",
"my":"birmiečių",
"myn":"majanų",
"myv":"erzyjų",
"na":"naurų",
"nah":"nahuatlų",
"nai":"Šiaurės Amerikos indėnų kalba",
"nap":"neapoliečių",
"nb":"Norvegijos bokmal",
"nd":"šiaurės ndebelų",
"nds":"Žemutinės Vokietijos",
"ne":"nepalų",
"new":"nevari",
"ng":"ndongų",
"nia":"nias",
"nic":"Nigerio kordofanų kalba",
"niu":"niuenų",
"nl":"olandų",
"nl_BE":"flamandų",
"nn":"naujoji norvegų",
"no":"norvegų",
"nog":"nogų",
"non":"norsu",
"nqo":"enko",
"nr":"pietų ndebele",
"nso":"šiaurės sothų",
"nub":"nubijos kalba",
"nv":"navajų",
"nwc":"klasikinė nevari",
"ny":"nianja",
"nym":"niamvezi",
"nyn":"niankole",
"nyo":"nioro",
"nzi":"nzima",
"oc":"provansalų",
"oj":"ojibva",
"om":"oromo",
"or":"orijų",
"os":"osetinų",
"osa":"osage",
"ota":"osmanų turkų",
"oto":"otomanų kalba",
"pa":"pandžabų",
"paa":"papuasų kalba",
"pag":"pangasinan",
"pal":"pahlavi",
"pam":"pampanga",
"pap":"papiemento",
"pau":"palau",
"peo":"senoji persų",
"phi":"filipinų kalba",
"phn":"finikiečių",
"pi":"pali",
"pl":"lenkų",
"pon":"ponapean",
"pra":"prakrit kalba",
"pro":"senovės provansalų",
"ps":"puštūnų",
"pt":"portugalų",
"pt_BR":"portugalų (Brazilijos)",
"pt_PT":"Iberijos portugalų",
"qu":"kečujų",
"raj":"radžastano",
"rap":"rapanui",
"rar":"rarotongan",
"rm":"raeto romanų",
"rn":"rundi",
"ro":"rumunų",
"roa":"romanų kalba",
"rom":"romų kalba",
"root":"rūt",
"ru":"rusų",
"rup":"aromanių",
"rw":"kinjarvanda",
"sa":"sanskritas",
"sad":"sandavi",
"sah":"jakutų",
"sai":"Pietų Amerikos indėnų kalba",
"sal":"sališan kalba",
"sam":"samarėjų aramių",
"sas":"sasak",
"sat":"santali",
"sc":"sardiniečių",
"scn":"siciliečių",
"sco":"škotų",
"sd":"sindų",
"se":"šiaurinių samių",
"sel":"selkup",
"sem":"samitų kalba",
"sg":"sango",
"sga":"senoji airių",
"sgn":"ženklų kalba",
"sh":"serbų-kroatų",
"shn":"šan",
"si":"sinhalų",
"sid":"sidamo",
"sio":"siouan kalba",
"sit":"sino tibeto kalba",
"sk":"slovakų",
"sl":"slovėnų",
"sla":"slavų kalba",
"sm":"samoa",
"sma":"pietų sami",
"smi":"samių kalba",
"smj":"lule sami",
"smn":"inari sami",
"sms":"skolt sami",
"sn":"šona",
"snk":"soninke",
"so":"somalių",
"sog":"sogdien",
"son":"songhai",
"sq":"albanų",
"sr":"serbų",
"srn":"sranan tongo",
"srr":"sererų",
"ss":"svati",
"ssa":"Nilo Sacharos kalba",
"st":"pietų sesuto",
"su":"sundų",
"suk":"sukuma",
"sus":"susu",
"sux":"šumerų",
"sv":"švedų",
"sw":"svahili",
"swb":"Comorian",
"syc":"klasikinė siriečių",
"syr":"sirų",
"ta":"tamilų",
"tai":"tajų kalba",
"te":"telugų",
"tem":"timne",
"ter":"tereno",
"tet":"tetum",
"tg":"tadžikų",
"th":"tajų",
"ti":"tigrajų",
"tig":"tigre",
"tiv":"tiv",
"tk":"turkmėnų",
"tkl":"tokelau",
"tl":"tagalogų",
"tlh":"„žvaigždžių kelionių“",
"tli":"tlingit",
"tmh":"tamašek",
"tn":"tsvana",
"to":"tonga",
"tog":"niasa tongos",
"tpi":"tok pisin",
"tr":"turkų",
"ts":"tsonga",
"tsi":"tsimšian",
"tt":"totorių",
"tum":"tumbuka",
"tup":"tupi kalba",
"tut":"altaikų kalba",
"tvl":"tuvalu",
"tw":"tvi",
"ty":"taitiečių",
"tyv":"tuvių",
"udm":"udmurtų",
"ug":"uigūrų",
"uga":"ugaritic",
"uk":"ukrainiečių",
"umb":"umbundu",
"und":"nežinoma kalba",
"ur":"urdų",
"uz":"uzbekų",
"vai":"vai",
"ve":"venda",
"vi":"vietnamiečių",
"vo":"volapiuk",
"vot":"votik",
"wa":"valonų",
"wak":"vakašan kalba",
"wal":"valamo",
"war":"varai",
"was":"vašo",
"wen":"sorbų kalba",
"wo":"volof",
"xal":"kalmukų",
"xh":"kosų",
"yao":"jao",
"yap":"japezų",
"yi":"jidiš",
"yo":"joruba",
"ypk":"jupik kalba",
"yue":"kinų kalbos Kantono tarmė",
"za":"chuang",
"zap":"zapotekų",
"zbl":"„Bliss“ simbolių kalba",
"zen":"zenaga",
"zh":"kinų",
"znd":"zande",
"zu":"zulų",
"zun":"zuni",
"zxx":"Nėra kalbinio turinio",
"zza":"zaza"
},
"scripts":{
"Arab":"arabų",
"Armi":"imperinė aramaikų",
"Armn":"armėnų",
"Avst":"avestano",
"Batk":"batak",
"Beng":"bengalų",
"Blis":"„Bliss“ simboliai",
"Bopo":"bopomofo",
"Brah":"brahmi",
"Brai":"brailio",
"Bugi":"buginezų",
"Buhd":"buhid",
"Cakm":"čakma",
"Cans":"suvienodinti Kanados aborigenų silabiniai",
"Cari":"karių",
"Cham":"čam",
"Cher":"čerokių",
"Cirt":"kirt",
"Copt":"koptų",
"Cprt":"kipro",
"Cyrl":"kirilica",
"Cyrs":"senoji bažnytinė slavų kirilica",
"Deva":"devanagari",
"Dsrt":"deseretas",
"Egyd":"Egipto liaudies",
"Egyh":"Egipto žynių",
"Egyp":"egipto hieroglifai",
"Ethi":"etiopų",
"Geok":"gruzinų kutsuri",
"Geor":"gruzinų",
"Glag":"glagolitik",
"Goth":"gotų",
"Grek":"graikų",
"Gujr":"gudžiarati",
"Guru":"gurmuki",
"Hang":"hangul",
"Hani":"han",
"Hano":"hanuno",
"Hans":"supaprastinta",
"Hant":"tradicinė",
"Hebr":"hebrajų",
"Hira":"hiragana",
"Hmng":"pahav hmong",
"Hrkt":"katakana / hiragana",
"Hung":"senasis vengrų",
"Inds":"indus",
"Ital":"senasis italų",
"Java":"javiečių",
"Jpan":"japonų",
"Kali":"kajah li",
"Kana":"katakana",
"Khar":"karošti",
"Khmr":"khmerų",
"Knda":"kanadiečių",
"Kore":"korėjiečių",
"Kthi":"kaithi",
"Lana":"lana",
"Laoo":"lao",
"Latf":"fraktur lotynų",
"Latg":"gėlų lotynų",
"Latn":"lotynų",
"Lepc":"lepča",
"Limb":"limbu",
"Lina":"linijiniai A",
"Linb":"linijiniai B",
"Lyci":"lician",
"Lydi":"lidian",
"Mand":"mandėjų",
"Mani":"maničų",
"Maya":"malų hieroglifai",
"Mero":"meroitik",
"Mlym":"malajalų",
"Mong":"mongolų",
"Moon":"mūn",
"Mtei":"meitei majek",
"Mymr":"mianmaro",
"Nkoo":"enko",
"Ogam":"ogham",
"Olck":"ol čiki",
"Orkh":"orkon",
"Orya":"orija",
"Osma":"osmanų",
"Perm":"senieji permės",
"Phag":"pagsa pa",
"Phli":"rašytiniai pahlavi",
"Phlp":"pselter pahlavi",
"Phlv":"buk pahvali",
"Phnx":"foenikų",
"Plrd":"polard fonetinė",
"Prti":"rašytiniai partų",
"Rjng":"rejang",
"Roro":"rongorongo",
"Runr":"runų",
"Samr":"samariečių",
"Sara":"sarati",
"Saur":"sauraštra",
"Sgnw":"ženklų raštas",
"Shaw":"šavių",
"Sinh":"sinhala",
"Sund":"sundų",
"Sylo":"syloti nagri",
"Syrc":"sirų",
"Syre":"estrangelo siriečių",
"Syrj":"vakarų sirų",
"Syrn":"rytų sirų",
"Tagb":"tagbanva",
"Tale":"tai le",
"Talu":"naujasis Tailando lue",
"Taml":"tamilų",
"Tavt":"tai vet",
"Telu":"telugų",
"Teng":"tengvar",
"Tfng":"tifinag",
"Tglg":"tagalogų",
"Thaa":"hana",
"Thai":"tajų",
"Tibt":"tibetiečių",
"Ugar":"ugaritik",
"Vaii":"vai",
"Visp":"matoma kalba",
"Xpeo":"senieji persų",
"Xsux":"Šumero Akado dantiraštis",
"Yiii":"ji",
"Zinh":"paveldėtas",
"Zmth":"matematiniai simboliai",
"Zsym":"simbolių",
"Zxxx":"neparašyta",
"Zyyy":"bendras",
"Zzzz":"nežinomi rašmenys"
},
"territories":{
"001":"Pasaulis",
"002":"Afrika",
"003":"Šiaurės Amerika",
"005":"Pietų Amerika",
"009":"Okeanija",
"011":"Vakarų Afrika",
"013":"Centrinė Amerika",
"014":"Rytų Afrika",
"015":"Šiaurės Afrika",
"017":"Vidurio Afrika",
"018":"Pietų Afrika [018]",
"019":"Amerika",
"021":"Šiaurinė Amerika",
"029":"Karibai",
"030":"Rytų Azija",
"034":"Pietų Azija",
"035":"Pietryčių Azija",
"039":"Pietų Europa",
"053":"Australija ir Naujoji Zelandija",
"054":"Melanezija",
"057":"Mikronezijos regionas",
"061":"Polinezija",
"062":"Pietų vidurio Azija",
"142":"Azija",
"143":"Centrinė Azija",
"145":"Vakarų Azija",
"150":"Europa",
"151":"Rytų Europa",
"154":"Šiaurės Europa",
"155":"Vakarų Europa",
"172":"Nepriklausomų Valstybių Sandrauga",
"200":"Čekoslovakija",
"419":"Lotynų Amerika",
"AC":"Ascension sala",
"AD":"Andora",
"AE":"Jungtiniai Arabų Emyratai",
"AF":"Afganistanas",
"AG":"Antigva ir Barbuda",
"AI":"Angilija",
"AL":"Albanija",
"AM":"Armėnija",
"AN":"Olandijos Antilai",
"AO":"Angola",
"AQ":"Antarktis",
"AR":"Argentina",
"AS":"Amerikos Samoa",
"AT":"Austrija",
"AU":"Australija",
"AW":"Aruba",
"AX":"Alandų salos",
"AZ":"Azerbaidžanas",
"BA":"Bosnija ir Hercegovina",
"BB":"Barbadosas",
"BD":"Bangladešas",
"BE":"Belgija",
"BF":"Burkina Fasas",
"BG":"Bulgarija",
"BH":"Bahreinas",
"BI":"Burundis",
"BJ":"Beninas",
"BL":"Švento Baltramiejaus sala",
"BM":"Bermuda",
"BN":"Brunėjus",
"BO":"Bolivija",
"BR":"Brazilija",
"BS":"Bahamos",
"BT":"Butanas",
"BV":"Bouvet sala",
"BW":"Botsvana",
"BY":"Baltarusija",
"BZ":"Belizas",
"CA":"Kanada",
"CC":"Kokosų salos",
"CD":"Kongo Demokratinė Respublika",
"CF":"Centrinės Afrikos Respublika",
"CG":"Kongas",
"CH":"Šveicarija",
"CI":"Dramblio Kaulo Krantas",
"CK":"Kuko salos",
"CL":"Čilė",
"CM":"Kamerūnas",
"CN":"Kinija",
"CO":"Kolumbija",
"CP":"Clipperton sala",
"CR":"Kosta Rika",
"CS":"Serbija ir Juodkalnija",
"CU":"Kuba",
"CV":"Žaliasis Kyšulys",
"CX":"Kalėdų sala",
"CY":"Kipras",
"CZ":"Čekija",
"DE":"Vokietija",
"DG":"Diego Garcia",
"DJ":"Džibutis",
"DK":"Danija",
"DM":"Dominika",
"DO":"Dominikos Respublika",
"DZ":"Alžyras",
"EA":"Ceuta ir Melilla",
"EC":"Ekvadoras",
"EE":"Estija",
"EG":"Egiptas",
"EH":"Vakarų Sachara",
"ER":"Eritrėja",
"ES":"Ispanija",
"ET":"Etiopija",
"EU":"Europos Sąjunga",
"FI":"Suomija",
"FJ":"Fidžis",
"FK":"Falklando salos",
"FM":"Mikronezija",
"FO":"Farerų salos",
"FR":"Prancūzija",
"FX":"Prancūzija, Metropolitenas",
"GA":"Gabonas",
"GB":"Didžioji Britanija",
"GD":"Grenada",
"GE":"Gruzija",
"GF":"Prancūzijos Gviana",
"GG":"Guernsis",
"GH":"Gana",
"GI":"Gibraltaras",
"GL":"Grenlandija",
"GM":"Gambija",
"GN":"Gvinėja",
"GP":"Gvadelupė",
"GQ":"Pusiaujo Gvinėja",
"GR":"Graikija",
"GS":"Pietų Džordžija ir Pietų Sandvičo salos",
"GT":"Gvatemala",
"GU":"Guamas",
"GW":"Bisau Gvinėja",
"GY":"Gajana",
"HK":"Kinijos S. A. R. Honkongas",
"HM":"Heardo ir McDonaldo Salų Sritis",
"HN":"Hondūras",
"HR":"Kroatija",
"HT":"Haitis",
"HU":"Vengrija",
"IC":"Kanarų salos",
"ID":"Indonezija",
"IE":"Airija",
"IL":"Izraelis",
"IM":"Meino sala",
"IN":"Indija",
"IO":"Indijos vandenyno britų sritis",
"IQ":"Irakas",
"IR":"Iranas",
"IS":"Islandija",
"IT":"Italija",
"JE":"Džersis",
"JM":"Jamaika",
"JO":"Jordanija",
"JP":"Japonija",
"KE":"Kenija",
"KG":"Kirgiztanas",
"KH":"Kambodža",
"KI":"Kiribatis",
"KM":"Komorai",
"KN":"Sent Kitsas ir Nevis",
"KP":"Šiaurės Korėja",
"KR":"Pietų Korėja",
"KW":"Kuveitas",
"KY":"Kaimanų salos",
"KZ":"Kazachstanas",
"LA":"Laosas",
"LB":"Libanas",
"LC":"Šventoji Liucija",
"LI":"Lichtenšteinas",
"LK":"Šri Lanka",
"LR":"Liberija",
"LS":"Lesotas",
"LT":"Lietuva",
"LU":"Liuksemburgas",
"LV":"Latvija",
"LY":"Libija",
"MA":"Marokas",
"MC":"Monakas",
"MD":"Moldova",
"ME":"Juodkalnija",
"MF":"Saint-Martin",
"MG":"Madagaskaras",
"MH":"Maršalo Salos",
"MK":"Makedonija",
"ML":"Malis",
"MM":"Mianmaras",
"MN":"Mongolija",
"MO":"Macao",
"MP":"Marianos šiaurinės salos",
"MQ":"Martinika",
"MR":"Mauritanija",
"MS":"Montserratas",
"MT":"Malta",
"MU":"Mauricijus",
"MV":"Maldivai",
"MW":"Malavis",
"MX":"Meksika",
"MY":"Malaizija",
"MZ":"Mozambikas",
"NA":"Namibija",
"NC":"Naujoji Kaledonija",
"NE":"Nigeris",
"NF":"Norfolko sala",
"NG":"Nigerija",
"NI":"Nikaragva",
"NL":"Nyderlandai",
"NO":"Norvegija",
"NP":"Nepalas",
"NR":"Nauru",
"NU":"Niue",
"NZ":"Naujoji Zelandija",
"OM":"Omanas",
"PA":"Panama",
"PE":"Peru",
"PF":"Prancūzų Polinezija",
"PG":"Papua Naujoji Gvinėja",
"PH":"Filipinai",
"PK":"Pakistanas",
"PL":"Lenkija",
"PM":"Sen Pjeras ir Mikelonas",
"PN":"Pitkernas",
"PR":"Puerto Rikas",
"PS":"Palestinos teritorija",
"PT":"Portugalija",
"PW":"Palau",
"PY":"Paragvajus",
"QA":"Kataras",
"QO":"Nuošali Okeanija",
"RE":"Reunionas",
"RO":"Rumunija",
"RS":"Serbija",
"RU":"Rusijos Federacija",
"RW":"Ruanda",
"SA":"Saudo Arabija",
"SB":"Saliamono salos",
"SC":"Seišeliai",
"SD":"Sudanas",
"SE":"Švedija",
"SG":"Singapūras",
"SH":"Šventoji Elena",
"SI":"Slovėnija",
"SJ":"Svalbardo ir Jan Majen salos",
"SK":"Slovakija",
"SL":"Siera Leonė",
"SM":"San Marinas",
"SN":"Senegalas",
"SO":"Somalis",
"SR":"Surinamas",
"ST":"San Tomė ir Principė",
"SV":"Salvadoras",
"SY":"Sirija",
"SZ":"Svazilendas",
"TA":"Tristan da Cunha",
"TC":"Turkso ir Caicoso salos",
"TD":"Čadas",
"TF":"Prancūzijos Pietų sritys",
"TG":"Togas",
"TH":"Tailandas",
"TJ":"Tadžikistanas",
"TK":"Tokelau",
"TL":"Rytų Timoras",
"TM":"Turkmėnistanas",
"TN":"Tunisas",
"TO":"Tonga",
"TR":"Turkija",
"TT":"Trinidadas ir Tobagas",
"TV":"Tuvalu",
"TW":"Taivanas",
"TZ":"Tanzanija",
"UA":"Ukraina",
"UG":"Uganda",
"UM":"Jungtinių Valstijų mažosios aplinkinės salos",
"US":"Jungtinės Valstijos",
"UY":"Urugvajus",
"UZ":"Uzbekistanas",
"VA":"Vatikanas",
"VC":"Šventasis Vincentas ir Grenadinai",
"VE":"Venesuela",
"VG":"Didžiosios Britanijos Mergelių salos",
"VI":"Mergelių salos (JAV)",
"VN":"Vietnamas",
"VU":"Vanuatu",
"WF":"Wallisas ir Futuna",
"WS":"Samoa",
"YE":"Jemenas",
"YT":"Mayotte’as",
"ZA":"Pietų Afrika",
"ZM":"Zambija",
"ZW":"Zimbabvė",
"ZZ":"nežinoma sritis"
},
"orientation":"left-to-right",
"dateFormat-full":"y 'm'. MMMM d 'd'., EEEE",
"dateFormat-long":"y 'm'. MMMM d 'd'.",
"dateFormat-medium":"y MMM d",
"dateFormat-short":"yyyy-MM-dd",
"timeFormat-full":"HH:mm:ss zzzz",
"timeFormat-long":"HH:mm:ss z",
"timeFormat-medium":"HH:mm:ss",
"timeFormat-short":"HH:mm",
"dateTimeFormat-full":"{1} {0}",
"dateTimeFormat-long":"{1} {0}",
"dateTimeFormat-medium":"{1} {0}",
"dateTimeFormat-short":"{1} {0}",
"months-defaultContext":"format",
"months-defaultWidth":"wide",
"months-format-abbreviated":[
"Saus.",
"Vas",
"Kov.",
"Bal.",
"Geg.",
"Bir.",
"Liep.",
"Rugp.",
"Rugs.",
"Spal.",
"Lapkr.",
"Gruod."],
"months-format-narrow":[
"S",
"V",
"K",
"B",
"G",
"B",
"L",
"R",
"R",
"S",
"L",
"G"],
"months-format-wide":[
"sausio",
"vasaris",
"kovas",
"balandis",
"gegužė",
"birželis",
"liepa",
"rugpjūtis",
"rugsėjis",
"spalis",
"lapkritis",
"gruodis"],
"months-standAlone-abbreviated":[
"Saus.",
"Vas.",
"Kov.",
"Bal.",
"Geg.",
"Bir.",
"Liep.",
"Rugp.",
"Rugs.",
"Spal.",
"Lapkr.",
"Gruod."],
"months-standAlone-narrow":[
"S",
"V",
"K",
"B",
"G",
"B",
"L",
"R",
"R",
"S",
"L",
"G"],
"months-standAlone-wide":[
"Sausis",
"Vasaris",
"Kovas",
"Balandis",
"Gegužė",
"Birželis",
"Liepa",
"Rugpjūtis",
"Rugsėjis",
"Spalis",
"Lapkritis",
"Gruodis"],
"days-defaultContext":"format",
"days-defaultWidth":"wide",
"days-format-abbreviated":[
"Sk",
"Pr",
"An",
"Tr",
"Kt",
"Pn",
"Št"],
"days-format-narrow":[
"S",
"P",
"A",
"T",
"K",
"P",
"Š"],
"days-format-wide":[
"sekmadienis",
"pirmadienis",
"antradienis",
"trečiadienis",
"ketvirtadienis",
"penktadienis",
"šeštadienis"],
"days-standAlone-abbreviated":[
"Sk",
"Pr",
"An",
"Tr",
"Kt",
"Pn",
"Št"],
"days-standAlone-narrow":[
"S",
"P",
"A",
"T",
"K",
"P",
"Š"],
"days-standAlone-wide":[
"sekmadienis",
"pirmadienis",
"antradienis",
"trečiadienis",
"ketvirtadienis",
"penktadienis",
"šeštadienis"],
"quarters-format-abbreviated":[
"I k.",
"II k.",
"III k.",
"IV ketv."],
"quarters-format-narrow":[
"I",
"II",
"3",
"IV"],
"quarters-format-wide":[
"I ketvirtis",
"II ketvirtis",
"III ketvirtis",
"IV ketvirtis"],
"quarters-standAlone-abbreviated":[
"I ketv.",
"II ketv.",
"III ketv.",
"IV ketv."],
"quarters-standAlone-narrow":[
"I",
"II",
"3",
"IV"],
"quarters-standAlone-wide":[
"I ketvirtis",
"II ketvirtis",
"III ketvirtis",
"IV ketvirtis"],
"dayPeriods-format-abbreviated":[
"pr.p.",
"pop."],
"dayPeriods-format-narrow":[
"pr.p.",
"pop."],
"dayPeriods-format-wide":[
"priešpiet",
"popiet"],
"dayPeriods-standAlone-abbreviated":[
"pr.p.",
"pop."],
"dayPeriods-standAlone-narrow":[
"pr.p.",
"pop."],
"dayPeriods-standAlone-wide":[
"priešpiet",
"popiet"],
"decimalFormat":{
"standard":"#,##0.###"},
"decimalFormat-short":{
"1000":"0.0 tūkst'.'",
"10000":"00 tūkst'.'",
"100000":"000 tūkst'.'",
"1000000":"0.0 mln'.'",
"10000000":"00 mln'.'",
"100000000":"000 mln'.'",
"1000000000":"0.0 mlrd'.'",
"10000000000":"00 mlrd'.'",
"100000000000":"000 mlrd'.'",
"1000000000000":"0.0 trln'.'",
"10000000000000":"00 trln'.'",
"100000000000000":"000 trln'.'"},
"scientificFormat":{
"standard":"#E0"},
"percentFormat":{
"standard":"#,##0 %"},
"currencyFormat":{
"standard":"#,##0.00 ¤"},
"symbols-latn-decimal":".",
"symbols-latn-group":",",
"symbols-latn-list":";",
"symbols-latn-percentSign":"%",
"symbols-latn-plusSign":"+",
"symbols-latn-minusSign":"−",
"symbols-latn-exponential":"×10^",
"symbols-latn-perMille":"‰",
"symbols-latn-infinity":"∞",
"symbols-latn-nan":"¤¤¤",
"weekData-minDays":4,
"weekData-firstDay":1,
"weekData-weekendStart":6,
"weekData-weekendEnd":0
}