{
"languages":{
"aa":"afar",
"ab":"abchaski",
"ace":"aceh",
"ach":"aczoli",
"ada":"adangme",
"ady":"adygejski",
"ae":"awestyjski",
"af":"afrikaans",
"afa":"afro-azjatycki",
"afh":"afrihili",
"ain":"ajnu",
"ak":"akan",
"akk":"akadyjski",
"ale":"aleucki",
"alg":"języki algonkin",
"alt":"południowoałtajski",
"am":"amharski",
"an":"aragoński",
"ang":"staroangielski",
"anp":"angika",
"apa":"język Apaczów",
"ar":"arabski",
"arc":"aramejski",
"arn":"araukański",
"arp":"arapaho",
"art":"sztuczny",
"arw":"arawak",
"as":"asamski",
"ast":"asturyjski",
"ath":"język Atapasków",
"aus":"język australijski",
"av":"awarski",
"awa":"awadhi",
"ay":"ajmara",
"az":"azerski",
"ba":"baszkirski",
"bad":"język banda",
"bai":"język bamileke",
"bal":"beludżi",
"ban":"balijski",
"bas":"basa",
"bat":"bałtycki",
"be":"białoruski",
"bej":"bedża",
"bem":"bemba",
"ber":"berberski",
"bg":"bułgarski",
"bh":"biharski",
"bho":"bhodźpuri",
"bi":"bislama",
"bik":"bikol",
"bin":"bini",
"bla":"siksika",
"bm":"bambara",
"bn":"bengalski",
"bnt":"bantu",
"bo":"tybetański",
"br":"bretoński",
"bra":"bradź",
"bs":"bośniacki",
"btk":"batak",
"bua":"buriacki",
"bug":"bugiński",
"byn":"blin",
"ca":"kataloński",
"cad":"kaddo",
"cai":"język Indian środkowoamerykańskich",
"car":"karibi",
"cau":"kaukaski",
"cch":"atsam",
"ce":"czeczeński",
"ceb":"cebuano",
"cel":"celtycki",
"ch":"chamorro",
"chb":"czibcza",
"chg":"czagatajski",
"chk":"truk",
"chm":"maryjski",
"chn":"żargon Chinook",
"cho":"choctaw",
"chp":"chipewyan",
"chr":"czirokezki",
"chy":"język Czejenów",
"cmc":"czam",
"co":"korsykański",
"cop":"koptyjski",
"cpe":"angielski kreolski lub pidżin",
"cpf":"francuski kreolski lub pidżin",
"cpp":"portugalski kreolski lub pidżin",
"cr":"kri",
"crh":"krymski turecki",
"crp":"kreolski lub pidżin",
"cs":"czeski",
"csb":"kaszubski",
"cu":"staro-cerkiewno-słowiański",
"cus":"kuszycki",
"cv":"czuwaski",
"cy":"walijski",
"da":"duński",
"dak":"dakota",
"dar":"dargwijski",
"day":"dajak",
"de":"niemiecki",
"de_AT":"austriacki niemiecki",
"de_CH":"wysokoniemiecki (Szwajcaria)",
"del":"delaware",
"den":"slave",
"dgr":"dogrib",
"din":"dinka",
"doi":"dogri",
"dra":"drawidyjski",
"dsb":"dolnołużycki",
"dua":"duala",
"dum":"średniowieczny niderlandzki",
"dv":"malediwski",
"dyu":"dyula",
"dz":"dzongkha",
"ee":"ewe",
"efi":"efik",
"egy":"starożytny egipski",
"eka":"ekajuk",
"el":"grecki",
"elx":"elamicki",
"en":"angielski",
"en_CA":"kanadyjski angielski",
"en_GB":"brytyjski angielski",
"en_US":"angielski (USA)",
"enm":"średnioangielski",
"eo":"esperanto",
"es":"hiszpański",
"et":"estoński",
"eu":"baskijski",
"ewo":"ewondo",
"fa":"perski",
"fan":"fang",
"fat":"fanti",
"ff":"fulani",
"fi":"fiński",
"fil":"filipino",
"fiu":"ugrofiński",
"fj":"fidżijski",
"fo":"farerski",
"fon":"fon",
"fr":"francuski",
"fr_CA":"kanadyjski francuski",
"frm":"średniofrancuski",
"fro":"starofrancuski",
"frr":"północnofryzyjski",
"frs":"fryzyjski wschodni",
"fur":"friulijski",
"fy":"fryzyjski",
"ga":"irlandzki",
"gaa":"ga",
"gay":"gayo",
"gba":"gbaya",
"gd":"szkocki gaelicki",
"gem":"germański",
"gez":"gyyz",
"gil":"gilbertański",
"gl":"galisyjski",
"gmh":"średnio-wysoko-niemiecki",
"gn":"guarani",
"goh":"staro-wysoko-niemiecki",
"gon":"gondi",
"gor":"gorontalo",
"got":"gocki",
"grb":"grebo",
"grc":"starogrecki",
"gsw":"niemiecki (Szwajcaria)",
"gu":"gudźaracki",
"gv":"manx",
"gwi":"gwichʼin",
"ha":"hausa",
"hai":"haida",
"haw":"hawajski",
"he":"hebrajski",
"hi":"hindi",
"hil":"hiligajnon",
"him":"himachali",
"hit":"hetycki",
"hmn":"hmongijski",
"ho":"hiri motu",
"hr":"chorwacki",
"hsb":"górnołużycki",
"ht":"haitański",
"hu":"węgierski",
"hup":"hupa",
"hy":"ormiański",
"hz":"herero",
"ia":"interlingua",
"iba":"ibanag",
"id":"indonezyjski",
"ie":"interlingue",
"ig":"igbo",
"ii":"syczuański",
"ijo":"ijo",
"ik":"inupiak",
"ilo":"ilokano",
"inc":"indoaryjski",
"ine":"indoeuropejski",
"inh":"inguski",
"io":"ido",
"ira":"irański",
"iro":"irokeski",
"is":"islandzki",
"it":"włoski",
"iu":"inuktitut",
"ja":"japoński",
"jbo":"lojban",
"jpr":"judeoperski",
"jrb":"judeoarabski",
"jv":"jawajski",
"ka":"gruziński",
"kaa":"karakałpacki",
"kab":"kabylski",
"kac":"kaczin",
"kaj":"jju",
"kam":"kamba",
"kar":"kareński",
"kaw":"kawi",
"kbd":"kabardyjski",
"kcg":"tyap",
"kfo":"koro",
"kg":"kongo",
"kha":"khasi",
"khi":"khoisan",
"kho":"chotański",
"ki":"kikuju",
"kj":"kwanyama",
"kk":"kazachski",
"kl":"grenlandzki",
"km":"khmerski",
"kmb":"kimbundu",
"kn":"kannada",
"ko":"koreański",
"kok":"konkani",
"kos":"kosrae",
"kpe":"kpelle",
"kr":"kanuri",
"krc":"karaczajsko-bałkarski",
"krl":"karelski",
"kro":"kru",
"kru":"kurukh",
"ks":"kaszmirski",
"ku":"kurdyjski",
"kum":"kumycki",
"kut":"kutenai",
"kv":"komi",
"kw":"kornijski",
"ky":"kirgiski",
"la":"łaciński",
"lad":"ladyński",
"lah":"lahnda",
"lam":"lamba",
"lb":"luksemburski",
"lez":"lezgijski",
"lg":"ganda",
"li":"limburgijski",
"ln":"lingala",
"lo":"laotański",
"lol":"mongo",
"loz":"lozi",
"lt":"litewski",
"lu":"luba-katanga",
"lua":"luba-lulua",
"lui":"luiseno",
"lun":"lunda",
"luo":"luo",
"lus":"lushai",
"lv":"łotewski",
"mad":"madurajski",
"mag":"magahi",
"mai":"maithili",
"mak":"makasar",
"man":"mandingo",
"map":"austronezyjski",
"mas":"masajski",
"mdf":"moksha",
"mdr":"mandar",
"men":"mende",
"mg":"malgaski",
"mga":"średnioirlandzki",
"mh":"marshall",
"mi":"maoryjski",
"mic":"micmac",
"min":"minangkabu",
"mis":"inny język",
"mk":"macedoński",
"mkh":"mon-khmer",
"ml":"malajalam",
"mn":"mongolski",
"mnc":"manchu",
"mni":"manipuryjski",
"mno":"manobo",
"mo":"mołdawski",
"moh":"mohawk",
"mos":"mossi",
"mr":"marathi",
"ms":"malajski",
"mt":"maltański",
"mul":"wiele języków",
"mun":"mundajski",
"mus":"creek",
"mwl":"mirandese",
"mwr":"marwari",
"my":"birmański",
"myn":"język Majów",
"myv":"erzya",
"na":"nauru",
"nah":"nahuatl",
"nai":"język Indian północnoamerykańskich",
"nap":"neapolitański",
"nb":"norweski Bokmål",
"nd":"ndebele północny",
"nds":"dolnosaksoński",
"ne":"nepalski",
"new":"newarski",
"ng":"ndonga",
"nia":"nias",
"nic":"nigrokordofański",
"niu":"niue",
"nl":"niderlandzki",
"nl_BE":"flamandzki (Belgia)",
"nn":"norweski Nynorsk",
"no":"norweski",
"nog":"nogajski",
"non":"staronordyjski",
"nqo":"n’ko",
"nr":"ndebele południowy",
"nso":"sotho północny",
"nub":"nubijski",
"nv":"nawaho",
"nwc":"newarski klasyczny",
"ny":"njandża",
"nym":"niamwezi",
"nyn":"nyankole",
"nyo":"nyoro",
"nzi":"nzema",
"oc":"prowansalski",
"oj":"odżibwa",
"om":"oromski",
"or":"orija",
"os":"osetyjski",
"osa":"osage",
"ota":"osmańsko-turecki",
"oto":"otomi",
"pa":"pendżabski",
"paa":"papuaski",
"pag":"pangasino",
"pal":"pahlavi",
"pam":"pampango",
"pap":"papiamento",
"pau":"palau",
"peo":"staroperski",
"phi":"filipiński",
"phn":"fenicki",
"pi":"palijski",
"pl":"polski",
"pon":"ponpejski",
"pra":"prakryty",
"pro":"staroprowansalski",
"ps":"paszto",
"pt":"portugalski",
"pt_PT":"portugalski (Półwysep Iberyjski)",
"qu":"keczua",
"raj":"radźasthani",
"rap":"rapanui",
"rar":"rarotonga",
"rm":"retoromański",
"rn":"rundi",
"ro":"rumuński",
"roa":"romański",
"rom":"cygański",
"root":"język rdzenny",
"ru":"rosyjski",
"rup":"arumuński",
"rw":"kinya-ruanda",
"sa":"sanskryt",
"sad":"sandawe",
"sah":"jakucki",
"sai":"język Indian południowoamerykańskich",
"sal":"salisz",
"sam":"samarytański aramejski",
"sas":"sasak",
"sat":"santali",
"sc":"sardyński",
"scn":"sycylijski",
"sco":"szkocki",
"sd":"sindhi",
"se":"lapoński północny",
"sel":"selkupski",
"sem":"semicki",
"sg":"sango",
"sga":"staroirlandzki",
"sgn":"migowy",
"sh":"serbsko-chorwacki",
"shn":"shan",
"si":"syngaleski",
"sid":"sidamo",
"sio":"siouański",
"sit":"chińsko-tybetański",
"sk":"słowacki",
"sl":"słoweński",
"sla":"słowiański",
"sm":"samoański",
"sma":"lapoński południowy",
"smi":"lapoński",
"smj":"lapoński Lule",
"smn":"lapoński Inari",
"sms":"lapoński Skolt",
"sn":"szona",
"snk":"soninke",
"so":"somalijski",
"sog":"sogdyjski",
"son":"songhaj",
"sq":"albański",
"sr":"serbski",
"srn":"sranan tongo",
"srr":"serer",
"ss":"siswati",
"ssa":"nilosaharyjski",
"st":"sotho południowy",
"su":"sundajski",
"suk":"sukuma",
"sus":"susu",
"sux":"sumeryjski",
"sv":"szwedzki",
"sw":"suahili",
"swb":"komoryjski",
"syc":"syriacki",
"syr":"syryjski",
"ta":"tamilski",
"te":"telugu",
"tem":"temne",
"ter":"tereno",
"tet":"tetum",
"tg":"tadżycki",
"th":"tajski",
"ti":"tigrinia",
"tig":"tigre",
"tiv":"tiw",
"tk":"turkmeński",
"tkl":"tokelau",
"tl":"tagalski",
"tlh":"klingoński",
"tli":"tlingit",
"tmh":"tamaszek",
"tn":"setswana",
"to":"tonga",
"tog":"tonga (Niasa)",
"tpi":"tok pisin",
"tr":"turecki",
"ts":"tsonga",
"tsi":"tsimshian",
"tt":"tatarski",
"tum":"tumbuka",
"tup":"tupi",
"tut":"ałtajski",
"tvl":"tuvalu",
"tw":"twi",
"ty":"tahitański",
"tyv":"tuwiński",
"udm":"udmurcki",
"ug":"ujgurski",
"uga":"ugarycki",
"uk":"ukraiński",
"umb":"umbundu",
"und":"nieznany lub niepoprawny język",
"ur":"urdu",
"uz":"uzbecki",
"vai":"wai",
"ve":"venda",
"vi":"wietnamski",
"vo":"volapuk",
"vot":"wotiacki",
"wa":"waloński",
"wak":"wakasz",
"wal":"walamo",
"war":"waraj",
"was":"washo",
"wen":"łużycki",
"wo":"wolof",
"xal":"kałmucki",
"xh":"khosa",
"yao":"yao",
"yap":"japski",
"yi":"jidysz",
"yo":"joruba",
"ypk":"jupik",
"yue":"kantoński",
"za":"czuang",
"zap":"zapotecki",
"zbl":"bliss",
"zen":"zenaga",
"zh":"chiński",
"zh_Hans":"chiński (uproszczony)",
"zh_Hant":"chiński (tradycyjny)",
"znd":"azande",
"zu":"zulu",
"zun":"zuni",
"zxx":"brak treści o charakterze lingwistycznym",
"zza":"zazaki"
},
"scripts":{
"Arab":"arabskie",
"Armi":"armi",
"Armn":"ormiańskie",
"Avst":"awestyjskie",
"Bali":"balijskie",
"Batk":"batak",
"Beng":"bengalskie",
"Blis":"symbole Blissa",
"Bopo":"bopomofo",
"Brah":"brahmi",
"Brai":"Braille’a",
"Bugi":"bugińskie",
"Buhd":"buhid",
"Cakm":"chakma",
"Cans":"zunifikowane symbole kanadyjskich autochtonów",
"Cari":"karyjskie",
"Cham":"czamskie",
"Cher":"irokeski",
"Cirt":"cirth",
"Copt":"koptyjskie",
"Cprt":"cypryjskie",
"Cyrl":"cyrylica",
"Cyrs":"cyrylica staro-cerkiewno-słowiańska",
"Deva":"devanagari",
"Dsrt":"deseret",
"Egyd":"egipskie demotyczne",
"Egyh":"egipskie hieratyczne",
"Egyp":"hieroglify egipskie",
"Ethi":"etiopskie",
"Geok":"gruzińskie chucuri",
"Geor":"gruzińskie",
"Glag":"głagolica",
"Goth":"gotyckie",
"Grek":"greckie",
"Gujr":"gudźarackie",
"Guru":"gurmukhi",
"Hang":"hangyl",
"Hani":"han",
"Hano":"hanunoo",
"Hans":"uproszczony han",
"Hant":"tradycyjny han",
"Hebr":"hebrajskie",
"Hira":"hiragana",
"Hmng":"pahawh hmong",
"Hrkt":"katakana lub hiragana",
"Hung":"starowęgierskie",
"Inds":"indus",
"Ital":"starowłoskie",
"Java":"jawajskie",
"Jpan":"japońskie",
"Kali":"kayah li",
"Kana":"katakana",
"Khar":"charosti",
"Khmr":"khmerskie",
"Knda":"kannada",
"Kore":"koreańskie",
"Kthi":"kaithi",
"Lana":"lanna",
"Laoo":"laotańskie",
"Latf":"łaciński - fraktura",
"Latg":"łaciński - odmiana gaelicka",
"Latn":"łacińskie",
"Lepc":"lepcha",
"Limb":"limbu",
"Lina":"linearne A",
"Linb":"linearne B",
"Lyci":"likijskie",
"Lydi":"lidyjskie",
"Mand":"mandejskie",
"Mani":"manichejskie",
"Maya":"hieroglify Majów",
"Mero":"meroickie",
"Mlym":"malayalam",
"Mong":"mongolskie",
"Moon":"Moon'a",
"Mtei":"meitei mayek",
"Mymr":"birmańskie",
"Nkoo":"n'ko",
"Ogam":"ogham",
"Olck":"ol chiki",
"Orkh":"orchońskie",
"Orya":"oriya",
"Osma":"osmanya",
"Perm":"staropermskie",
"Phag":"phags-pa",
"Phli":"inskrypcyjne pahlawi",
"Phlp":"pahlawi psałterzowy",
"Phlv":"pahlawi książkowy",
"Phnx":"fenicki",
"Plrd":"fonetyczny Pollard'a",
"Prti":"partyjski inskrypcyjny",
"Rjng":"rejang",
"Roro":"rongorongo",
"Runr":"runiczne",
"Samr":"samarytański",
"Sara":"sarati",
"Saur":"saurashtra",
"Sgnw":"pismo znakowe",
"Shaw":"shawa",
"Sinh":"syngaleskie",
"Sund":"sundajskie",
"Sylo":"syloti nagri",
"Syrc":"syryjski",
"Syre":"syriacki estrangelo",
"Syrj":"syryjski (odmiana zachodnia)",
"Syrn":"syryjski (odmiana wschodnia)",
"Tagb":"tagbanwa",
"Tale":"tai le",
"Talu":"nowy tai lue",
"Taml":"tamilskie",
"Tavt":"tai viet",
"Telu":"telugu",
"Teng":"tengwar",
"Tfng":"tifinagh (berberski)",
"Tglg":"tagalog",
"Thaa":"thaana",
"Thai":"tajskie",
"Tibt":"tybetańskie",
"Ugar":"ugaryckie",
"Vaii":"vai",
"Visp":"Visible Speech",
"Xpeo":"staroperskie",
"Xsux":"klinowe sumero-akadyjskie",
"Yiii":"yi",
"Zinh":"dziedziczone",
"Zmth":"notacja matematyczna",
"Zsym":"Symbols",
"Zxxx":"język bez systemu pisma",
"Zyyy":"wspólne",
"Zzzz":"nieznane lub niepoprawne"
},
"territories":{
"001":"Świat",
"002":"Afryka",
"003":"Ameryka Północna",
"005":"Ameryka Południowa",
"009":"Oceania",
"011":"Afryka Zachodnia",
"013":"Ameryka Środkowa",
"014":"Afryka Wschodnia",
"015":"Afryka Północna",
"017":"Afryka Środkowa",
"018":"Afryka Południowa",
"019":"Ameryka",
"021":"Ameryka Północna - Kanada, USA",
"029":"Karaiby",
"030":"Azja Wschodnia",
"034":"Azja Południowa",
"035":"Azja Południowo-Wschodnia",
"039":"Europa Południowa",
"053":"Australia i Nowa Zelandia",
"054":"Melanezja",
"057":"Mikronezja",
"061":"Polinezja",
"062":"Azja Południowo-Środkowa",
"142":"Azja",
"143":"Azja Środkowa",
"145":"Azja Zachodnia",
"150":"Europa",
"151":"Europa Wschodnia",
"154":"Europa Północna",
"155":"Europa Zachodnia",
"172":"Wspólnota Niezależnych Państw",
"419":"Ameryka Łacińska",
"830":"Wyspy Normandzkie",
"AC":"Wyspa Wniebowstąpienia",
"AD":"Andora",
"AE":"Zjednoczone Emiraty Arabskie",
"AF":"Afganistan",
"AG":"Antigua i Barbuda",
"AI":"Anguilla",
"AL":"Albania",
"AM":"Armenia",
"AN":"Antyle Holenderskie",
"AO":"Angola",
"AQ":"Antarktyka",
"AR":"Argentyna",
"AS":"Samoa Amerykańskie",
"AT":"Austria",
"AU":"Australia",
"AW":"Aruba",
"AX":"Wyspy Alandzkie",
"AZ":"Azerbejdżan",
"BA":"Bośnia i Hercegowina",
"BB":"Barbados",
"BD":"Bangladesz",
"BE":"Belgia",
"BF":"Burkina Faso",
"BG":"Bułgaria",
"BH":"Bahrajn",
"BI":"Burundi",
"BJ":"Benin",
"BL":"Saint Barthélemy",
"BM":"Bermudy",
"BN":"Brunei Darussalam",
"BO":"Boliwia",
"BR":"Brazylia",
"BS":"Bahamy",
"BT":"Bhutan",
"BV":"Wyspa Bouveta",
"BW":"Botswana",
"BY":"Białoruś",
"BZ":"Belize",
"CA":"Kanada",
"CC":"Wyspy Kokosowe",
"CD":"Demokratyczna Republika Konga",
"CF":"Republika Środkowoafrykańska",
"CG":"Kongo",
"CH":"Szwajcaria",
"CI":"Wybrzeże Kości Słoniowej",
"CK":"Wyspy Cooka",
"CL":"Chile",
"CM":"Kamerun",
"CN":"Chiny",
"CO":"Kolumbia",
"CP":"Clipperton",
"CR":"Kostaryka",
"CS":"Serbia i Czarnogóra",
"CU":"Kuba",
"CV":"Republika Zielonego Przylądka",
"CX":"Wyspa Bożego Narodzenia",
"CY":"Cypr",
"CZ":"Czechy",
"DE":"Niemcy",
"DG":"Diego Garcia",
"DJ":"Dżibuti",
"DK":"Dania",
"DM":"Dominika",
"DO":"Republika Dominikańska",
"DZ":"Algieria",
"EA":"Ceuta i Melilla",
"EC":"Ekwador",
"EE":"Estonia",
"EG":"Egipt",
"EH":"Sahara Zachodnia",
"ER":"Erytrea",
"ES":"Hiszpania",
"ET":"Etiopia",
"EU":"Unia Europejska",
"FI":"Finlandia",
"FJ":"Fidżi",
"FK":"Falklandy",
"FM":"Federalne Stany Mikronezji",
"FO":"Wyspy Owcze",
"FR":"Francja",
"FX":"Francja metropolitalna",
"GA":"Gabon",
"GB":"Wielka Brytania",
"GD":"Grenada",
"GE":"Gruzja",
"GF":"Gujana Francuska",
"GG":"Wyspa Guernsey",
"GH":"Ghana",
"GI":"Gibraltar",
"GL":"Grenlandia",
"GM":"Gambia",
"GN":"Gwinea",
"GP":"Gwadelupa",
"GQ":"Gwinea Równikowa",
"GR":"Grecja",
"GS":"Georgia Południowa i Sandwich Południowy",
"GT":"Gwatemala",
"GU":"Guam",
"GW":"Gwinea Bissau",
"GY":"Gujana",
"HK":"Hongkong SAR",
"HM":"Wyspy Heard i McDonalda",
"HN":"Honduras",
"HR":"Chorwacja",
"HT":"Haiti",
"HU":"Węgry",
"IC":"Wyspy Kanaryjskie",
"ID":"Indonezja",
"IE":"Irlandia",
"IL":"Izrael",
"IM":"Wyspa Man",
"IN":"Indie",
"IO":"Terytorium Brytyjskie Oceanu Indyjskiego",
"IQ":"Irak",
"IR":"Iran",
"IS":"Islandia",
"IT":"Włochy",
"JE":"Wyspa Jersey",
"JM":"Jamajka",
"JO":"Jordania",
"JP":"Japonia",
"KE":"Kenia",
"KG":"Kirgistan",
"KH":"Kambodża",
"KI":"Kiribati",
"KM":"Komory",
"KN":"Saint Kitts i Nevis",
"KP":"Korea Północna",
"KR":"Korea Południowa",
"KW":"Kuwejt",
"KY":"Kajmany",
"KZ":"Kazachstan",
"LA":"Laos",
"LB":"Liban",
"LC":"Saint Lucia",
"LI":"Liechtenstein",
"LK":"Sri Lanka",
"LR":"Liberia",
"LS":"Lesotho",
"LT":"Litwa",
"LU":"Luksemburg",
"LV":"Łotwa",
"LY":"Libia",
"MA":"Maroko",
"MC":"Monako",
"MD":"Mołdawia",
"ME":"Czarnogóra",
"MF":"Sint Maarten",
"MG":"Madagaskar",
"MH":"Wyspy Marshalla",
"MK":"Macedonia",
"ML":"Mali",
"MM":"Birma",
"MN":"Mongolia",
"MO":"Makau SAR",
"MP":"Mariany Północne",
"MQ":"Martynika",
"MR":"Mauretania",
"MS":"Montserrat",
"MT":"Malta",
"MU":"Mauritius",
"MV":"Malediwy",
"MW":"Malawi",
"MX":"Meksyk",
"MY":"Malezja",
"MZ":"Mozambik",
"NA":"Namibia",
"NC":"Nowa Kaledonia",
"NE":"Niger",
"NF":"Norfolk",
"NG":"Nigeria",
"NI":"Nikaragua",
"NL":"Holandia",
"NO":"Norwegia",
"NP":"Nepal",
"NR":"Nauru",
"NU":"Niue",
"NZ":"Nowa Zelandia",
"OM":"Oman",
"PA":"Panama",
"PE":"Peru",
"PF":"Polinezja Francuska",
"PG":"Papua Nowa Gwinea",
"PH":"Filipiny",
"PK":"Pakistan",
"PL":"Polska",
"PM":"Saint-Pierre i Miquelon",
"PN":"Pitcairn",
"PR":"Portoryko",
"PS":"Terytoria Palestyńskie",
"PT":"Portugalia",
"PW":"Palau",
"PY":"Paragwaj",
"QA":"Katar",
"QO":"Oceania inne",
"RE":"Reunion",
"RO":"Rumunia",
"RS":"Serbia",
"RU":"Rosja",
"RW":"Rwanda",
"SA":"Arabia Saudyjska",
"SB":"Wyspy Salomona",
"SC":"Seszele",
"SD":"Sudan",
"SE":"Szwecja",
"SG":"Singapur",
"SH":"Wyspa Świętej Heleny",
"SI":"Słowenia",
"SJ":"Svalbard i Jan Mayen",
"SK":"Słowacja",
"SL":"Sierra Leone",
"SM":"San Marino",
"SN":"Senegal",
"SO":"Somalia",
"SR":"Surinam",
"ST":"Wyspy Świętego Tomasza i Książęca",
"SV":"Salwador",
"SY":"Syria",
"SZ":"Suazi",
"TA":"Tristan da Cunha",
"TC":"Turks i Caicos",
"TD":"Czad",
"TF":"Francuskie Terytoria Południowe",
"TG":"Togo",
"TH":"Tajlandia",
"TJ":"Tadżykistan",
"TK":"Tokelau",
"TL":"Timor Wschodni",
"TM":"Turkmenistan",
"TN":"Tunezja",
"TO":"Tonga",
"TR":"Turcja",
"TT":"Trynidad i Tobago",
"TV":"Tuvalu",
"TW":"Tajwan",
"TZ":"Tanzania",
"UA":"Ukraina",
"UG":"Uganda",
"UM":"Dalekie Wyspy Mniejsze Stanów Zjednoczonych",
"US":"Stany Zjednoczone",
"UY":"Urugwaj",
"UZ":"Uzbekistan",
"VA":"Watykan",
"VC":"Saint Vincent i Grenadyny",
"VE":"Wenezuela",
"VG":"Brytyjskie Wyspy Dziewicze",
"VI":"Wyspy Dziewicze Stanów Zjednoczonych",
"VN":"Wietnam",
"VU":"Vanuatu",
"WF":"Wallis i Futuna",
"WS":"Samoa",
"YE":"Jemen",
"YT":"Majotta",
"ZA":"Republika Południowej Afryki",
"ZM":"Zambia",
"ZW":"Zimbabwe",
"ZZ":"Nieznany lub nieprawidłowy region"
},
"orientation":"left-to-right",
"dateFormat-full":"EEEE, d MMMM y",
"dateFormat-long":"d MMMM y",
"dateFormat-medium":"d MMM y",
"dateFormat-short":"dd.MM.yyyy",
"timeFormat-full":"HH:mm:ss zzzz",
"timeFormat-long":"HH:mm:ss z",
"timeFormat-medium":"HH:mm:ss",
"timeFormat-short":"HH:mm",
"dateTimeFormat-full":"{1} {0}",
"dateTimeFormat-long":"{1} {0}",
"dateTimeFormat-medium":"{1} {0}",
"dateTimeFormat-short":"{1} {0}",
"months-defaultContext":"format",
"months-defaultWidth":"wide",
"months-format-abbreviated":[
"sty",
"lut",
"mar",
"kwi",
"maj",
"cze",
"lip",
"sie",
"wrz",
"paź",
"lis",
"gru"],
"months-format-narrow":[
"s",
"l",
"m",
"k",
"m",
"c",
"l",
"s",
"w",
"p",
"l",
"g"],
"months-format-wide":[
"stycznia",
"lutego",
"marca",
"kwietnia",
"maja",
"czerwca",
"lipca",
"sierpnia",
"września",
"października",
"listopada",
"grudnia"],
"months-standAlone-abbreviated":[
"sty",
"lut",
"mar",
"kwi",
"maj",
"cze",
"lip",
"sie",
"wrz",
"paź",
"lis",
"gru"],
"months-standAlone-narrow":[
"s",
"l",
"m",
"k",
"m",
"c",
"l",
"s",
"w",
"p",
"l",
"g"],
"months-standAlone-wide":[
"styczeń",
"luty",
"marzec",
"kwiecień",
"maj",
"czerwiec",
"lipiec",
"sierpień",
"wrzesień",
"październik",
"listopad",
"grudzień"],
"days-defaultContext":"format",
"days-defaultWidth":"wide",
"days-format-abbreviated":[
"niedz.",
"pon.",
"wt.",
"śr.",
"czw.",
"pt.",
"sob."],
"days-format-narrow":[
"N",
"P",
"W",
"Ś",
"C",
"P",
"S"],
"days-format-wide":[
"niedziela",
"poniedziałek",
"wtorek",
"środa",
"czwartek",
"piątek",
"sobota"],
"days-standAlone-abbreviated":[
"niedz.",
"pon.",
"wt.",
"śr.",
"czw.",
"pt.",
"sob."],
"days-standAlone-narrow":[
"N",
"P",
"W",
"Ś",
"C",
"P",
"S"],
"days-standAlone-wide":[
"niedziela",
"poniedziałek",
"wtorek",
"środa",
"czwartek",
"piątek",
"sobota"],
"quarters-format-abbreviated":[
"K1",
"K2",
"K3",
"K4"],
"quarters-format-narrow":[
"1",
"2",
"3",
"4"],
"quarters-format-wide":[
"I kwartał",
"II kwartał",
"III kwartał",
"IV kwartał"],
"quarters-standAlone-abbreviated":[
"1 kw.",
"2 kw.",
"3 kw.",
"4 kw."],
"quarters-standAlone-narrow":[
"1",
"2",
"3",
"4"],
"quarters-standAlone-wide":[
"I kwartał",
"II kwartał",
"III kwartał",
"IV kwartał"],
"dayPeriods-format-abbreviated":[
"AM",
"PM"],
"dayPeriods-format-narrow":[
"AM",
"PM"],
"dayPeriods-format-wide":[
"AM",
"PM"],
"dayPeriods-standAlone-abbreviated":[
"AM",
"PM"],
"dayPeriods-standAlone-narrow":[
"AM",
"PM"],
"dayPeriods-standAlone-wide":[
"AM",
"PM"],
"decimalFormat":{
"standard":"#,##0.###"},
"decimalFormat-short":{
"1000":"0.0 tys'.'",
"10000":"00 tys'.'",
"100000":"000 tys'.'",
"1000000":"0.0 mln",
"10000000":"00 mln",
"100000000":"000 mln",
"1000000000":"0.0 mld",
"10000000000":"00 mld",
"100000000000":"000 mld",
"1000000000000":"0.0 bln",
"10000000000000":"00 bln",
"100000000000000":"000 bln"},
"scientificFormat":{
"standard":"#E0"},
"percentFormat":{
"standard":"#,##0%"},
"currencyFormat":{
"standard":"#,##0.00 ¤"},
"symbols-latn-decimal":",",
"symbols-latn-group":" ",
"symbols-latn-list":";",
"symbols-latn-percentSign":"%",
"symbols-latn-plusSign":"+",
"symbols-latn-minusSign":"-",
"symbols-latn-exponential":"E",
"symbols-latn-perMille":"‰",
"symbols-latn-infinity":"∞",
"symbols-latn-nan":"NaN",
"weekData-minDays":4,
"weekData-firstDay":1,
"weekData-weekendStart":6,
"weekData-weekendEnd":0
}