{
"languages":{
"ab":"abhază",
"af":"afrikaans",
"afa":"limbă afro-asiatică",
"ain":"ainu",
"akk":"akkadiană",
"ale":"aleută",
"alt":"altaică meridională",
"am":"amharică",
"an":"aragoneză",
"ang":"engleză veche",
"apa":"limbă apașă",
"ar":"arabă",
"arc":"aramaică",
"art":"limbă artificială",
"as":"asameză",
"ast":"asturiană",
"aus":"limbă australiană",
"av":"avară",
"ay":"aymara",
"az":"azeră",
"ba":"bașkiră",
"bat":"limbă baltică",
"be":"bielorusă",
"ber":"berberă",
"bg":"bulgară",
"bh":"bihari",
"bn":"bengaleză",
"bnt":"bantu",
"bo":"tibetană",
"br":"bretonă",
"bs":"bosniacă",
"ca":"catalană",
"cai":"limbă central-amerindiană",
"cau":"limbă caucaziană",
"ce":"cecenă",
"cel":"limbă celtică",
"co":"corsicană",
"cop":"coptă",
"cs":"cehă",
"cu":"slavonă",
"cv":"ciuvașă",
"cy":"velșă",
"da":"daneză",
"de":"germană",
"de_AT":"germană austriacă",
"de_CH":"germană standard elvețiană",
"dra":"limbă dravidiană",
"dv":"divehi",
"dz":"dzongkha",
"efi":"efik",
"egy":"egipteană veche",
"el":"greacă",
"elx":"elamită",
"en":"engleză",
"en_AU":"engleză australiană",
"en_CA":"engleză canadiană",
"en_GB":"engleză britanică",
"en_US":"engleză americană",
"eo":"esperanto",
"es":"spaniolă",
"es_419":"spaniolă latino-americană",
"es_ES":"spaniolă iberică",
"et":"estoniană",
"eu":"bască",
"fa":"persană",
"fi":"finlandeză",
"fil":"filipineză",
"fiu":"limbă fino-ugrică",
"fj":"fijiană",
"fo":"faroeză",
"fr":"franceză",
"fr_CA":"franceză canadiană",
"fr_CH":"franceză elvețiană",
"fro":"franceză veche",
"frs":"frizonă orientală",
"fy":"frizonă occidentală",
"ga":"irlandeză",
"gd":"gaelică scoțiană",
"gem":"limbă germanică",
"gl":"galiciană",
"gn":"guarani",
"got":"gotică",
"grc":"greacă veche",
"gsw":"germană elvețiană",
"gu":"gujarati",
"ha":"hausa",
"haw":"hawaiană",
"he":"ebraică",
"hi":"hindi",
"hit":"hitită",
"hr":"croată",
"ht":"haitiană",
"hu":"maghiară",
"hy":"armeană",
"ia":"interlingua",
"id":"indoneziană",
"ie":"interlingue",
"ig":"igbo",
"ik":"inupiak",
"inc":"limbă indiană",
"ine":"limbă indo-europeană",
"ira":"limbă iraniană",
"is":"islandeză",
"it":"italiană",
"ja":"japoneză",
"jpr":"iudeo-persană",
"jrb":"iudeo-arabă",
"jv":"javaneză",
"ka":"georgiană",
"kg":"congoleză",
"kk":"kazahă",
"kl":"kalaallisut",
"km":"khmeră",
"kn":"kannada",
"ko":"coreeană",
"ks":"cașmireză",
"ku":"kurdă",
"ky":"kîrgîză",
"la":"latină",
"lb":"luxemburgheză",
"ln":"lingala",
"lo":"laoțiană",
"lt":"lituaniană",
"lv":"letonă",
"map":"austroneziană",
"mg":"malgașă",
"mi":"maori",
"mis":"limbi diverse",
"mk":"macedoneană",
"ml":"malayalam",
"mn":"mongolă",
"mnc":"manciuriană",
"mo":"moldovenească",
"mr":"marathi",
"ms":"malay",
"mt":"malteză",
"mul":"limbi multiple",
"mun":"limbă munda",
"mwl":"mirandeză",
"my":"birmaneză",
"myn":"limbă mayașă",
"nai":"limbă nord-amerindiană",
"nap":"napolitană",
"nb":"norvegiana bokmål",
"nd":"ndebele de nord",
"ne":"nepaleză",
"nl":"olandeză",
"nl_BE":"flamandă",
"nn":"norvegiană nynorsk",
"no":"norvegiană",
"nso":"sotho de nord",
"nub":"limbă nubiană",
"nv":"navajo",
"ny":"nyanja",
"oc":"occitană",
"om":"oromo",
"or":"oriya",
"os":"osetă",
"ota":"turcă otomană",
"oto":"limbă otomi",
"pa":"punjabi",
"paa":"limbă papuașă",
"peo":"persană veche",
"phi":"limbă filipineză",
"phn":"feniciană",
"pi":"pali",
"pl":"poloneză",
"pro":"provensală veche",
"ps":"pașto",
"pt":"portugheză",
"pt_BR":"portugheză braziliană",
"pt_PT":"portugheză iberică",
"qu":"quechua",
"rm":"retoromană",
"rn":"kirundi",
"ro":"română",
"roa":"limbă romanică",
"ru":"rusă",
"rup":"aromână",
"rw":"kinyarwanda",
"sa":"sanscrită",
"sah":"sakha",
"sai":"limbă sud-amerindiană",
"sam":"aramaică samariteană",
"sc":"sardiniană",
"scn":"siciliană",
"sco":"scots",
"sd":"sindhi",
"se":"sami de nord",
"sem":"limbă semitică",
"sg":"sango",
"sga":"irlandeză veche",
"sgn":"limbaj mimico-gestual",
"sh":"sârbo-croată",
"si":"singaleză",
"sit":"limbă sino-tibetană",
"sk":"slovacă",
"sl":"slovenă",
"sla":"limbă slavă",
"sm":"samoană",
"sn":"shona",
"so":"somaleză",
"sq":"albaneză",
"sr":"sârbă",
"ss":"swati",
"st":"sesotho",
"su":"sundaneză",
"sux":"sumeriană",
"sv":"suedeză",
"sw":"swahili",
"swb":"comoreză",
"syr":"siriacă",
"ta":"tamilă",
"tai":"limbă thai",
"te":"telugu",
"tet":"tetum",
"tg":"tadjică",
"th":"thailandeză",
"ti":"tigrinya",
"tk":"turkmenă",
"tl":"tagalog",
"tlh":"klingoniană",
"tn":"setswana",
"to":"tonga",
"tpi":"tok pisin",
"tr":"turcă",
"ts":"tsonga",
"tt":"tătară",
"tut":"limbă altaică",
"tw":"twi",
"ty":"tahitiană",
"ug":"uigură",
"uk":"ucraineană",
"und":"limbă necunoscută sau nevalidă",
"ur":"urdu",
"uz":"uzbecă",
"ve":"venda",
"vi":"vietnameză",
"vo":"volapuk",
"wa":"valonă",
"wo":"wolof",
"xal":"calmucă",
"xh":"xhosa",
"yi":"idiș",
"yo":"yoruba",
"yue":"cantoneză",
"zap":"zapotecă",
"zh":"chineză",
"zh_Hans":"chineză simplificată",
"zh_Hant":"chineză tradițională",
"zu":"zulu",
"zxx":"fară conținut lingvistic"
},
"scripts":{
"Arab":"arabă",
"Armn":"armeană",
"Bali":"balineză",
"Beng":"bengali",
"Bopo":"bopomofo",
"Brai":"braille",
"Cans":"silabică aborigenă canadiană unificată",
"Copt":"coptă",
"Cprt":"cipriotă",
"Cyrl":"chirilică",
"Cyrs":"chirilică slavonă bisericească veche",
"Deva":"devanagari",
"Dsrt":"mormonă",
"Egyd":"demotică egipteană",
"Egyh":"hieratică egipteană",
"Egyp":"hieroglife egiptene",
"Ethi":"etiopiană",
"Geok":"georgiană bisericească",
"Geor":"georgiană",
"Glag":"glagolitică",
"Goth":"gotică",
"Grek":"greacă",
"Gujr":"gujarati",
"Guru":"gurmukhi",
"Hang":"hangul",
"Hani":"ideografică",
"Hans":"ideografică simplificată",
"Hant":"ideografică tradițională",
"Hebr":"ebraică",
"Hira":"hiragana",
"Hrkt":"katakana sau hiragana",
"Hung":"maghiară veche",
"Inds":"indus",
"Ital":"italică veche",
"Java":"javaneză",
"Jpan":"japoneză",
"Kana":"katakana",
"Khmr":"khmeră",
"Knda":"kannada",
"Kore":"coreeană",
"Laoo":"laoțiană",
"Latf":"latină Fraktur",
"Latg":"latină gaelică",
"Latn":"latină",
"Lina":"lineară A",
"Linb":"lineară B",
"Lydi":"lidiană",
"Maya":"hieroglife maya",
"Mlym":"malayalam",
"Mong":"mongolă",
"Mymr":"birmană",
"Orya":"oriya",
"Phnx":"feniciană",
"Runr":"runică",
"Sinh":"singaleză",
"Syrc":"siriacă",
"Syrj":"siriacă occidentală",
"Syrn":"siriacă orientală",
"Taml":"tamilă",
"Telu":"telugu",
"Tfng":"berberă",
"Thaa":"thaana",
"Thai":"thai",
"Tibt":"tibetană",
"Xpeo":"persană veche",
"Xsux":"cuneiformă sumero-akkadiană",
"Zinh":"moștenită",
"Zsym":"simboluri",
"Zxxx":"nescrisă",
"Zyyy":"comună",
"Zzzz":"scriere necunoscută sau nevalidă"
},
"territories":{
"001":"Lume",
"002":"Africa",
"003":"America de Nord",
"005":"America de Sud",
"009":"Oceania",
"011":"Africa Occidentală",
"013":"America Centrală",
"014":"Africa Orientală",
"015":"Africa Septentrională",
"017":"Africa Centrală",
"018":"Africa Meridională",
"019":"Americi",
"021":"America Septentrională",
"029":"Caraibe",
"030":"Asia Orientală",
"034":"Asia Meridională",
"035":"Asia de Sud-Est",
"039":"Europa Meridională",
"053":"Australia și Noua Zeelandă",
"054":"Melanezia",
"057":"Regiunea Micronezia",
"061":"Polinezia",
"062":"Asia Centrală de Sud",
"142":"Asia",
"143":"Asia Centrală",
"145":"Asia Occidentală",
"150":"Europa",
"151":"Europa Orientală",
"154":"Europa Septentrională",
"155":"Europa Occidentală",
"172":"Comunitatea Statelor Independente",
"419":"America Latină",
"830":"Insulele Anglo-Normande",
"AC":"Insula Ascension",
"AD":"Andorra",
"AE":"Emiratele Arabe Unite",
"AF":"Afganistan",
"AG":"Antigua și Barbuda",
"AI":"Anguilla",
"AL":"Albania",
"AM":"Armenia",
"AN":"Antilele Olandeze",
"AO":"Angola",
"AQ":"Antarctica",
"AR":"Argentina",
"AS":"Samoa Americană",
"AT":"Austria",
"AU":"Australia",
"AW":"Aruba",
"AX":"Insulele Aland",
"AZ":"Azerbaidjan",
"BA":"Bosnia și Herțegovina",
"BB":"Barbados",
"BD":"Bangladesh",
"BE":"Belgia",
"BF":"Burkina Faso",
"BG":"Bulgaria",
"BH":"Bahrain",
"BI":"Burundi",
"BJ":"Benin",
"BL":"Sfântul Bartolomeu",
"BM":"Bermuda",
"BN":"Brunei",
"BO":"Bolivia",
"BR":"Brazilia",
"BS":"Bahamas",
"BT":"Bhutan",
"BV":"Insula Bouvet",
"BW":"Botswana",
"BY":"Bielorusia",
"BZ":"Belize",
"CA":"Canada",
"CC":"Insulele Cocos",
"CD":"Republica Democrată Congo",
"CF":"Republica Centrafricană",
"CG":"Congo",
"CH":"Elveția",
"CI":"Coasta de Fildeș",
"CK":"Insulele Cook",
"CL":"Chile",
"CM":"Camerun",
"CN":"China",
"CO":"Columbia",
"CP":"Insula Clipperton",
"CR":"Costa Rica",
"CS":"Serbia și Muntenegru",
"CU":"Cuba",
"CV":"Capul Verde",
"CX":"Insula Christmas",
"CY":"Cipru",
"CZ":"Republica Cehă",
"DE":"Germania",
"DG":"Diego Garcia",
"DJ":"Djibouti",
"DK":"Danemarca",
"DM":"Dominica",
"DO":"Republica Dominicană",
"DZ":"Algeria",
"EA":"Ceuta şi Melilla",
"EC":"Ecuador",
"EE":"Estonia",
"EG":"Egipt",
"EH":"Sahara Occidentală",
"ER":"Eritreea",
"ES":"Spania",
"ET":"Etiopia",
"EU":"Uniunea Europeană",
"FI":"Finlanda",
"FJ":"Fiji",
"FK":"Insulele Falkland",
"FM":"Micronezia",
"FO":"Insulele Feroe",
"FR":"Franța",
"FX":"Franța metropolitană",
"GA":"Gabon",
"GB":"Marea Britanie",
"GD":"Grenada",
"GE":"Georgia",
"GF":"Guyana Franceză",
"GG":"Guernsey",
"GH":"Ghana",
"GI":"Gibraltar",
"GL":"Groenlanda",
"GM":"Gambia",
"GN":"Guineea",
"GP":"Guadelupa",
"GQ":"Guineea Ecuatorială",
"GR":"Grecia",
"GS":"Georgia de Sud şi Insulele Sandwich de Sud",
"GT":"Guatemala",
"GU":"Guam",
"GW":"Guineea-Bissau",
"GY":"Guyana",
"HK":"R.A.S. Hong Kong a Chinei",
"HM":"Insula Heard și Insulele McDonald",
"HN":"Honduras",
"HR":"Croația",
"HT":"Haiti",
"HU":"Ungaria",
"IC":"Insulele Canare",
"ID":"Indonezia",
"IE":"Irlanda",
"IL":"Israel",
"IM":"Insula Man",
"IN":"India",
"IO":"Teritoriul Britanic din Oceanul Indian",
"IQ":"Irak",
"IR":"Iran",
"IS":"Islanda",
"IT":"Italia",
"JE":"Jersey",
"JM":"Jamaica",
"JO":"Iordania",
"JP":"Japonia",
"KE":"Kenya",
"KG":"Kârgâzstan",
"KH":"Cambodgia",
"KI":"Kiribati",
"KM":"Comore",
"KN":"Sfântul Kitts și Nevis",
"KP":"Coreea de Nord",
"KR":"Coreea de Sud",
"KW":"Kuweit",
"KY":"Insulele Cayman",
"KZ":"Kazahstan",
"LA":"Laos",
"LB":"Liban",
"LC":"Sfânta Lucia",
"LI":"Liechtenstein",
"LK":"Sri Lanka",
"LR":"Liberia",
"LS":"Lesotho",
"LT":"Lituania",
"LU":"Luxemburg",
"LV":"Letonia",
"LY":"Libia",
"MA":"Maroc",
"MC":"Monaco",
"MD":"Republica Moldova",
"ME":"Muntenegru",
"MF":"Sfântul Martin",
"MG":"Madagascar",
"MH":"Insulele Marshall",
"MK":"Macedonia",
"ML":"Mali",
"MM":"Myanmar",
"MN":"Mongolia",
"MO":"R.A.S. Macao a Chinei",
"MP":"Insulele Mariane de Nord",
"MQ":"Martinica",
"MR":"Mauritania",
"MS":"Montserrat",
"MT":"Malta",
"MU":"Mauritius",
"MV":"Maldive",
"MW":"Malawi",
"MX":"Mexic",
"MY":"Malaezia",
"MZ":"Mozambic",
"NA":"Namibia",
"NC":"Noua Caledonie",
"NE":"Niger",
"NF":"Insulele Norfolk",
"NG":"Nigeria",
"NI":"Nicaragua",
"NL":"Olanda",
"NO":"Norvegia",
"NP":"Nepal",
"NR":"Nauru",
"NU":"Niue",
"NZ":"Noua Zeelandă",
"OM":"Oman",
"PA":"Panama",
"PE":"Peru",
"PF":"Polinezia Franceză",
"PG":"Papua Noua Guinee",
"PH":"Filipine",
"PK":"Pakistan",
"PL":"Polonia",
"PM":"Sfântul Pierre și Miquelon",
"PN":"Pitcairn",
"PR":"Porto Rico",
"PS":"Teritoriul Palestinian",
"PT":"Portugalia",
"PW":"Palau",
"PY":"Paraguay",
"QA":"Qatar",
"QO":"Oceania Periferică",
"RE":"Reunion",
"RO":"România",
"RS":"Serbia",
"RU":"Rusia",
"RW":"Rwanda",
"SA":"Arabia Saudită",
"SB":"Insulele Solomon",
"SC":"Seychelles",
"SD":"Sudan",
"SE":"Suedia",
"SG":"Singapore",
"SH":"Sfânta Elena",
"SI":"Slovenia",
"SJ":"Svalbard și Jan Mayen",
"SK":"Slovacia",
"SL":"Sierra Leone",
"SM":"San Marino",
"SN":"Senegal",
"SO":"Somalia",
"SR":"Surinam",
"ST":"Sao Tome și Principe",
"SV":"El Salvador",
"SY":"Siria",
"SZ":"Swaziland",
"TA":"Tristan da Cunha",
"TC":"Insulele Turks și Caicos",
"TD":"Ciad",
"TF":"Teritoriile Australe și Antarctice Franceze",
"TG":"Togo",
"TH":"Thailanda",
"TJ":"Tadjikistan",
"TK":"Tokelau",
"TL":"Timorul de Est",
"TM":"Turkmenistan",
"TN":"Tunisia",
"TO":"Tonga",
"TR":"Turcia",
"TT":"Trinidad-Tobago",
"TV":"Tuvalu",
"TW":"Taiwan",
"TZ":"Tanzania",
"UA":"Ucraina",
"UG":"Uganda",
"UM":"Insulele Minore Îndepărtate ale Statelor Unite ale Americii",
"US":"Statele Unite ale Americii",
"UY":"Uruguay",
"UZ":"Uzbekistan",
"VA":"Vatican",
"VC":"Sfântul Vincent și Grenadine",
"VE":"Venezuela",
"VG":"Insulele Virgine Britanice",
"VI":"Insulele Virgine S.U.A.",
"VN":"Vietnam",
"VU":"Vanuatu",
"WF":"Wallis și Futuna",
"WS":"Samoa",
"YE":"Yemen",
"YT":"Mayotte",
"ZA":"Africa de Sud",
"ZM":"Zambia",
"ZW":"Zimbabwe",
"ZZ":"Regiune necunoscută"
},
"orientation":"left-to-right",
"dateFormat-full":"EEEE, d MMMM y",
"dateFormat-long":"d MMMM y",
"dateFormat-medium":"dd.MM.yyyy",
"dateFormat-short":"dd.MM.yyyy",
"timeFormat-full":"HH:mm:ss zzzz",
"timeFormat-long":"HH:mm:ss z",
"timeFormat-medium":"HH:mm:ss",
"timeFormat-short":"HH:mm",
"dateTimeFormat-full":"{1}, {0}",
"dateTimeFormat-long":"{1}, {0}",
"dateTimeFormat-medium":"{1}, {0}",
"dateTimeFormat-short":"{1}, {0}",
"months-defaultContext":"format",
"months-defaultWidth":"wide",
"months-format-abbreviated":[
"ian.",
"feb.",
"mar.",
"apr.",
"mai",
"iun.",
"iul.",
"aug.",
"sept.",
"oct.",
"nov.",
"dec."],
"months-format-narrow":[
"I",
"F",
"M",
"A",
"M",
"I",
"I",
"A",
"S",
"O",
"N",
"D"],
"months-format-wide":[
"ianuarie",
"februarie",
"martie",
"aprilie",
"mai",
"iunie",
"iulie",
"august",
"septembrie",
"octombrie",
"noiembrie",
"decembrie"],
"months-standAlone-abbreviated":[
"ian.",
"feb.",
"mar.",
"apr.",
"mai",
"iun.",
"iul.",
"aug.",
"sept.",
"oct.",
"nov.",
"dec."],
"months-standAlone-narrow":[
"I",
"F",
"M",
"A",
"M",
"I",
"I",
"A",
"S",
"O",
"N",
"D"],
"months-standAlone-wide":[
"ianuarie",
"februarie",
"martie",
"aprilie",
"mai",
"iunie",
"iulie",
"august",
"septembrie",
"octombrie",
"noiembrie",
"decembrie"],
"days-defaultContext":"format",
"days-defaultWidth":"wide",
"days-format-abbreviated":[
"Du",
"Lu",
"Ma",
"Mi",
"Jo",
"Vi",
"Sâ"],
"days-format-narrow":[
"D",
"L",
"M",
"M",
"J",
"V",
"S"],
"days-format-wide":[
"duminică",
"luni",
"marți",
"miercuri",
"joi",
"vineri",
"sâmbătă"],
"days-standAlone-abbreviated":[
"Du",
"Lu",
"Ma",
"Mi",
"Jo",
"Vi",
"Sâ"],
"days-standAlone-narrow":[
"D",
"L",
"M",
"M",
"J",
"V",
"S"],
"days-standAlone-wide":[
"duminică",
"luni",
"marți",
"miercuri",
"joi",
"vineri",
"sâmbătă"],
"quarters-format-abbreviated":[
"trim. I",
"trim. II",
"trim. III",
"trim. IV"],
"quarters-format-narrow":[
"1",
"2",
"3",
"T4"],
"quarters-format-wide":[
"trimestrul I",
"trimestrul al II-lea",
"trimestrul al III-lea",
"trimestrul al IV-lea"],
"quarters-standAlone-abbreviated":[
"T1",
"T2",
"T3",
"T4"],
"quarters-standAlone-narrow":[
"T1",
"T2",
"T3",
"T4"],
"quarters-standAlone-wide":[
"trimestrul I",
"trimestrul al II-lea",
"trimestrul al III-lea",
"trimestrul al IV-lea"],
"dayPeriods-format-abbreviated":[
"AM",
"PM"],
"dayPeriods-format-narrow":[
"AM",
"PM"],
"dayPeriods-format-wide":[
"AM",
"PM"],
"dayPeriods-standAlone-abbreviated":[
"AM",
"PM"],
"dayPeriods-standAlone-narrow":[
"AM",
"PM"],
"dayPeriods-standAlone-wide":[
"AM",
"PM"],
"decimalFormat":{
"standard":"#,##0.###"},
"decimalFormat-short":{
"1000":"0.0K",
"10000":"00K",
"100000":"000K",
"1000000":"0.0M",
"10000000":"00M",
"100000000":"000M",
"1000000000":"0.0B",
"10000000000":"00B",
"100000000000":"000B",
"1000000000000":"0.0T",
"10000000000000":"00T",
"100000000000000":"000T"},
"scientificFormat":{
"standard":"#E0"},
"percentFormat":{
"standard":"#,##0%"},
"currencyFormat":{
"standard":"#,##0.00 ¤"},
"symbols-latn-decimal":",",
"symbols-latn-group":".",
"symbols-latn-list":";",
"symbols-latn-percentSign":"%",
"symbols-latn-plusSign":"+",
"symbols-latn-minusSign":"-",
"symbols-latn-exponential":"E",
"symbols-latn-perMille":"‰",
"symbols-latn-infinity":"∞",
"symbols-latn-nan":"NaN",
"weekData-minDays":1,
"weekData-firstDay":1,
"weekData-weekendStart":6,
"weekData-weekendEnd":0
}