{
"languages":{
"aa":"afarčina",
"ab":"abcházština",
"ach":"ačoli",
"ada":"adangme",
"ady":"adygčina",
"ae":"avestčina",
"af":"afrikánčina",
"afa":"afroázijské jazyky",
"afh":"afrihili",
"ain":"ainčina",
"ak":"akančina",
"akk":"akkadčina",
"ale":"aleutčina",
"alg":"algonkinské jazyky",
"am":"amharčina",
"an":"aragónčina",
"anp":"angika",
"apa":"apačské jazyky",
"ar":"arabčina",
"arn":"araukánčina",
"arp":"arapaho",
"art":"umelý jazyk",
"arw":"arawačtina",
"as":"ásámčina",
"ast":"astúrčina",
"ath":"athabaské jazyky",
"aus":"austrálske jazyky",
"av":"avarčina",
"awa":"avadhčina",
"ay":"aymarčina",
"az":"azerbajdžančina",
"ba":"baskirčina",
"bai":"bamileke",
"bal":"balúčtina",
"ban":"balijčina",
"bas":"basa",
"bat":"baltské jazyky",
"be":"bieloruština",
"bej":"bedža",
"bem":"bemba",
"ber":"berberské jazyky",
"bg":"bulharčina",
"bh":"bihárske jazyky",
"bho":"bhódžpurčina",
"bi":"bislama",
"bik":"bikol",
"bin":"bini",
"bm":"bambarčina",
"bn":"bengálčina",
"bnt":"bantuské jazyky",
"bo":"tibetčina",
"br":"bretónčina",
"bra":"bradžčina",
"bs":"bosniačtina",
"btk":"batacké jazyky",
"bua":"buriatčina",
"bug":"bugiština",
"byn":"blin",
"ca":"katalánčina",
"cai":"jazyk stredoamerických indiánov",
"car":"karibský",
"cau":"kaukazské jazyky",
"ce":"čečenčina",
"ceb":"cebuánčina",
"cel":"keltské jazyky",
"ch":"čamorčina",
"chb":"čibča",
"chg":"čagatajčina",
"chn":"činucký žargón",
"cho":"čoktavčina",
"chp":"čipevajčina",
"chr":"čerokí",
"chy":"čejenčina",
"cmc":"čamaské jazyky",
"co":"korzičtina",
"cr":"krí",
"cs":"čeština",
"cu":"cirkevná slovančina",
"cv":"čuvaština",
"cy":"waleština",
"da":"dánčina",
"dak":"dakotčina",
"dar":"darginčina",
"de":"nemčina",
"de_AT":"rakúska nemčina",
"de_CH":"švajčiarska spisovná nemčina",
"del":"delawarčina",
"den":"slovančina",
"dgr":"dogribčina",
"din":"dinka",
"doi":"dógrí",
"dra":"drávidské jazyky",
"dua":"duala",
"dv":"divehi",
"dyu":"ďula",
"dz":"dzongkä",
"ee":"eweština",
"efi":"efik",
"egy":"staroegyptský",
"eka":"ekadžuk",
"el":"gréčtina",
"elx":"elamčina",
"en":"angličtina",
"en_AU":"austrálska angličtina",
"en_CA":"kanadská angličtina",
"en_GB":"britská angličtina",
"en_US":"americká angličtina",
"eo":"esperanto",
"es":"španielčina",
"es_419":"latinskoamerická španielčina",
"es_ES":"iberská španielčina",
"et":"estónčina",
"eu":"baskičtina",
"ewo":"ewondo",
"fa":"perzština",
"fan":"fangčina",
"fat":"fanti",
"ff":"fulbčina",
"fi":"fínčina",
"fil":"filipínčina",
"fiu":"ugrofínske jazyky",
"fj":"fidžijčina",
"fo":"faerčina",
"fon":"fončina",
"fr":"francúzština",
"fr_CA":"kanadská francúzština",
"fr_CH":"švajčiarska francúzština",
"frs":"východná frízština",
"fur":"friulčina",
"fy":"západná frízština",
"ga":"írčina",
"gaa":"ga",
"gay":"gayo",
"gba":"gbaja",
"gd":"škótčina",
"gem":"germánske jazyky",
"gl":"galícijčina",
"gn":"guaraní",
"got":"gótčina",
"grc":"starogréčtina",
"gsw":"švajčiarska nemčina",
"gu":"gudžarátčina",
"gv":"mančina",
"ha":"hauština",
"haw":"havajčina",
"he":"hebrejčina",
"hi":"hindčina",
"ho":"hiri motu",
"hr":"chorvátčina",
"ht":"haitský",
"hu":"maďarčina",
"hy":"arménčina",
"hz":"herero",
"ia":"interlingua",
"id":"indonézština",
"ie":"interlingue",
"ig":"igboština",
"ine":"indoeurópske jazyky",
"ira":"iránske jazyky",
"is":"islandčina",
"it":"taliančina",
"ja":"japončina",
"jv":"jávčina",
"ka":"gruzínčina",
"kg":"konžština",
"kj":"kuaňama",
"kk":"kazaština",
"kl":"grónska eskimáčtina",
"km":"kambodžská khmérčina",
"kn":"kannadčina",
"ko":"kórejčina",
"kr":"kanurijčina",
"ks":"kašmírčina",
"ku":"kurdčina",
"kv":"komijčina",
"kw":"kornčina",
"ky":"kirgizština",
"la":"latinčina",
"lb":"luxemburčina",
"lg":"gandčina",
"ln":"lingalčina",
"lo":"laoština",
"lol":"mongo",
"lt":"litovčina",
"lu":"luba-katanga",
"lv":"lotyština",
"map":"austronézske jazyky",
"mg":"malgaština",
"mh":"kajin-majol",
"mi":"maorijčina",
"mk":"macedónčina",
"ml":"malajálamčina",
"mn":"mongolčina",
"mo":"moldavčina",
"mr":"maráthčina",
"ms":"malajčina",
"mt":"maltčina",
"my":"barmčina",
"myn":"mayské jazyky",
"myv":"erzjančina",
"na":"nauru",
"nai":"jazyk severoamerických indiánov",
"nb":"bokmål",
"nd":"severné ndbele",
"ne":"nepálčina",
"ng":"ndonga",
"nl":"holandčina",
"nl_BE":"flámčina",
"nn":"nórsky nynorsk",
"no":"nórčina",
"nso":"severná sothčina",
"nv":"navajo",
"ny":"čewa",
"oc":"okcitánčina",
"oj":"odžibva",
"om":"oromčina",
"or":"uríjčina",
"os":"osetčina",
"pa":"pandžábčina",
"paa":"papuánsky",
"pi":"pálí",
"pl":"poľština",
"ps":"paštúnčina",
"pt":"portugalčina",
"pt_BR":"brazílska portugalčina",
"pt_PT":"iberská portugalčina",
"qu":"kečuánčina",
"rm":"rétorománčina",
"rn":"rundčina",
"ro":"rumunčina",
"ru":"ruština",
"rw":"rwandčina",
"sa":"sanskrit",
"sai":"jazyk juhoamerických indiánov",
"sc":"sardínčina",
"scn":"sicílčina",
"sd":"sindhčina",
"se":"severná saamčina",
"sg":"sango",
"sgn":"znaková reč",
"sh":"srbochorvátčina",
"si":"sinhalčina",
"sk":"slovenčina",
"sl":"slovinčina",
"sla":"slovenský jazyk",
"sm":"samojčina",
"sn":"šončina",
"so":"somálčina",
"sq":"albánčina",
"sr":"srbčina",
"ss":"svazijčina",
"st":"južná sothčina",
"su":"sundčina",
"sux":"sumerčina",
"sv":"švédčina",
"sw":"swahilčina",
"swb":"komorčina",
"syr":"sýrčina",
"ta":"tamilčina",
"te":"telugčina",
"tet":"tetum",
"tg":"tadžičtina",
"th":"thajčina",
"ti":"tigrejčina",
"tk":"turkménčina",
"tl":"tagalčina",
"tlh":"klingónčina",
"tn":"tswančina",
"to":"tonžtina",
"tpi":"tok pisin",
"tr":"turečtina",
"ts":"tsonga",
"tt":"tatárčina",
"tut":"altajské jazyky",
"tw":"twi",
"ty":"tahitčina",
"ug":"ujgurčina",
"uk":"ukrajinčina",
"und":"neznámy alebo neplatný jazyk",
"ur":"urdčina",
"uz":"uzbečtina",
"ve":"vendčina",
"vi":"vietnamčina",
"vo":"volapük",
"wa":"valónčina",
"wo":"wolof",
"xh":"xhosa",
"yi":"jidiš",
"yo":"jorubčina",
"yue":"kantončina",
"za":"čuangčina",
"zh":"čínština",
"zh_Hans":"zjednodušená čínština",
"zh_Hant":"tradičná čínština",
"zu":"zuluština",
"zxx":"bez jazykového obsahu"
},
"scripts":{
"Arab":"Arabský",
"Armn":"Arménsky",
"Bali":"balijský",
"Beng":"bengálsky",
"Bopo":"Bopomofo",
"Brai":"Braillovo písmo",
"Cyrl":"Cyrilika",
"Deva":"Dévanágarí",
"Egyp":"egyptské hieroglyfy",
"Ethi":"etiópsky",
"Geor":"Gruzínčina",
"Glag":"hlaholika",
"Goth":"gotický",
"Grek":"Grécky",
"Gujr":"Gudžarátčina",
"Guru":"Gurmukhi",
"Hang":"Hangul",
"Hani":"Han",
"Hans":"Zjednodušené čínske",
"Hant":"Tradičné čínske",
"Hebr":"hebrejský",
"Hira":"Hiragana",
"Jpan":"japonský",
"Kana":"Katakana",
"Khmr":"kmérsky",
"Knda":"Kannadčina",
"Kore":"kórejský",
"Laoo":"Lao",
"Latn":"latinka",
"Lina":"lineárna A",
"Linb":"lineárna B",
"Maya":"mayské hieroglyfy",
"Mlym":"Malajámčina",
"Mong":"mongolský",
"Mymr":"Mjanmarsko",
"Orya":"Oríjčina",
"Osma":"osmanský",
"Runr":"Runové písmo",
"Sinh":"Sinhálske písmo",
"Taml":"Tamilčina",
"Telu":"Telugčina",
"Thaa":"Tána",
"Thai":"Thajčina",
"Tibt":"tibetský",
"Zsym":"Symboly",
"Zxxx":"Nepísané",
"Zyyy":"Obecný",
"Zzzz":"Neznáme písmo"
},
"territories":{
"001":"Svet",
"002":"Afrika",
"003":"Severná Amerika [003]",
"005":"Južná Amerika",
"009":"Oceánia",
"011":"Západná Afrika",
"013":"Stredná Amerika",
"014":"Východná Afrika",
"015":"Severná Afrika",
"017":"Stredná Afrika",
"018":"Južná Afrika [018]",
"019":"Americký kontinent",
"021":"Severná Amerika",
"029":"Karibik",
"030":"Východná Ázia",
"034":"Južná Ázia",
"035":"Juhovýchodná Ázia",
"039":"Južná Európa",
"053":"Austrália a Nový Zéland",
"054":"Melanézia",
"057":"Mikronézia – oblasť",
"061":"Polynézia",
"062":"Stredná a južná Ázia",
"142":"Ázia",
"143":"Stredná Ázia",
"145":"Západná Ázia",
"150":"Európa",
"151":"Východná Európa",
"154":"Severná Európa",
"155":"Západná Európa",
"172":"Spoločenstvo nezávislých štátov",
"200":"Československo",
"419":"Latinská Amerika",
"830":"Normanské ostrovy",
"AC":"Ostrov Ascensión",
"AD":"Andorra",
"AE":"Spojené arabské emiráty",
"AF":"Afganistan",
"AG":"Antigua a Barbados",
"AI":"Anguilla",
"AL":"Albánsko",
"AM":"Arménsko",
"AN":"Holandské Antily",
"AO":"Angola",
"AQ":"Antarctica",
"AR":"Argentína",
"AS":"Americká Samoa",
"AT":"Rakúsko",
"AU":"Austrália",
"AW":"Aruba",
"AX":"Alandské ostrovy",
"AZ":"Azerbajdžan",
"BA":"Bosna a Hercegovina",
"BB":"Barbados",
"BD":"Bangladéš",
"BE":"Belgicko",
"BF":"Burkina Faso",
"BG":"Bulharsko",
"BH":"Bahrajn",
"BI":"Burundi",
"BJ":"Benin",
"BL":"Svätý Bartolomej",
"BM":"Bermudy",
"BN":"Brunej",
"BO":"Bolívia",
"BR":"Brazília",
"BS":"Bahamy",
"BT":"Bután",
"BV":"Bouvetov ostrov",
"BW":"Botswana",
"BY":"Bielorusko",
"BZ":"Belize",
"CA":"Kanada",
"CC":"Kokosové ostrovy",
"CD":"Konžská demokratická republika",
"CF":"Stredoafrická republika",
"CG":"Kongo",
"CH":"Švajčiarsko",
"CI":"Pobrežie Slonoviny",
"CK":"Cookove ostrovy",
"CL":"Čile",
"CM":"Kamerun",
"CN":"Čína",
"CO":"Kolumbia",
"CP":"Ostrov Clipperton",
"CR":"Kostarika",
"CS":"Srbsko a Čierna Hora",
"CU":"Kuba",
"CV":"Kapverdy",
"CX":"Vianočný ostrov",
"CY":"Cyprus",
"CZ":"Česká republika",
"DE":"Nemecko",
"DG":"Diego Garcia",
"DJ":"Džibuti",
"DK":"Dánsko",
"DM":"Dominika",
"DO":"Dominikánska republika",
"DZ":"Alžírsko",
"EA":"Ceuta a Melilla",
"EC":"Ekvádor",
"EE":"Estónsko",
"EG":"Egypt",
"EH":"Západná Sahara",
"ER":"Eritrea",
"ES":"Španielsko",
"ET":"Etiópia",
"EU":"Európska únia",
"FI":"Fínsko",
"FJ":"Fidži",
"FK":"Falklandské ostrovy",
"FM":"Mikronézia",
"FO":"Faerské ostrovy",
"FR":"Francúzsko",
"FX":"Metropolitné Francúzsko",
"GA":"Gabon",
"GB":"Spojené kráľovstvo",
"GD":"Grenada",
"GE":"Gruzínsko",
"GF":"Francúzska Guayana",
"GG":"Guernsey",
"GH":"Ghana",
"GI":"Gibraltár",
"GL":"Grónsko",
"GM":"Gambia",
"GN":"Guinea",
"GP":"Guadeloupe",
"GQ":"Rovníková Guinea",
"GR":"Grécko",
"GS":"Južná Georgia a Južné Sandwichove ostrovy",
"GT":"Guatemala",
"GU":"Guam",
"GW":"Guinea-Bissau",
"GY":"Guayana",
"HK":"Hongkong S.A.R. Číny",
"HM":"Heardove ostrovy a McDonaldove ostrovy",
"HN":"Honduras",
"HR":"Chorvátsko",
"HT":"Haiti",
"HU":"Maďarsko",
"IC":"Kanárske ostrovy",
"ID":"Indonézia",
"IE":"Írsko",
"IL":"Izrael",
"IM":"Ostrov Man",
"IN":"India",
"IO":"Britské územie v Indickom oceáne",
"IQ":"Irak",
"IR":"Irán",
"IS":"Island",
"IT":"Taliansko",
"JE":"Jersey",
"JM":"Jamajka",
"JO":"Jordánsko",
"JP":"Japonsko",
"KE":"Keňa",
"KG":"Kirgizsko",
"KH":"Kambodža",
"KI":"Kiribati",
"KM":"Komory",
"KN":"Saint Kitts a Nevis",
"KP":"Kórejská ľudovodemokratická republika",
"KR":"Kórejská republika",
"KW":"Kuvajt",
"KY":"Kajmanské ostrovy",
"KZ":"Kazachstan",
"LA":"Laoská ľudovodemokratická republika",
"LB":"Libanon",
"LC":"Svätá Lucia",
"LI":"Lichtenštajnsko",
"LK":"Srí Lanka",
"LR":"Libéria",
"LS":"Lesotho",
"LT":"Litva",
"LU":"Luxembursko",
"LV":"Lotyšsko",
"LY":"Lýbijská arabská džamahírija",
"MA":"Maroko",
"MC":"Monako",
"MD":"Moldavsko",
"ME":"Čierna Hora",
"MF":"Svätý Martin",
"MG":"Madagaskar",
"MH":"Marshallove ostrovy",
"MK":"Macedónsko",
"ML":"Mali",
"MM":"Mjanmarsko",
"MN":"Mongolsko",
"MO":"Makao S.A.R. Číny",
"MP":"Severné Mariány",
"MQ":"Martinik",
"MR":"Mauritánia",
"MS":"Montserrat",
"MT":"Malta",
"MU":"Maurícius",
"MV":"Maldivy",
"MW":"Malawi",
"MX":"Mexiko",
"MY":"Malajzia",
"MZ":"Mozambik",
"NA":"Namíbia",
"NC":"Nová Kaledónia",
"NE":"Niger",
"NF":"Norfolkov ostrov",
"NG":"Nigéria",
"NI":"Nikaragua",
"NL":"Holandsko",
"NO":"Nórsko",
"NP":"Nepál",
"NR":"Nauru",
"NU":"Niue",
"NZ":"Nový Zéland",
"OM":"Omán",
"PA":"Panama",
"PE":"Peru",
"PF":"Francúzska Polynézia",
"PG":"Papua Nová Guinea",
"PH":"Filipíny",
"PK":"Pakistan",
"PL":"Poľsko",
"PM":"Saint Pierre a Miquelon",
"PN":"Pitcairnove ostrovy",
"PR":"Portoriko",
"PS":"Palestínske územie",
"PT":"Portugalsko",
"PW":"Palau",
"PY":"Paraguaj",
"QA":"Katar",
"QO":"Tichomorie - ostatné",
"RE":"Reunion",
"RO":"Rumunsko",
"RS":"Srbsko",
"RU":"Ruská federácia",
"RW":"Rwanda",
"SA":"Saudská Arábia",
"SB":"Šalamúnove ostrovy",
"SC":"Seychelské ostrovy",
"SD":"Sudán",
"SE":"Švédsko",
"SG":"Singapur",
"SH":"Svätá Helena",
"SI":"Slovinsko",
"SJ":"Špicbergy a Jan Mayen",
"SK":"Slovenská republika",
"SL":"Sierra Leone",
"SM":"San Maríno",
"SN":"Senegal",
"SO":"Somálsko",
"SR":"Surinam",
"ST":"Svätý Tomáš a Princove ostrovy",
"SV":"Salvador",
"SY":"Sýrska arabská republika",
"SZ":"Svazijsko",
"TA":"Tristan da Cunha",
"TC":"Turks a Caicos",
"TD":"Čad",
"TF":"Francúzske južné územia",
"TG":"Togo",
"TH":"Thajsko",
"TJ":"Tadžikistan",
"TK":"Tokelau",
"TL":"Východný Timor",
"TM":"Turkménsko",
"TN":"Tunisko",
"TO":"Tonga",
"TR":"Turecko",
"TT":"Trinidad a Tobago",
"TV":"Tuvalu",
"TW":"Tajwan",
"TZ":"Tanzánia",
"UA":"Ukrajina",
"UG":"Uganda",
"UM":"Menšie odľahlé ostrovy USA",
"US":"Spojené štáty",
"UY":"Uruguaj",
"UZ":"Uzbekistan",
"VA":"Vatikán",
"VC":"Svätý Vincent a Grenadíny",
"VE":"Venezuela",
"VG":"Britské panenské ostrovy",
"VI":"Panenské ostrovy - USA",
"VN":"Vietnam",
"VU":"Vanuatu",
"WF":"Wallis a Futuna",
"WS":"Samoa",
"YE":"Jemen",
"YT":"Mayotte",
"ZA":"Južná Afrika",
"ZM":"Zambia",
"ZW":"Zimbabwe",
"ZZ":"Neznámy alebo neplatný región"
},
"orientation":"left-to-right",
"dateFormat-full":"EEEE, d. MMMM y",
"dateFormat-long":"d. MMMM y",
"dateFormat-medium":"d.M.yyyy",
"dateFormat-short":"d.M.yyyy",
"timeFormat-full":"H:mm:ss zzzz",
"timeFormat-long":"H:mm:ss z",
"timeFormat-medium":"H:mm:ss",
"timeFormat-short":"H:mm",
"dateTimeFormat-full":"{1} {0}",
"dateTimeFormat-long":"{1} {0}",
"dateTimeFormat-medium":"{1} {0}",
"dateTimeFormat-short":"{1} {0}",
"months-defaultContext":"format",
"months-defaultWidth":"wide",
"months-format-abbreviated":[
"jan",
"feb",
"mar",
"apr",
"máj",
"jún",
"júl",
"aug",
"sep",
"okt",
"nov",
"dec"],
"months-format-narrow":[
"j",
"f",
"m",
"a",
"m",
"j",
"j",
"a",
"s",
"o",
"n",
"d"],
"months-format-wide":[
"januára",
"februára",
"marca",
"apríla",
"mája",
"júna",
"júla",
"augusta",
"septembra",
"októbra",
"novembra",
"decembra"],
"months-standAlone-abbreviated":[
"jan",
"feb",
"mar",
"apr",
"máj",
"jún",
"júl",
"aug",
"sep",
"okt",
"nov",
"dec"],
"months-standAlone-narrow":[
"j",
"f",
"m",
"a",
"m",
"j",
"j",
"a",
"s",
"o",
"n",
"d"],
"months-standAlone-wide":[
"január",
"február",
"marec",
"apríl",
"máj",
"jún",
"júl",
"august",
"september",
"október",
"november",
"december"],
"days-defaultContext":"format",
"days-defaultWidth":"wide",
"days-format-abbreviated":[
"ne",
"po",
"ut",
"st",
"št",
"pi",
"so"],
"days-format-narrow":[
"N",
"P",
"U",
"S",
"Š",
"P",
"S"],
"days-format-wide":[
"nedeľa",
"pondelok",
"utorok",
"streda",
"štvrtok",
"piatok",
"sobota"],
"days-standAlone-abbreviated":[
"ne",
"po",
"ut",
"st",
"št",
"pi",
"so"],
"days-standAlone-narrow":[
"N",
"P",
"U",
"S",
"Š",
"P",
"S"],
"days-standAlone-wide":[
"nedeľa",
"pondelok",
"utorok",
"streda",
"štvrtok",
"piatok",
"sobota"],
"quarters-format-abbreviated":[
"Q1",
"Q2",
"Q3",
"Q4"],
"quarters-format-narrow":[
"1",
"2",
"3",
"4"],
"quarters-format-wide":[
"1. štvrťrok",
"2. štvrťrok",
"3. štvrťrok",
"4. štvrťrok"],
"quarters-standAlone-abbreviated":[
"1Q",
"2Q",
"3Q",
"4Q"],
"quarters-standAlone-narrow":[
"1",
"2",
"3",
"4"],
"quarters-standAlone-wide":[
"1. štvrťrok",
"2. štvrťrok",
"3. štvrťrok",
"4. štvrťrok"],
"dayPeriods-format-abbreviated":[
"dopoludnia",
"popoludní"],
"dayPeriods-format-narrow":[
"dopoludnia",
"popoludní"],
"dayPeriods-format-wide":[
"dopoludnia",
"popoludní"],
"dayPeriods-standAlone-abbreviated":[
"dopoludnia",
"popoludní"],
"dayPeriods-standAlone-narrow":[
"dopoludnia",
"popoludní"],
"dayPeriods-standAlone-wide":[
"dopoludnia",
"popoludní"],
"decimalFormat":{
"standard":"#,##0.###"},
"decimalFormat-short":{
"1000":"0.0 k",
"10000":"00 k",
"100000":"000 k",
"1000000":"0.0 M",
"10000000":"00 mil'.'",
"100000000":"000 mil'.'",
"1000000000":"0.0 mld'.'",
"10000000000":"00 mld'.'",
"100000000000":"000 mld'.'",
"1000000000000":"0.0 bil'.'",
"10000000000000":"00 bil'.'",
"100000000000000":"000 bil'.'"},
"scientificFormat":{
"standard":"#E0"},
"percentFormat":{
"standard":"#,##0 %"},
"currencyFormat":{
"standard":"#,##0.00 ¤"},
"symbols-latn-decimal":",",
"symbols-latn-group":" ",
"symbols-latn-list":",",
"symbols-latn-percentSign":"%",
"symbols-latn-plusSign":"+",
"symbols-latn-minusSign":"-",
"symbols-latn-exponential":"E",
"symbols-latn-perMille":"‰",
"symbols-latn-infinity":"∞",
"symbols-latn-nan":"NaN",
"weekData-minDays":4,
"weekData-firstDay":1,
"weekData-weekendStart":6,
"weekData-weekendEnd":0
}