{
"languages":{
"aa":"afarščina",
"ab":"abhaščina",
"ace":"ačejščina",
"ach":"ačolijščina",
"ada":"adangmejščina",
"ady":"adigejščina",
"ae":"avestijščina",
"af":"afrikanščina",
"afa":"afroazijski jezik",
"afh":"afrihili",
"ain":"ainujščina",
"ak":"akanščina",
"akk":"akadščina",
"ale":"aleutščina",
"alg":"algonkinski jezik",
"alt":"južna altajščina",
"am":"amharščina",
"an":"aragonščina",
"ang":"stara angleščina",
"anp":"angikaščina",
"apa":"apaški jezik",
"ar":"arabščina",
"arc":"aramejščina",
"arn":"aravkanščina",
"arp":"arapaščina",
"art":"umetni jezik",
"arw":"aravaščina",
"as":"asamščina",
"ast":"asturijščina",
"ath":"atabaški jezik",
"aus":"avstralski jezik",
"av":"avarščina",
"awa":"avadščina",
"ay":"ajmarščina",
"az":"azerbajdžanščina",
"ba":"baškirščina",
"bad":"bandaški jezik",
"bai":"bamilekejski jezik",
"bal":"beludžijščina",
"ban":"balijščina",
"bas":"basa",
"bat":"baltski jezik",
"be":"beloruščina",
"bej":"bedža",
"bem":"bemba",
"ber":"berberščina",
"bg":"bolgarščina",
"bh":"biharščina",
"bho":"bodžpuri",
"bi":"bislamščina",
"bik":"bikolski jezik",
"bin":"edo",
"bla":"siksika",
"bm":"bambarščina",
"bn":"bengalščina",
"bnt":"bantujščina",
"bo":"tibetanščina",
"br":"bretonščina",
"bra":"bradžbakanščina",
"bs":"bosanščina",
"btk":"bataški jezik",
"bua":"burjatščina",
"bug":"buginščina",
"byn":"blinščina",
"ca":"katalonščina",
"cad":"kadoščina",
"cai":"srednjeameriški indijanski jezik",
"car":"karibski jezik",
"cau":"kavkaški jezik",
"ce":"čečenščina",
"ceb":"sebuanščina",
"cel":"keltski jezik",
"ch":"čamorščina",
"chb":"čibčevščina",
"chg":"čagatajščina",
"chk":"trukeščina",
"chm":"marijščina",
"chn":"činuški žargon",
"cho":"čoktavščina",
"chp":"čipevščina",
"chr":"čerokeščina",
"chy":"čejenščina",
"cmc":"camski jezik",
"co":"korziščina",
"cop":"koptščina",
"cpe":"angleška kreolščina ali pidžinščina",
"cpf":"francoska kreolščina ali pidžinščina",
"cpp":"portugalska kreolščina ali pidžinščina",
"cr":"krijščina",
"crh":"krimska tatarščina",
"crp":"kreolščina ali pidžinščina",
"cs":"češčina",
"csb":"kašubščina",
"cu":"stara cerkvena slovanščina",
"cus":"kušitščina",
"cv":"čuvaščina",
"cy":"valižanščina",
"da":"danščina",
"dak":"dakotščina",
"dar":"darginščina",
"day":"dajaščina",
"de":"nemščina",
"de_AT":"avstrijska nemščina",
"de_CH":"visoka nemščina (Švica)",
"del":"delavarščina",
"den":"slavejščina",
"dgr":"dogrib",
"din":"dinka",
"doi":"dogri",
"dra":"dravidski jezik",
"dsb":"dolnja lužiška srbščina",
"dua":"duala",
"dum":"srednja nizozemščina",
"dv":"diveščina",
"dyu":"diula",
"dz":"dzonka",
"ee":"evenščina",
"efi":"efiščina",
"egy":"stara egipčanščina",
"eka":"ekajuk",
"el":"grščina",
"elx":"elamščina",
"en":"angleščina",
"en_AU":"avstralska angleščina",
"en_CA":"kanadska angleščina",
"en_GB":"angleščina (VB)",
"en_US":"angleščina (ZDA)",
"enm":"srednja angleščina",
"eo":"esperanto",
"es":"španščina",
"es_419":"latinskoameriška španščina",
"es_ES":"iberska španščina",
"et":"estonščina",
"eu":"baskovščina",
"ewo":"evondovščina",
"fa":"perzijščina",
"fan":"fangijščina",
"fat":"fantijščina",
"ff":"fulščina",
"fi":"finščina",
"fil":"filipinščina",
"fiu":"ugrofinski jezik",
"fj":"fidžijščina",
"fo":"ferščina",
"fon":"fonščina",
"fr":"francoščina",
"fr_CA":"kanadska francoščina",
"fr_CH":"švicarska francoščina",
"frm":"srednja francoščina",
"fro":"stara francoščina",
"frr":"severna frizijščina",
"frs":"vzhodna frizijščina",
"fur":"furlanščina",
"fy":"frizijščina",
"ga":"irščina",
"gaa":"ga",
"gay":"gajščina",
"gba":"gbajščina",
"gd":"škotska gelščina",
"gem":"germanski jezik",
"gez":"etiopščina",
"gil":"kiribatščina",
"gl":"galicijščina",
"gmh":"srednja visoka nemščina",
"gn":"gvaranijščina",
"goh":"stara visoka nemščina",
"gon":"gondi",
"gor":"gorontalščina",
"got":"gotščina",
"grb":"grebščina",
"grc":"stara grščina",
"gsw":"nemščina (Švica)",
"gu":"gudžaratščina",
"gv":"manščina",
"ha":"havščina",
"hai":"haidščina",
"haw":"havajščina",
"he":"hebrejščina",
"hi":"hindujščina",
"hil":"hiligajnonščina",
"him":"himačalščina",
"hit":"hetitščina",
"hmn":"hmonščina",
"ho":"hiri motu",
"hr":"hrvaščina",
"hsb":"gornja lužiška srbščina",
"ht":"haitijska kreolščina",
"hu":"madžarščina",
"hup":"hupa",
"hy":"armenščina",
"hz":"herero",
"ia":"interlingva",
"iba":"ibanščina",
"id":"indonezijščina",
"ie":"interlingve",
"ig":"igboščina",
"ijo":"ijo",
"ik":"inupiaščina",
"ilo":"ilokanščina",
"inc":"indijski jezik",
"ine":"indoevropski jezik",
"inh":"inguščina",
"io":"ido",
"ira":"iranski jezik",
"iro":"irokeški jezik",
"is":"islandščina",
"it":"italijanščina",
"iu":"inuktitutščina",
"ja":"japonščina",
"jbo":"lojban",
"jpr":"judovska perzijščina",
"jrb":"judovska arabščina",
"jv":"javanščina",
"ka":"gruzinščina",
"kaa":"karakalpaščina",
"kab":"kabilščina",
"kac":"kačinščina",
"kam":"kamba",
"kar":"karenščina",
"kaw":"kavi",
"kbd":"kabardinščina",
"kcg":"tjapska nigerijščina",
"kg":"kongovščina",
"kha":"kasi",
"khi":"koisanski jezik",
"kho":"kotanščina",
"ki":"kikujščina",
"kj":"kvanjama",
"kk":"kazaščina",
"kl":"grenlandščina",
"km":"kmerščina",
"kmb":"kimbundu",
"kn":"kanada",
"ko":"korejščina",
"kok":"konkanščina",
"kos":"kosrajščina",
"kpe":"kpelejščina",
"kr":"kanurščina",
"krc":"karačaj-balkarščina",
"krl":"karelščina",
"kro":"jezik kru",
"kru":"kuruk",
"ks":"kašmirščina",
"ku":"kurdščina",
"kum":"kumiščina",
"kut":"kutenajščina",
"kv":"komijščina",
"kw":"kornijščina",
"ky":"kirgiščina",
"la":"latinščina",
"lad":"ladinščina",
"lah":"landa",
"lam":"lamba",
"lb":"luksemburščina",
"lez":"lezginščina",
"lg":"ganda",
"li":"limburščina",
"ln":"lingala",
"lo":"laoščina",
"lol":"mongo",
"loz":"lozi",
"lt":"litovščina",
"lu":"luba-katanga",
"lua":"luba-lulua",
"lui":"luisenščina",
"lun":"lunda",
"luo":"luo",
"lus":"lushai",
"lv":"latvijščina",
"mad":"madurščina",
"mag":"magadščina",
"mai":"maitili",
"mak":"makasarščina",
"man":"mandingo",
"map":"avstronezijski jezik",
"mas":"masajščina",
"mdf":"mokšavščina",
"mdr":"mandarščina",
"men":"mende",
"mg":"malagaščina",
"mga":"srednja irščina",
"mh":"marshallovščina",
"mi":"maorščina",
"mic":"mikmaščina",
"min":"minangkabau",
"mis":"drugi jeziki",
"mk":"makedonščina",
"mkh":"monsko-kmerski jezik",
"ml":"malajalamščina",
"mn":"mongolščina",
"mnc":"mandžurščina",
"mni":"manipurščina",
"mno":"kotabatski manobo",
"mo":"moldavščina",
"moh":"mohoščina",
"mos":"mosijščina",
"mr":"maratščina",
"ms":"malajščina",
"mt":"malteščina",
"mul":"več jezikov",
"mun":"mundski jezik",
"mwl":"mirandeščina",
"mwr":"marvarščina",
"my":"burmanščina",
"myn":"majevski jezik",
"myv":"erzjanščina",
"na":"naurujščina",
"nah":"nahuatl",
"nai":"severnoameriški indijanski jezik",
"nap":"napolitanščina",
"nb":"knjižna norveščina",
"nd":"severna ndebelščina",
"nds":"nizka nemščina",
"ne":"nepalščina",
"new":"nevarščina",
"nia":"niaščina",
"nic":"nigrsko-kordofanski jezik",
"niu":"niuejščina",
"nl":"nizozemščina",
"nl_BE":"flamščina",
"nn":"novonorveščina",
"no":"norveščina",
"nog":"nogajščina",
"non":"stara nordijščina",
"nr":"južna ndebelščina",
"nso":"severna sotščina",
"nub":"nubijski jezik",
"nv":"navajščina",
"nwc":"klasična nevarščina",
"ny":"njanščina",
"nym":"njamveščina",
"nyn":"njankole",
"nyo":"njoro",
"nzi":"nzima",
"oc":"okcitanščina",
"oj":"anašinabščina",
"om":"oromo",
"or":"orijščina",
"os":"osetinščina",
"osa":"osage",
"ota":"otomanska turščina",
"oto":"otomijski jezik",
"pa":"pandžabščina",
"paa":"papuanski jezik",
"pag":"pangasinanščina",
"pam":"pampanščina",
"pap":"papiamentu",
"pau":"palavanščina",
"peo":"stara perzijščina",
"phi":"filipinski jezik",
"phn":"feničanščina",
"pi":"palijščina",
"pl":"poljščina",
"pon":"ponpejščina",
"pra":"prakritski jezik",
"pro":"stara provansalščina",
"ps":"paštu",
"pt":"portugalščina",
"pt_BR":"brazilska portugalščina",
"pt_PT":"iberska portugalščina",
"qu":"kečuanščina",
"raj":"radžastanščina",
"rap":"rapanujščina",
"rar":"rarotongščina",
"rm":"retoromanščina",
"rn":"rundščina",
"ro":"romunščina",
"roa":"romanski jezik",
"rom":"romščina",
"ru":"ruščina",
"rup":"aromunščina",
"rw":"ruandščina",
"sa":"sanskrt",
"sah":"jakutščina",
"sam":"samaritanska aramejščina",
"sas":"sasaščina",
"sat":"santalščina",
"sc":"sardinščina",
"scn":"sicilijanščina",
"sco":"škotščina",
"sd":"sindščina",
"se":"severna samijščina",
"sel":"selkupščina",
"sem":"semitski jezik",
"sg":"sango",
"sga":"stara irščina",
"sgn":"znakovni jezik",
"sh":"srbohrvaščina",
"shn":"šanščina",
"si":"singalščina",
"sid":"sidamščina",
"sio":"sijuščina",
"sit":"kitajsko-tibetanski jezik",
"sk":"slovaščina",
"sl":"slovenščina",
"sla":"slovanski jezik",
"sm":"samoanščina",
"sma":"južna samijščina",
"smi":"samijski jezik",
"smj":"luleška samijščina",
"smn":"inarska samijščina",
"sms":"samijščina Skolt",
"sn":"šonščina",
"so":"somalščina",
"son":"songajščina",
"sq":"albanščina",
"sr":"srbščina",
"srn":"surinamska kreolščina",
"srr":"sererščina",
"ss":"svazijščina",
"ssa":"nilsko-saharski jezik",
"st":"sesoto",
"su":"sundanščina",
"suk":"sukuma",
"sus":"susujščina",
"sux":"sumerščina",
"sv":"švedščina",
"sw":"svahili",
"swb":"šikomor",
"syc":"klasična sirščina",
"syr":"sirščina",
"ta":"tamilščina",
"tai":"tajski jezik",
"te":"telugijščina",
"tem":"temnejščina",
"tet":"tetumščina",
"tg":"tadžiščina",
"th":"tajščina",
"ti":"tigrajščina",
"tig":"tigrejščina",
"tiv":"tivščina",
"tk":"turkmenščina",
"tkl":"tokelavščina",
"tl":"tagalogščina",
"tlh":"klingonščina",
"tli":"tlingitščina",
"tmh":"tamajaščina",
"tn":"cvanščina",
"to":"tongščina",
"tog":"malavijska tongščina",
"tpi":"tok pisin",
"tr":"turščina",
"ts":"tsonga",
"tsi":"tsimščina",
"tt":"tatarščina",
"tum":"tumbukščina",
"tup":"tupijski jezik",
"tut":"altajski jezik",
"tvl":"tuvalujščina",
"tw":"tvi",
"ty":"tahitščina",
"tyv":"tuvinščina",
"udm":"udmurtščina",
"ug":"ujgurščina",
"uga":"ugaritski jezik",
"uk":"ukrajinščina",
"umb":"umbundščina",
"und":"neznan ali neveljaven jezik",
"ur":"urdujščina",
"uz":"uzbeščina",
"vai":"vajščina",
"ve":"venda",
"vi":"vietnamščina",
"vo":"volapuk",
"vot":"votjaščina",
"wa":"valonščina",
"wak":"vakaški jezik",
"wal":"valamščina",
"war":"varajščina",
"was":"vašajščina",
"wen":"lužiško srbski jezik",
"wo":"volofščina",
"xal":"kalmiščina",
"xh":"xhosa",
"yao":"jaojščina",
"yap":"japščina",
"yi":"jidiš",
"yo":"jorubščina",
"ypk":"jupiški jezik",
"yue":"kantonščina",
"zap":"zapoteščina",
"zbl":"znakovni jezik Bliss",
"zen":"zenaščina",
"zh":"kitajščina",
"zh_Hans":"poenostavljena kitajščina",
"zh_Hant":"tradicionalna kitajščina",
"znd":"zandejščina",
"zu":"zulujščina",
"zun":"zunijščina",
"zxx":"brez jezikoslovne vsebine",
"zza":"zazajščina"
},
"scripts":{
"Arab":"arabski",
"Armi":"imperialno-aramejski",
"Armn":"armenski",
"Avst":"avestanski",
"Bali":"balijski",
"Batk":"bataški",
"Beng":"bengalski",
"Blis":"znakovna pisava Bliss",
"Bopo":"bopomofo",
"Brah":"bramanski",
"Brai":"braillova pisava",
"Bugi":"buginski",
"Buhd":"buhidski",
"Cans":"poenotena zlogovna pisava kanadskih staroselcev",
"Cham":"Cham",
"Cher":"čerokeški",
"Cirt":"kirt",
"Copt":"koptski",
"Cprt":"ciprski",
"Cyrl":"cirilica",
"Cyrs":"starocerkvenoslovanska cirilica",
"Deva":"devanagarščica",
"Dsrt":"fonetska pisava deseret",
"Egyd":"demotska egipčanska pisava",
"Egyh":"hieratska egipčanska pisava",
"Egyp":"egipčanska slikovna pisava",
"Ethi":"etiopski",
"Geok":"cerkvenogruzijski",
"Geor":"gruzijski",
"Glag":"glagoliški",
"Goth":"gotski",
"Grek":"grški",
"Gujr":"gudžaratski",
"Guru":"gurmuki",
"Hang":"hangul",
"Hani":"kanji",
"Hano":"hanunski",
"Hans":"poenostavljena pisava han",
"Hant":"tradicionalna pisava han",
"Hebr":"hebrejski",
"Hira":"hiragana",
"Hmng":"pahavhmonska zlogovna pisava",
"Hrkt":"katakana ali hiragana",
"Hung":"staroogrski",
"Inds":"induški",
"Ital":"staroitalski",
"Java":"javanski",
"Jpan":"japonski",
"Kali":"karenski",
"Kana":"katakana",
"Khar":"gandarski",
"Khmr":"kmerski",
"Knda":"kanadski",
"Kore":"korejski",
"Kthi":"kajatski",
"Laoo":"laoški",
"Latf":"fraktura",
"Latg":"gelski latinični",
"Latn":"latinica",
"Lepc":"lepški",
"Limb":"limbuški",
"Lina":"linearna pisava A",
"Linb":"linearna pisava B",
"Lyci":"licijski",
"Lydi":"lidijski",
"Mand":"mandanski",
"Mani":"manihejski",
"Maya":"majevska slikovna pisava",
"Mero":"meroitski",
"Mlym":"malajalamski",
"Mong":"mongolski",
"Moon":"Moonova pisava za slepe",
"Mtei":"manipurski",
"Mymr":"mjanmarski",
"Ogam":"ogamski",
"Olck":"santalski",
"Orkh":"orkonski",
"Orya":"orijski",
"Osma":"osmanski",
"Perm":"staropermijski",
"Phag":"pagpajski",
"Phli":"vrezani napisi pahlavi",
"Phlp":"psalmski pahlavi",
"Phlv":"knjižno palavanski",
"Phnx":"feničanski",
"Plrd":"Pollardova fonetska pisava",
"Roro":"rongorongo",
"Runr":"runski",
"Samr":"samaritanski",
"Sara":"saratski",
"Sgnw":"znakovna pisava",
"Shaw":"šojevski",
"Sinh":"sinhalski",
"Sund":"sundanski",
"Sylo":"siletsko-nagarijski",
"Syrc":"sirijski",
"Syre":"sirska abeceda estrangelo",
"Syrj":"zahodnosirijski",
"Syrn":"vzhodnosirijski",
"Tagb":"tagbanski",
"Taml":"tamilski",
"Tavt":"tajsko-vietnamski",
"Telu":"teluški",
"Teng":"tengvarski",
"Tfng":"tifinajski",
"Tglg":"tagaloški",
"Thaa":"tanajski",
"Thai":"tajski",
"Tibt":"tibetanski",
"Ugar":"ugaritski",
"Vaii":"zlogovna pisava vai",
"Visp":"vidni govor",
"Xpeo":"staroperzijski",
"Xsux":"sumersko-akadski klinopis",
"Zinh":"podedovan",
"Zmth":"matematična znamenja",
"Zsym":"simboli",
"Zxxx":"nenapisano",
"Zyyy":"splošno",
"Zzzz":"neznan ali neveljaven zapis"
},
"territories":{
"001":"Svet",
"002":"Afrika",
"003":"Severna Amerika",
"005":"Južna Amerika",
"009":"Oceanija",
"011":"Zahodna Afrika",
"013":"Srednja Amerika",
"014":"Vzhodna Afrika",
"015":"Severna Afrika",
"017":"Srednja Afrika",
"018":"Južna Afrika",
"019":"Amerike",
"021":"severnoameriška celina",
"029":"Karibi",
"030":"Vzhodna Azija",
"034":"Južna Azija",
"035":"Jugovzhodna Azija",
"039":"Južna Evropa",
"053":"Avstralija in Nova Zelandija",
"054":"Melanezija",
"057":"mikronezijska regija",
"061":"Polinezija",
"062":"Južna osrednja Azija",
"142":"Azija",
"143":"Osrednja Azija",
"145":"Zahodna Azija",
"150":"Evropa",
"151":"Vzhodna Evropa",
"154":"Severna Evropa",
"155":"Zahodna Evropa",
"172":"Skupnost neodvisnih držav",
"419":"Latinska Amerika",
"830":"Kanalski otoki",
"AC":"Otok Ascension",
"AD":"Andora",
"AE":"Združeni arabski emirati",
"AF":"Afganistan",
"AG":"Antigva in Barbuda",
"AI":"Angvila",
"AL":"Albanija",
"AM":"Armenija",
"AN":"Nizozemski Antili",
"AO":"Angola",
"AQ":"Antarktika",
"AR":"Argentina",
"AS":"Ameriška Samoa",
"AT":"Avstrija",
"AU":"Avstralija",
"AW":"Aruba",
"AX":"Alandsko otočje",
"AZ":"Azerbajdžan",
"BA":"Bosna in Hercegovina",
"BB":"Barbados",
"BD":"Bangladeš",
"BE":"Belgija",
"BF":"Burkina Faso",
"BG":"Bolgarija",
"BH":"Bahrajn",
"BI":"Burundi",
"BJ":"Benin",
"BL":"Saint Barthelemy",
"BM":"Bermudi",
"BN":"Brunej",
"BO":"Bolivija",
"BR":"Brazilija",
"BS":"Bahami",
"BT":"Butan",
"BV":"Bouvetov otok",
"BW":"Bocvana",
"BY":"Belorusija",
"BZ":"Belize",
"CA":"Kanada",
"CC":"Kokosovi otoki",
"CD":"Demokratična republika Kongo",
"CF":"Centralnoafriška republika",
"CG":"Kongo - Brazzaville",
"CH":"Švica",
"CI":"Slonokoščena obala",
"CK":"Cookovo otočje",
"CL":"Čile",
"CM":"Kamerun",
"CN":"Kitajska",
"CO":"Kolumbija",
"CP":"Otok Clipperton",
"CR":"Kostarika",
"CS":"Srbija in Črna gora",
"CU":"Kuba",
"CV":"Zelenortski otoki",
"CX":"Božični otok",
"CY":"Ciper",
"CZ":"Češka",
"DE":"Nemčija",
"DG":"Diego Garcia",
"DJ":"Džibuti",
"DK":"Danska",
"DM":"Dominika",
"DO":"Dominikanska republika",
"DZ":"Alžirija",
"EA":"Ceuta in Melilla",
"EC":"Ekvador",
"EE":"Estonija",
"EG":"Egipt",
"EH":"Zahodna Sahara",
"ER":"Eritreja",
"ES":"Španija",
"ET":"Etiopija",
"EU":"Evropska unija",
"FI":"Finska",
"FJ":"Fidži",
"FK":"Falklandski otoki",
"FM":"Mikronezija",
"FO":"Ferski otoki",
"FR":"Francija",
"FX":"Metropolitanska Francija",
"GA":"Gabon",
"GB":"Velika Britanija",
"GD":"Grenada",
"GE":"Gruzija",
"GF":"Francoska Gvajana",
"GG":"Guernsey",
"GH":"Gana",
"GI":"Gibraltar",
"GL":"Grenlandija",
"GM":"Gambija",
"GN":"Gvineja",
"GP":"Gvadalupe",
"GQ":"Ekvatorialna Gvineja",
"GR":"Grčija",
"GS":"Južna Georgia in Južni Sandwichevi otoki",
"GT":"Gvatemala",
"GU":"Guam",
"GW":"Gvineja Bissau",
"GY":"Gvajana",
"HK":"Posebno administrativno območje LR Kitajske Hong Kong",
"HM":"Otok Heard in otočje McDonald",
"HN":"Honduras",
"HR":"Hrvaška",
"HT":"Haiti",
"HU":"Madžarska",
"IC":"Kanarski otoki",
"ID":"Indonezija",
"IE":"Irska",
"IL":"Izrael",
"IM":"Otok Man",
"IN":"Indija",
"IO":"Britansko ozemlje v Indijskem oceanu",
"IQ":"Irak",
"IR":"Iran",
"IS":"Islandija",
"IT":"Italija",
"JE":"Jersey",
"JM":"Jamajka",
"JO":"Jordanija",
"JP":"Japonska",
"KE":"Kenija",
"KG":"Kirgizistan",
"KH":"Kambodža",
"KI":"Kiribati",
"KM":"Komori",
"KN":"Saint Kitts in Nevis",
"KP":"Severna Koreja",
"KR":"Južna Koreja",
"KW":"Kuvajt",
"KY":"Kajmanski otoki",
"KZ":"Kazahstan",
"LA":"Laos",
"LB":"Libanon",
"LC":"Saint Lucia",
"LI":"Lihtenštajn",
"LK":"Šrilanka",
"LR":"Liberija",
"LS":"Lesoto",
"LT":"Litva",
"LU":"Luksemburg",
"LV":"Latvija",
"LY":"Libija",
"MA":"Maroko",
"MC":"Monako",
"MD":"Moldavija",
"ME":"Črna gora",
"MF":"Saint Martin",
"MG":"Madagaskar",
"MH":"Marshallovi otoki",
"MK":"Makedonija",
"ML":"Mali",
"MM":"Mjanmar [Burma]",
"MN":"Mongolija",
"MO":"Posebno administrativno območje LR Kitajske Macao",
"MP":"Severni Marianski otoki",
"MQ":"Martinik",
"MR":"Mavretanija",
"MS":"Montserrat",
"MT":"Malta",
"MU":"Mauritius",
"MV":"Maldivi",
"MW":"Malavi",
"MX":"Mehika",
"MY":"Malezija",
"MZ":"Mozambik",
"NA":"Namibija",
"NC":"Nova Kaledonija",
"NE":"Niger",
"NF":"Norfolški otok",
"NG":"Nigerija",
"NI":"Nikaragva",
"NL":"Nizozemska",
"NO":"Norveška",
"NP":"Nepal",
"NR":"Nauru",
"NU":"Niue",
"NZ":"Nova Zelandija",
"OM":"Oman",
"PA":"Panama",
"PE":"Peru",
"PF":"Francoska Polinezija",
"PG":"Papua Nova Gvineja",
"PH":"Filipini",
"PK":"Pakistan",
"PL":"Poljska",
"PM":"Saint Pierre in Miquelon",
"PN":"Pitcairn",
"PR":"Portoriko",
"PS":"Palestinsko ozemlje",
"PT":"Portugalska",
"PW":"Palau",
"PY":"Paragvaj",
"QA":"Katar",
"QO":"Ostala oceanija",
"RE":"Reunion",
"RO":"Romunija",
"RS":"Srbija",
"RU":"Rusija",
"RW":"Ruanda",
"SA":"Saudova Arabija",
"SB":"Salomonovi otoki",
"SC":"Sejšeli",
"SD":"Sudan",
"SE":"Švedska",
"SG":"Singapur",
"SH":"Sveta Helena",
"SI":"Slovenija",
"SJ":"Svalbard in Jan Mayen",
"SK":"Slovaška",
"SL":"Sierra Leone",
"SM":"San Marino",
"SN":"Senegal",
"SO":"Somalija",
"SR":"Surinam",
"ST":"Sao Tome in Principe",
"SV":"Salvador",
"SY":"Sirija",
"SZ":"Svazi",
"TA":"Tristan da Cunha",
"TC":"Otočji Turks in Caicos",
"TD":"Čad",
"TF":"Francosko južno ozemlje",
"TG":"Togo",
"TH":"Tajska",
"TJ":"Tadžikistan",
"TK":"Tokelau",
"TL":"Vzhodni Timor",
"TM":"Turkmenistan",
"TN":"Tunizija",
"TO":"Tonga",
"TR":"Turčija",
"TT":"Trinidad in Tobago",
"TV":"Tuvalu",
"TW":"Tajvan",
"TZ":"Tanzanija",
"UA":"Ukrajina",
"UG":"Uganda",
"UM":"Druga ameriška ozemlja v Tihem oceanu",
"US":"Združene države Amerike",
"UY":"Urugvaj",
"UZ":"Uzbekistan",
"VA":"Vatikan",
"VC":"Saint Vincent in Grenadine",
"VE":"Venezuela",
"VG":"Britanski Deviški otoki",
"VI":"Ameriški Deviški otoki",
"VN":"Vietnam",
"VU":"Vanuatu",
"WF":"Wallis in Futuna",
"WS":"Samoa",
"YE":"Jemen",
"YT":"Mayotte",
"ZA":"Južnoafriška republika",
"ZM":"Zambija",
"ZW":"Zimbabve",
"ZZ":"Neznano ali neveljavno območje"
},
"orientation":"left-to-right",
"dateFormat-full":"EEEE, dd. MMMM y",
"dateFormat-long":"dd. MMMM y",
"dateFormat-medium":"d. MMM yyyy",
"dateFormat-short":"d. MM. yy",
"timeFormat-full":"HH:mm:ss zzzz",
"timeFormat-long":"HH:mm:ss z",
"timeFormat-medium":"HH:mm:ss",
"timeFormat-short":"HH:mm",
"dateTimeFormat-full":"{1} {0}",
"dateTimeFormat-long":"{1} {0}",
"dateTimeFormat-medium":"{1} {0}",
"dateTimeFormat-short":"{1} {0}",
"months-defaultContext":"format",
"months-defaultWidth":"wide",
"months-format-abbreviated":[
"jan.",
"feb.",
"mar.",
"apr.",
"maj",
"jun.",
"jul.",
"avg.",
"sep.",
"okt.",
"nov.",
"dec."],
"months-format-narrow":[
"j",
"f",
"m",
"a",
"m",
"j",
"j",
"a",
"s",
"o",
"n",
"d"],
"months-format-wide":[
"januar",
"februar",
"marec",
"april",
"maj",
"junij",
"julij",
"avgust",
"september",
"oktober",
"november",
"december"],
"months-standAlone-abbreviated":[
"jan",
"feb",
"mar",
"apr",
"maj",
"jun",
"jul",
"avg",
"sep",
"okt",
"nov",
"dec"],
"months-standAlone-narrow":[
"j",
"f",
"m",
"a",
"m",
"j",
"j",
"a",
"s",
"o",
"n",
"d"],
"months-standAlone-wide":[
"januar",
"februar",
"marec",
"april",
"maj",
"junij",
"julij",
"avgust",
"september",
"oktober",
"november",
"december"],
"days-defaultContext":"format",
"days-defaultWidth":"wide",
"days-format-abbreviated":[
"ned.",
"pon.",
"tor.",
"sre.",
"čet.",
"pet.",
"sob."],
"days-format-narrow":[
"n",
"p",
"t",
"s",
"č",
"p",
"s"],
"days-format-wide":[
"nedelja",
"ponedeljek",
"torek",
"sreda",
"četrtek",
"petek",
"sobota"],
"days-standAlone-abbreviated":[
"ned",
"pon",
"tor",
"sre",
"čet",
"pet",
"sob"],
"days-standAlone-narrow":[
"n",
"p",
"t",
"s",
"č",
"p",
"s"],
"days-standAlone-wide":[
"nedelja",
"ponedeljek",
"torek",
"sreda",
"četrtek",
"petek",
"sobota"],
"quarters-format-abbreviated":[
"Q1",
"Q2",
"Q3",
"Q4"],
"quarters-format-narrow":[
"1",
"2",
"3",
"4"],
"quarters-format-wide":[
"1. četrtletje",
"2. četrtletje",
"3. četrtletje",
"4. četrtletje"],
"quarters-standAlone-abbreviated":[
"Q1",
"Q2",
"Q3",
"Q4"],
"quarters-standAlone-narrow":[
"1",
"2",
"3",
"4"],
"quarters-standAlone-wide":[
"1. četrtletje",
"2. četrtletje",
"3. četrtletje",
"4. četrtletje"],
"dayPeriods-format-abbreviated":[
"dop.",
"pop."],
"dayPeriods-format-narrow":[
"dop.",
"pop."],
"dayPeriods-format-wide":[
"dop.",
"pop."],
"dayPeriods-standAlone-abbreviated":[
"dop.",
"pop."],
"dayPeriods-standAlone-narrow":[
"dop.",
"pop."],
"dayPeriods-standAlone-wide":[
"dop.",
"pop."],
"decimalFormat":{
"standard":"#,##0.###"},
"decimalFormat-short":{
"1000":"0.0 K",
"10000":"00K",
"100000":"000K",
"1000000":"0.0 M",
"10000000":"00 M",
"100000000":"000 M",
"1000000000":"0.0 B",
"10000000000":"00 B",
"100000000000":"000B",
"1000000000000":"0.0 T",
"10000000000000":"00 T",
"100000000000000":"000 T"},
"scientificFormat":{
"standard":"#E0"},
"percentFormat":{
"standard":"#,##0%"},
"currencyFormat":{
"standard":"#,##0.00 ¤"},
"symbols-latn-decimal":",",
"symbols-latn-group":".",
"symbols-latn-list":";",
"symbols-latn-percentSign":"%",
"symbols-latn-plusSign":"+",
"symbols-latn-minusSign":"-",
"symbols-latn-exponential":"e",
"symbols-latn-perMille":"‰",
"symbols-latn-infinity":"∞",
"symbols-latn-nan":"NaN",
"weekData-minDays":1,
"weekData-firstDay":1,
"weekData-weekendStart":6,
"weekData-weekendEnd":0
}