{
"languages":{
"aa":"afar",
"ab":"abchaziska",
"ace":"acehnesiska",
"ach":"acholi",
"ada":"adangme",
"ady":"adygeiska",
"ae":"avestiska",
"af":"afrikaans",
"afa":"afroasiatiskt språk",
"afh":"afrihili",
"agq":"aghem",
"ain":"ainu",
"ak":"akan",
"akk":"akkadiska",
"ale":"aleutiska",
"alg":"algonkinskt språk",
"alt":"sydaltaiska",
"am":"amhariska",
"an":"aragonesiska",
"ang":"fornengelska",
"anp":"angika",
"apa":"apachespråk",
"ar":"arabiska",
"arc":"arameiska",
"arn":"araukanska",
"arp":"arapaho",
"art":"konstgjort språk",
"arw":"arawakiska",
"as":"assamesiska",
"asa":"asu",
"ast":"asturiska",
"ath":"athapaskiskt språk",
"aus":"australiskt språk",
"av":"avariska",
"awa":"awadhi",
"ay":"aymara",
"az":"azerbajdzjanska",
"ba":"basjkiriska",
"bad":"bandaspråk",
"bai":"bamilekespråk",
"bal":"baluchiska",
"ban":"balinesiska",
"bas":"basa",
"bat":"baltiskt språk",
"be":"vitryska",
"bej":"beyja",
"bem":"bemba",
"ber":"berberspråk",
"bez":"bena",
"bg":"bulgariska",
"bh":"bihari",
"bho":"bhojpuri",
"bi":"bislama",
"bik":"bikol",
"bin":"bini",
"bla":"siksika",
"bm":"bambara",
"bn":"bengali",
"bnt":"bantuspråk",
"bo":"tibetanska",
"br":"bretonska",
"bra":"braj",
"brx":"bodo",
"bs":"bosniska",
"btk":"batak",
"bua":"burjätiska",
"bug":"buginesiska",
"byn":"blin",
"ca":"katalanska",
"cad":"caddo",
"cai":"centralamerikanskt indianspråk",
"car":"karibiska",
"cau":"kaukasiskt språk",
"cch":"atsam",
"ce":"tjetjenska",
"ceb":"cebuano",
"cel":"keltiskt språk",
"ch":"chamorro",
"chb":"chibcha",
"chg":"chagatai",
"chk":"chuukesiska",
"chm":"mari",
"chn":"chinook",
"cho":"choctaw",
"chp":"chipewyan",
"chr":"cherokesiska",
"chy":"cheyenne",
"cmc":"chamispråk",
"co":"korsikanska",
"cop":"koptiska",
"cpe":"engelskbaserat kreol- eller pidginspråk",
"cpf":"franskbaserat kreol- eller pidginspråk",
"cpp":"portugisiskbaserat kreol- eller pidginspråk",
"cr":"cree",
"crh":"krimtatariska",
"crp":"kreol- eller pidginspråk",
"cs":"tjeckiska",
"csb":"kasjubiska",
"cu":"kyrkslaviska",
"cus":"kusjitiskt språk",
"cv":"tjuvasjiska",
"cy":"walesiska",
"da":"danska",
"dak":"dakota",
"dar":"darginska",
"day":"dajakiska",
"de":"tyska",
"de_AT":"österrikisk tyska",
"de_CH":"schweizisk högtyska",
"del":"delaware",
"den":"slavej",
"dgr":"dogrib",
"din":"dinka",
"dje":"zarma",
"doi":"dogri",
"dra":"dravidiskt språk",
"dsb":"lågsorbiska",
"dua":"duala",
"dum":"medelnederländska",
"dv":"divehi",
"dyo":"jola-fonyi",
"dyu":"dyula",
"dz":"bhutanesiska",
"ebu":"embu",
"ee":"ewe",
"efi":"efik",
"egy":"fornegyptiska",
"eka":"ekajuk",
"el":"grekiska",
"elx":"elamitiska",
"en":"engelska",
"en_AU":"australisk engelska",
"en_CA":"kanadensisk engelska",
"en_GB":"brittisk engelska",
"en_US":"amerikansk engelska",
"enm":"medelengelska",
"eo":"esperanto",
"es":"spanska",
"es_419":"latinamerikansk spanska",
"es_ES":"europeisk spanska",
"et":"estniska",
"eu":"baskiska",
"ewo":"ewondo",
"fa":"persiska",
"fan":"fang",
"fat":"fanti",
"ff":"fulani",
"fi":"finska",
"fil":"filippinska",
"fiu":"finskugriskt språk",
"fj":"fidjianska",
"fo":"färöiska",
"fon":"fonspråket",
"fr":"franska",
"fr_CA":"kanadensisk franska",
"fr_CH":"schweizisk franska",
"frm":"medelfranska",
"fro":"fornfranska",
"frr":"nordfrisiska",
"frs":"östfrisiska",
"fur":"friulianska",
"fy":"västfrisiska",
"ga":"iriska",
"gaa":"gã",
"gay":"gayo",
"gba":"gbaya",
"gd":"höglandsskotska",
"gem":"germanskt språk",
"gez":"etiopiska",
"gil":"gilbertiska",
"gl":"galiciska",
"gmh":"medelhögtyska",
"gn":"guaraní",
"goh":"fornhögtyska",
"gon":"gondi",
"gor":"gorontalo",
"got":"gotiska",
"grb":"grebo",
"grc":"forngrekiska",
"gsw":"schweizertyska",
"gu":"gujarati",
"gv":"manx",
"gwi":"gwichin",
"ha":"haussa",
"hai":"haida",
"haw":"hawaiiska",
"he":"hebreiska",
"hi":"hindi",
"hil":"hiligaynon",
"him":"himachali",
"hit":"hettitiska",
"hmn":"hmongspråk",
"ho":"hirimotu",
"hr":"kroatiska",
"hsb":"högsorbiska",
"ht":"haitiska",
"hu":"ungerska",
"hup":"hupa",
"hy":"armeniska",
"hz":"herero",
"ia":"interlingua",
"iba":"ibanska",
"id":"indonesiska",
"ie":"interlingue",
"ig":"ibo",
"ii":"szezuan i",
"ijo":"ijospråket",
"ik":"inupiak",
"ilo":"iloko",
"inc":"indiskt språk",
"ine":"indoeuropeiskt språk",
"inh":"ingusjiska",
"io":"ido",
"ira":"iranskt språk",
"iro":"irokesiskt språk",
"is":"isländska",
"it":"italienska",
"iu":"inuktitut",
"ja":"japanska",
"jbo":"lojban",
"jpr":"judisk persiska",
"jrb":"judisk arabiska",
"jv":"javanesiska",
"ka":"georgiska",
"kaa":"karakalpakiska",
"kab":"kabyliska",
"kac":"kachin",
"kaj":"jju",
"kam":"kamba",
"kar":"karenska",
"kaw":"kawi",
"kbd":"kabardinska",
"kcg":"tyap",
"kea":"kapverdiska",
"kfo":"koro",
"kg":"kikongo",
"kha":"khasi",
"khi":"khoisanspråk",
"kho":"khotanesiska",
"ki":"kikuyu",
"kj":"kuanyama",
"kk":"kazakiska",
"kl":"grönländska",
"km":"kambodjanska",
"kmb":"kimbundu",
"kn":"kannada",
"ko":"koreanska",
"kok":"konkani",
"kos":"kosreanska",
"kpe":"kpelle",
"kr":"kanuri",
"krc":"karachay-balkar",
"krl":"karelska",
"kro":"kru",
"kru":"kurukh",
"ks":"kashmiriska",
"ksf":"bafia",
"ku":"kurdiska",
"kum":"kumykiska",
"kut":"kutenaj",
"kv":"kome",
"kw":"korniska",
"ky":"kirgisiska",
"la":"latin",
"lad":"ladino",
"lah":"lahnda",
"lam":"lamba",
"lb":"luxemburgiska",
"lez":"lezghien",
"lg":"luganda",
"li":"limburgiska",
"ln":"lingala",
"lo":"laotiska",
"lol":"mongo",
"loz":"lozi",
"lt":"litauiska",
"lu":"luba-katanga",
"lua":"luba-lulua",
"lui":"luiseño",
"lun":"lunda",
"luo":"luo",
"lus":"lushai",
"luy":"luhya",
"lv":"lettiska",
"mad":"maduresiska",
"mag":"magahi",
"mai":"maithili",
"mak":"makasar",
"man":"mande",
"map":"austronesiskt språk",
"mas":"massajiska",
"mdf":"moksja",
"mdr":"mandar",
"men":"mende",
"mg":"malagassiska",
"mga":"medeliriska",
"mgh":"makhuwa-meetto",
"mh":"marshalliska",
"mi":"maori",
"mic":"mic-mac",
"min":"minangkabau",
"mis":"annat språk",
"mk":"makedonska",
"mkh":"mon-khmeriskt språk",
"ml":"malayalam",
"mn":"mongoliska",
"mnc":"manchuriska",
"mni":"manipuri",
"mno":"manobospråk",
"mo":"moldaviska",
"moh":"mohawk",
"mos":"mossi",
"mr":"marathi",
"ms":"malajiska",
"mt":"maltesiska",
"mua":"mundang",
"mul":"flera språk",
"mun":"mundaspråk",
"mus":"muskogee",
"mwl":"mirandesiska",
"mwr":"marwari",
"my":"burmesiska",
"myn":"mayaspråk",
"myv":"erjya",
"na":"nauru",
"nah":"aztekiska",
"nai":"nordamerikanskt indianspråk",
"nap":"napolitanska",
"nb":"norskt bokmål",
"nd":"nordndebele",
"nds":"lågtyska",
"ne":"nepalesiska",
"new":"newariska",
"ng":"ndonga",
"nia":"nias",
"nic":"Niger-Kongospråk",
"niu":"niueanska",
"nl":"nederländska",
"nl_BE":"flamländska",
"nmg":"kwasio",
"nn":"nynorska",
"no":"norska",
"nog":"nogai",
"non":"fornnordiska",
"nqo":"n-kå",
"nr":"sydndebele",
"nso":"nordsotho",
"nub":"nubiskt språk",
"nus":"nuer",
"nv":"navaho",
"nwc":"klassisk newariska",
"ny":"nyanja",
"nym":"nyamwezi",
"nyn":"nyankole",
"nyo":"nyoro",
"nzi":"nzima",
"oc":"occitanska",
"oj":"odjibwa",
"om":"oromo",
"or":"oriya",
"os":"ossetiska",
"osa":"osage",
"ota":"ottomanska",
"oto":"otomispråk",
"pa":"punjabi",
"paa":"papuanskt språk",
"pag":"pangasinan",
"pal":"medelpersiska",
"pam":"pampanga",
"pap":"papiamento",
"pau":"palau",
"peo":"fornpersiska",
"phi":"filippinskt språk",
"phn":"feniciska",
"pi":"pali",
"pl":"polska",
"pon":"ponape",
"pra":"prakritspråk",
"pro":"fornprovensalska",
"ps":"afghanska",
"pt":"portugisiska",
"pt_BR":"brasiliansk portugisiska",
"pt_PT":"europeisk portugisiska",
"qu":"quechua",
"raj":"rajasthani",
"rap":"rapanui",
"rar":"rarotonganska",
"rm":"rätoromanska",
"rn":"rundi",
"ro":"rumänska",
"roa":"romanskt språk",
"rof":"rombo",
"rom":"romani",
"root":"rot",
"ru":"ryska",
"rup":"arumänska",
"rw":"kinjarwanda",
"rwk":"rwa",
"sa":"sanskrit",
"sad":"sandawe",
"sah":"jakutiska",
"sai":"sydamerikanskt indianspråk",
"sal":"salikiskt språk",
"sam":"samaritanska",
"sas":"sasak",
"sat":"santali",
"sbp":"sangu",
"sc":"sardiska",
"scn":"sicilianska",
"sco":"skotska",
"sd":"sindhi",
"se":"nordsamiska",
"sel":"selkup",
"sem":"semitiskt språk",
"sg":"sango",
"sga":"forniriska",
"sgn":"teckenspråk",
"sh":"serbokroatiska",
"shn":"shan",
"si":"singalesiska",
"sid":"sidamo",
"sio":"siouxspråk",
"sit":"sinotibetanskt språk",
"sk":"slovakiska",
"sl":"slovenska",
"sla":"slaviskt språk",
"sm":"samoanska",
"sma":"sydsamiska",
"smi":"samiskt språk",
"smj":"lulesamiska",
"smn":"enaresamiska",
"sms":"skoltsamiska",
"sn":"shona",
"snk":"soninke",
"so":"somaliska",
"sog":"sogdiska",
"son":"songhai",
"sq":"albanska",
"sr":"serbiska",
"srn":"sranan tongo",
"srr":"serer",
"ss":"swati",
"ssa":"nilosahariskt språk",
"st":"sydsotho",
"su":"sundanesiska",
"suk":"sukuma",
"sus":"susu",
"sux":"sumeriska",
"sv":"svenska",
"sw":"swahili",
"swb":"shimaoré",
"syc":"klassisk syriska",
"syr":"syriska",
"ta":"tamil",
"tai":"thaispråk",
"te":"telugiska",
"tem":"temne",
"ter":"tereno",
"tet":"tetum",
"tg":"tadzjikiska",
"th":"thailändska",
"ti":"tigrinja",
"tig":"tigré",
"tiv":"tivi",
"tk":"turkmeniska",
"tkl":"tokelauiska",
"tl":"tagalog",
"tlh":"klingonska",
"tli":"tlingit",
"tmh":"tamashek",
"tn":"tswana",
"to":"tonganska",
"tog":"nyasatonganska",
"tpi":"tok pisin",
"tr":"turkiska",
"ts":"tsonga",
"tsi":"tsimshian",
"tt":"tatariska",
"tum":"tumbuka",
"tup":"tupíspråk",
"tut":"altaiskt språk",
"tvl":"tuvaluanska",
"tw":"twi",
"twq":"tasawaq",
"ty":"tahitiska",
"tyv":"tuviniska",
"udm":"udmurtiska",
"ug":"uiguriska",
"uga":"ugaritiska",
"uk":"ukrainska",
"umb":"umbundu",
"und":"obestämt språk",
"ur":"urdu",
"uz":"uzbekiska",
"vai":"vaj",
"ve":"venda",
"vi":"vietnamesiska",
"vo":"volapük",
"vot":"votiska",
"wa":"vallonska",
"wae":"walsertyska",
"wak":"wakusjiskt språk",
"wal":"walamo",
"war":"waray",
"was":"washo",
"wen":"sorbiskt språk",
"wo":"wolof",
"xal":"kalmuckiska",
"xh":"xhosa",
"yao":"kiyao",
"yap":"japetiska",
"yav":"yangben",
"yi":"jiddisch",
"yo":"yoruba",
"ypk":"eskimåspråk",
"yue":"kantonesiska",
"za":"zhuang",
"zap":"zapotek",
"zbl":"blissymboler",
"zen":"zenaga",
"zh":"kinesiska",
"zh_Hans":"förenklad kinesiska",
"zh_Hant":"traditionell kinesiska",
"znd":"zandé",
"zu":"zulu",
"zun":"zuni",
"zxx":"inget språkligt innehåll",
"zza":"zazaiska"
},
"scripts":{
"Arab":"arabiska",
"Armi":"imperisk arameiska",
"Armn":"armeniska",
"Avst":"avestiska",
"Bali":"balinesiska",
"Batk":"batak",
"Beng":"bengaliska",
"Blis":"blissymboler",
"Bopo":"bopomofo",
"Brah":"brami",
"Brai":"punktskrift",
"Bugi":"buginesiska",
"Buhd":"buhid",
"Cakm":"chakma",
"Cans":"kanadensiska stavelsetecken",
"Cari":"kariska",
"Cham":"cham",
"Cher":"cherokee",
"Cirt":"cirt",
"Copt":"koptiska",
"Cprt":"cypriotiska",
"Cyrl":"kyrilliska",
"Cyrs":"fornkyrkoslavisk kyrilliska",
"Deva":"devanagari",
"Dsrt":"deseret",
"Egyd":"demotiska",
"Egyh":"hieratiska",
"Egyp":"egyptiska hieroglyfer",
"Ethi":"etiopiska",
"Geok":"kutsuri",
"Geor":"georgiska",
"Glag":"glagolitiska",
"Goth":"gotiska",
"Grek":"grekiska",
"Gujr":"gujarati",
"Guru":"gurmukhi",
"Hang":"hangul",
"Hani":"han",
"Hano":"hanunå",
"Hans":"förenklad han",
"Hant":"traditionell han",
"Hebr":"hebreiska",
"Hira":"hiragana",
"Hmng":"pahaw mong",
"Hrkt":"katakana/hiragana",
"Hung":"fornungerska",
"Inds":"indus",
"Ital":"fornitaliska",
"Java":"javanska",
"Jpan":"japanska",
"Kali":"kaya li",
"Kana":"katakana",
"Khar":"kharoshti",
"Khmr":"khmeriska",
"Knda":"kanaresiska",
"Kore":"koreanska",
"Kthi":"kaithiska",
"Lana":"lanna",
"Laoo":"laotiska",
"Latf":"frakturlatin",
"Latg":"gaeliskt latin",
"Latn":"latinska",
"Lepc":"rong",
"Limb":"limbu",
"Lina":"linjär A",
"Linb":"linjär B",
"Lyci":"lykiska",
"Lydi":"lydiska",
"Mand":"mandaéiska",
"Mani":"manikeanska",
"Maya":"mayahieroglyfer",
"Mero":"meriotiska",
"Mlym":"malayalam",
"Mong":"mongoliska",
"Moon":"moon",
"Mtei":"meitei-mayek",
"Mymr":"burmesiska",
"Nkoo":"n-kå",
"Ogam":"ogham",
"Olck":"ol-chiki",
"Orkh":"orkon",
"Orya":"oriya",
"Osma":"osmanja",
"Perm":"fornpermiska",
"Phag":"phags-pa",
"Phli":"tidig pahlavi",
"Phlp":"psaltaren-pahlavi",
"Phlv":"bokpahlavi",
"Phnx":"fenikiska",
"Plrd":"pollardtecken",
"Prti":"tidig parthianska",
"Rjng":"rejang",
"Roro":"rongo-rongo",
"Runr":"runor",
"Samr":"samaritiska",
"Sara":"sarati",
"Saur":"saurashtra",
"Sgnw":"teckningsskrift",
"Shaw":"shawiska",
"Sinh":"singalesiska",
"Sund":"sundanesiska",
"Sylo":"syloti nagri",
"Syrc":"syriska",
"Syre":"estrangelosyriska",
"Syrj":"västsyriska",
"Syrn":"östsyriska",
"Tagb":"tagbanwa",
"Tale":"tai le",
"Talu":"tai lue",
"Taml":"tamilska",
"Tavt":"tai viet",
"Telu":"telugu",
"Teng":"tengwar",
"Tfng":"tifinaghiska",
"Tglg":"tagalog",
"Thaa":"taana",
"Thai":"thailändska",
"Tibt":"tibetanska",
"Ugar":"ugaritiska",
"Vaii":"vaj",
"Visp":"synligt tal",
"Xpeo":"fornpersiska",
"Xsux":"sumeo-akkadisk kilskrift",
"Yiii":"yi",
"Zinh":"ärvda",
"Zmth":"matematisk notation",
"Zsym":"symboler",
"Zxxx":"oskrivet språk",
"Zyyy":"gemensamma",
"Zzzz":"okänt skriftsystem"
},
"territories":{
"001":"världen",
"002":"Afrika",
"003":"Nordamerika",
"005":"Sydamerika",
"009":"Oceanien",
"011":"Västafrika",
"013":"Centralamerika",
"014":"Östafrika",
"015":"Nordafrika",
"017":"Centralafrika",
"018":"södra Afrika",
"019":"Nord- och Sydamerika",
"021":"norra Amerika",
"029":"Karibien",
"030":"Östasien",
"034":"södra Asien",
"035":"Sydostasien",
"039":"Sydeuropa",
"053":"Australien och Nya Zeeland",
"054":"Melanesien",
"057":"Mikronesiska öarna",
"061":"Polynesien",
"062":"södra Centralasien",
"142":"Asien",
"143":"Centralasien",
"145":"Västasien",
"150":"Europa",
"151":"Östeuropa",
"154":"Nordeuropa",
"155":"Västeuropa",
"172":"Oberoende staters samvälde",
"419":"Latinamerika",
"830":"Kanalöarna",
"AC":"Ascension",
"AD":"Andorra",
"AE":"Förenade Arabemiraten",
"AF":"Afghanistan",
"AG":"Antigua och Barbuda",
"AI":"Anguilla",
"AL":"Albanien",
"AM":"Armenien",
"AN":"Nederländska Antillerna",
"AO":"Angola",
"AQ":"Antarktis",
"AR":"Argentina",
"AS":"Amerikanska Samoa",
"AT":"Österrike",
"AU":"Australien",
"AW":"Aruba",
"AX":"Åland",
"AZ":"Azerbajdzjan",
"BA":"Bosnien och Hercegovina",
"BB":"Barbados",
"BD":"Bangladesh",
"BE":"Belgien",
"BF":"Burkina Faso",
"BG":"Bulgarien",
"BH":"Bahrain",
"BI":"Burundi",
"BJ":"Benin",
"BL":"S:t Barthélemy",
"BM":"Bermuda",
"BN":"Brunei",
"BO":"Bolivia",
"BR":"Brasilien",
"BS":"Bahamas",
"BT":"Bhutan",
"BV":"Bouvetön",
"BW":"Botswana",
"BY":"Vitryssland",
"BZ":"Belize",
"CA":"Kanada",
"CC":"Kokosöarna",
"CD":"Kongo-Kinshasa",
"CF":"Centralafrikanska republiken",
"CG":"Kongo-Brazzaville",
"CH":"Schweiz",
"CI":"Elfenbenskusten",
"CK":"Cooköarna",
"CL":"Chile",
"CM":"Kamerun",
"CN":"Kina",
"CO":"Colombia",
"CP":"Clippertonön",
"CR":"Costa Rica",
"CS":"Serbien och Montenegro",
"CU":"Kuba",
"CV":"Kap Verde",
"CX":"Julön",
"CY":"Cypern",
"CZ":"Tjeckien",
"DE":"Tyskland",
"DG":"Diego Garcia",
"DJ":"Djibouti",
"DK":"Danmark",
"DM":"Dominica",
"DO":"Dominikanska republiken",
"DZ":"Algeriet",
"EA":"Ceuta och Melilla",
"EC":"Ecuador",
"EE":"Estland",
"EG":"Egypten",
"EH":"Västsahara",
"ER":"Eritrea",
"ES":"Spanien",
"ET":"Etiopien",
"EU":"Europeiska unionen",
"FI":"Finland",
"FJ":"Fiji",
"FK":"Falklandsöarna",
"FM":"Mikronesien",
"FO":"Färöarna",
"FR":"Frankrike",
"FX":"Europeiska Frankrike",
"GA":"Gabon",
"GB":"Storbritannien",
"GD":"Grenada",
"GE":"Georgien",
"GF":"Franska Guyana",
"GG":"Guernsey",
"GH":"Ghana",
"GI":"Gibraltar",
"GL":"Grönland",
"GM":"Gambia",
"GN":"Guinea",
"GP":"Guadeloupe",
"GQ":"Ekvatorialguinea",
"GR":"Grekland",
"GS":"Sydgeorgien och Sydsandwichöarna",
"GT":"Guatemala",
"GU":"Guam",
"GW":"Guinea-Bissau",
"GY":"Guyana",
"HK":"Hongkong (S.A.R. Kina)",
"HM":"Heard- och McDonaldöarna",
"HN":"Honduras",
"HR":"Kroatien",
"HT":"Haiti",
"HU":"Ungern",
"IC":"Kanarieöarna",
"ID":"Indonesien",
"IE":"Irland",
"IL":"Israel",
"IM":"Isle of Man",
"IN":"Indien",
"IO":"Brittiska Indiska oceanöarna",
"IQ":"Irak",
"IR":"Iran",
"IS":"Island",
"IT":"Italien",
"JE":"Jersey",
"JM":"Jamaica",
"JO":"Jordanien",
"JP":"Japan",
"KE":"Kenya",
"KG":"Kirgizistan",
"KH":"Kambodja",
"KI":"Kiribati",
"KM":"Komorerna",
"KN":"S:t Kitts och Nevis",
"KP":"Nordkorea",
"KR":"Sydkorea",
"KW":"Kuwait",
"KY":"Caymanöarna",
"KZ":"Kazakstan",
"LA":"Laos",
"LB":"Libanon",
"LC":"S:t Lucia",
"LI":"Liechtenstein",
"LK":"Sri Lanka",
"LR":"Liberia",
"LS":"Lesotho",
"LT":"Litauen",
"LU":"Luxemburg",
"LV":"Lettland",
"LY":"Libyen",
"MA":"Marocko",
"MC":"Monaco",
"MD":"Moldavien",
"ME":"Montenegro",
"MF":"S:t Martin",
"MG":"Madagaskar",
"MH":"Marshallöarna",
"MK":"Makedonien",
"ML":"Mali",
"MM":"Myanmar",
"MN":"Mongoliet",
"MO":"Macao (S.A.R. Kina)",
"MP":"Nordmarianerna",
"MQ":"Martinique",
"MR":"Mauretanien",
"MS":"Montserrat",
"MT":"Malta",
"MU":"Mauritius",
"MV":"Maldiverna",
"MW":"Malawi",
"MX":"Mexiko",
"MY":"Malaysia",
"MZ":"Moçambique",
"NA":"Namibia",
"NC":"Nya Kaledonien",
"NE":"Niger",
"NF":"Norfolkön",
"NG":"Nigeria",
"NI":"Nicaragua",
"NL":"Nederländerna",
"NO":"Norge",
"NP":"Nepal",
"NR":"Nauru",
"NU":"Niue",
"NZ":"Nya Zeeland",
"OM":"Oman",
"PA":"Panama",
"PE":"Peru",
"PF":"Franska Polynesien",
"PG":"Papua Nya Guinea",
"PH":"Filippinerna",
"PK":"Pakistan",
"PL":"Polen",
"PM":"S:t Pierre och Miquelon",
"PN":"Pitcairn",
"PR":"Puerto Rico",
"PS":"Palestinska territoriet",
"PT":"Portugal",
"PW":"Palau",
"PY":"Paraguay",
"QA":"Qatar",
"QO":"Yttre öar i Oceanien",
"RE":"Réunion",
"RO":"Rumänien",
"RS":"Serbien",
"RU":"Ryssland",
"RW":"Rwanda",
"SA":"Saudiarabien",
"SB":"Salomonöarna",
"SC":"Seychellerna",
"SD":"Sudan",
"SE":"Sverige",
"SG":"Singapore",
"SH":"S:t Helena",
"SI":"Slovenien",
"SJ":"Svalbard och Jan Mayen",
"SK":"Slovakien",
"SL":"Sierra Leone",
"SM":"San Marino",
"SN":"Senegal",
"SO":"Somalia",
"SR":"Surinam",
"ST":"São Tomé och Príncipe",
"SV":"El Salvador",
"SY":"Syrien",
"SZ":"Swaziland",
"TA":"Tristan da Cunha",
"TC":"Turks- och Caicosöarna",
"TD":"Tchad",
"TF":"Franska Sydterritorierna",
"TG":"Togo",
"TH":"Thailand",
"TJ":"Tadzjikistan",
"TK":"Tokelau",
"TL":"Östtimor",
"TM":"Turkmenistan",
"TN":"Tunisien",
"TO":"Tonga",
"TR":"Turkiet",
"TT":"Trinidad och Tobago",
"TV":"Tuvalu",
"TW":"Taiwan",
"TZ":"Tanzania",
"UA":"Ukraina",
"UG":"Uganda",
"UM":"USA:s yttre öar",
"US":"USA",
"UY":"Uruguay",
"UZ":"Uzbekistan",
"VA":"Vatikanstaten",
"VC":"S:t Vincent och Grenadinerna",
"VE":"Venezuela",
"VG":"Brittiska Jungfruöarna",
"VI":"Amerikanska Jungfruöarna",
"VN":"Vietnam",
"VU":"Vanuatu",
"WF":"Wallis- och Futunaöarna",
"WS":"Samoa",
"YE":"Jemen",
"YT":"Mayotte",
"ZA":"Sydafrika",
"ZM":"Zambia",
"ZW":"Zimbabwe",
"ZZ":"okänd eller ogiltig regionkod"
},
"orientation":"left-to-right",
"dateFormat-full":"EEEE'en' 'den' d:'e' MMMM y",
"dateFormat-long":"d MMMM y",
"dateFormat-medium":"d MMM y",
"dateFormat-short":"yyyy-MM-dd",
"timeFormat-full":"'kl'. HH:mm:ss zzzz",
"timeFormat-long":"HH:mm:ss z",
"timeFormat-medium":"HH:mm:ss",
"timeFormat-short":"HH:mm",
"dateTimeFormat-full":"{1} {0}",
"dateTimeFormat-long":"{1} {0}",
"dateTimeFormat-medium":"{1} {0}",
"dateTimeFormat-short":"{1} {0}",
"months-defaultContext":"format",
"months-defaultWidth":"wide",
"months-format-abbreviated":[
"jan",
"feb",
"mar",
"apr",
"maj",
"jun",
"jul",
"aug",
"sep",
"okt",
"nov",
"dec"],
"months-format-narrow":[
"J",
"F",
"M",
"A",
"M",
"J",
"J",
"A",
"S",
"O",
"N",
"D"],
"months-format-wide":[
"januari",
"februari",
"mars",
"april",
"maj",
"juni",
"juli",
"augusti",
"september",
"oktober",
"november",
"december"],
"months-standAlone-abbreviated":[
"jan",
"feb",
"mar",
"apr",
"maj",
"jun",
"jul",
"aug",
"sep",
"okt",
"nov",
"dec"],
"months-standAlone-narrow":[
"J",
"F",
"M",
"A",
"M",
"J",
"J",
"A",
"S",
"O",
"N",
"D"],
"months-standAlone-wide":[
"januari",
"februari",
"mars",
"april",
"maj",
"juni",
"juli",
"augusti",
"september",
"oktober",
"november",
"december"],
"days-defaultContext":"format",
"days-defaultWidth":"wide",
"days-format-abbreviated":[
"sön",
"mån",
"tis",
"ons",
"tors",
"fre",
"lör"],
"days-format-narrow":[
"S",
"M",
"T",
"O",
"T",
"F",
"L"],
"days-format-wide":[
"söndag",
"måndag",
"tisdag",
"onsdag",
"torsdag",
"fredag",
"lördag"],
"days-standAlone-abbreviated":[
"sön",
"mån",
"tis",
"ons",
"tor",
"fre",
"lör"],
"days-standAlone-narrow":[
"S",
"M",
"T",
"O",
"T",
"F",
"L"],
"days-standAlone-wide":[
"söndag",
"måndag",
"tisdag",
"onsdag",
"torsdag",
"fredag",
"lördag"],
"quarters-format-abbreviated":[
"K1",
"K2",
"K3",
"K4"],
"quarters-format-narrow":[
"1",
"2",
"3",
"4"],
"quarters-format-wide":[
"1:a kvartalet",
"2:a kvartalet",
"3:e kvartalet",
"4:e kvartalet"],
"quarters-standAlone-abbreviated":[
"K1",
"K2",
"K3",
"K4"],
"quarters-standAlone-narrow":[
"1",
"2",
"3",
"4"],
"quarters-standAlone-wide":[
"1:a kvartalet",
"2:a kvartalet",
"3:e kvartalet",
"4:e kvartalet"],
"dayPeriods-format-abbreviated":[
"FM",
"EM"],
"dayPeriods-format-narrow":[
"f",
"e"],
"dayPeriods-format-wide":[
"fm",
"em"],
"dayPeriods-standAlone-abbreviated":[
"fm",
"em"],
"dayPeriods-standAlone-narrow":[
"f.m.",
"e.m."],
"dayPeriods-standAlone-wide":[
"förmiddag",
"eftermiddag"],
"decimalFormat":{
"standard":"#,##0.###"},
"decimalFormat-short":{
"1000":"0",
"10000":"0",
"100000":"0",
"1000000":"0",
"10000000":"0",
"100000000":"0",
"1000000000":"0",
"10000000000":"0",
"100000000000":"0",
"1000000000000":"0",
"10000000000000":"0",
"100000000000000":"0"},
"scientificFormat":{
"standard":"#E0"},
"percentFormat":{
"standard":"#,##0 %"},
"currencyFormat":{
"standard":"#,##0.00 ¤"},
"symbols-latn-decimal":",",
"symbols-latn-group":" ",
"symbols-latn-list":";",
"symbols-latn-percentSign":"%",
"symbols-latn-plusSign":"+",
"symbols-latn-minusSign":"−",
"symbols-latn-exponential":"×10^",
"symbols-latn-perMille":"‰",
"symbols-latn-infinity":"∞",
"symbols-latn-nan":"¤¤¤",
"weekData-minDays":4,
"weekData-firstDay":1,
"weekData-weekendStart":6,
"weekData-weekendEnd":0
}