{
"languages":{
"aa":"อะฟาร์",
"ab":"อับคาซ",
"ace":"อาเจะห์",
"ach":"อาโคลิ",
"ada":"อาแดงมี",
"ady":"อะดืยเก",
"ae":"อเวสตะ",
"af":"แอฟริกานส์",
"afa":"ภาษาแอฟโร-เอเชียติก",
"afh":"แอฟริฮีลี",
"ain":"ไอนุ",
"ak":"อาคัน",
"akk":"อักกาด",
"ale":"อาลิวต์",
"alg":"ภาษาอัลกองเควียน",
"alt":"อัลไตใต้",
"am":"อัมฮารา",
"an":"อารากอน",
"ang":"อังกฤษโบราณ",
"anp":"อังคิกา",
"apa":"ภาษาอาปาเช่",
"ar":"อาหรับ",
"arc":"อราเมอิก",
"arn":"อาเราคาเนียน",
"arp":"อาราปาโฮ",
"art":"ภาษาประดิษฐ์",
"arw":"อาราวัก",
"as":"อัสสัม",
"ast":"อัสตูเรียส",
"ath":"ภาษาอาทาพาสกาน",
"aus":"ภาษาออสเตรเลีย",
"av":"อาวาร์",
"awa":"อวธี",
"ay":"ไอย์มารา",
"az":"อาเซอร์ไบจาน",
"ba":"บัชคีร์",
"bad":"บันดา",
"bai":"ภาษาบามีเลก์",
"bal":"บาลูชิ",
"ban":"บาหลี",
"bas":"บาสา",
"bat":"ภาษาบอลติก",
"be":"เบลารุส",
"bej":"เบจา",
"bem":"เบมบา",
"ber":"เบอร์เบอร์",
"bg":"บัลแกเรีย",
"bh":"พิหาร",
"bho":"โภชปุรี",
"bi":"บิสลามา",
"bik":"บิกอล",
"bin":"บินี",
"bla":"สิกสิกา",
"bm":"บัมบารา",
"bn":"เบงกาลี",
"bnt":"บันตู",
"bo":"ทิเบต",
"br":"เบรตัน",
"bra":"พัรช",
"bs":"บอสเนีย",
"btk":"บาตัก",
"bua":"บูเรียต",
"bug":"บูกิส",
"byn":"บลิน",
"ca":"กาตาลัง",
"cad":"คัดโด",
"cai":"ภาษาอเมริกันอินเดียนกลาง",
"car":"คาริบ",
"cau":"ภาษาคอเคเซียน",
"cch":"แอตแซม",
"ce":"เชเชน",
"ceb":"เซบู",
"cel":"ภาษาเซลติก",
"ch":"ชามอร์โร",
"chb":"ชิบชา",
"chg":"ชะกะไต",
"chk":"ชูก",
"chm":"มารี",
"chn":"ชินุกจาร์กอน",
"cho":"ช็อกทอว์",
"chp":"ชิพิวยัน",
"chr":"เชอโรกี",
"chy":"เชเยนเน",
"cmc":"ภาษาชามิก",
"co":"คอร์ซิกา",
"cop":"คอปติก",
"cpe":"ครีโอลหรือพิดจิ้นที่มาจากภาษาอังกฤษ",
"cpf":"ครีโอลหรือพิดจิ้นที่มาจากภาษาฝรั่งเศส",
"cpp":"ครีโอลหรือพิดจิ้นที่มาจากภาษาโปรตุเกส",
"cr":"ครี",
"crh":"ตุรกีไครเมีย",
"crp":"ครีโอลหรือพิดจิ้น",
"cs":"เช็ก",
"csb":"คาซูเบียน",
"cu":"เชอร์ชสลาวิก",
"cus":"ภาษาคูชิทิก",
"cv":"ชูวัช",
"cy":"เวลส์",
"da":"เดนมาร์ก",
"dak":"ดาโกทา",
"dar":"ดาร์กิน",
"day":"ดายัก",
"de":"เยอรมัน",
"de_AT":"เยอรมัน - ออสเตรีย",
"de_CH":"เยอรมันสูง (สวิส)",
"del":"เดลาแวร์",
"den":"สเลวี",
"dgr":"โดกริบ",
"din":"ดิงกา",
"doi":"โฑครี",
"dra":"ภาษาดราวิเดียน",
"dsb":"ซอร์บส์ตอนล่าง",
"dua":"ดัวลา",
"dum":"ดัตช์กลาง",
"dv":"ธิเวหิ",
"dyu":"ดิวลา",
"dz":"ซองคา",
"ee":"เอเว",
"efi":"อีฟิก",
"egy":"อียิปต์โบราณ",
"eka":"อีกาจุก",
"el":"กรีก",
"elx":"อีลาไมต์",
"en":"อังกฤษ",
"en_AU":"อังกฤษ - ออสเตรเลีย",
"en_CA":"อังกฤษ - แคนาดา",
"en_GB":"อังกฤษ - สหราชอาณาจักร",
"en_US":"อังกฤษ - อเมริกัน",
"enm":"อังกฤษกลาง",
"eo":"เอสเปอรันโต",
"es":"สเปน",
"es_419":"สเปน (ละตินอเมริกา)",
"es_ES":"สเปน (ไอบีเรีย)",
"et":"เอสโตเนีย",
"eu":"บัสเก",
"ewo":"อีวันโด",
"fa":"เปอร์เซีย",
"fan":"ฟอง",
"fat":"ฟันติ",
"ff":"ฟูลาฮ์",
"fi":"ฟินแลนด์",
"fil":"ฟิลิปปินส์",
"fiu":"ภาษาฟินโน-อูกริก",
"fj":"ฟิจิ",
"fo":"แฟโร",
"fon":"ฟอน",
"fr":"ฝรั่งเศส",
"fr_CH":"ฝรั่งเศส (สวิส)",
"frm":"ฝรั่งเศสกลาง",
"fro":"ฝรั่งเศสโบราณ",
"frr":"ฟริเซียนเหนือ",
"frs":"ฟริเซียนตะวันออก",
"fur":"ฟรูลี",
"fy":"ฟริเซียนตะวันตก",
"ga":"ไอริช",
"gaa":"กา",
"gay":"กาโย",
"gba":"กบายา",
"gd":"สกอตส์กาลิก",
"gem":"ภาษาเจอร์เมนิก",
"gez":"กีซ",
"gil":"กิลเบอร์ต",
"gl":"กาลิเซีย",
"gmh":"เยอรมันสูงกลาง",
"gn":"กวารานี",
"goh":"เยอรมันสูงโบราณ",
"gon":"กอนดิ",
"gor":"กอรอนทาโล",
"got":"โกธิก",
"grb":"เกรโบ",
"grc":"กรีกโบราณ",
"gsw":"เยอรมันสวิส",
"gu":"คุชราต",
"gv":"มานซ์",
"gwi":"กวิชอิน",
"ha":"เฮาชา",
"hai":"ไฮดา",
"haw":"ฮาวาย",
"he":"ฮิบรู",
"hi":"ฮินดี",
"hil":"ฮีลีกัยนน",
"him":"หิมาจัล",
"hit":"ฮิตไตต์",
"hmn":"ม้ง",
"ho":"ฮีรีโมตู",
"hr":"โครเอเชีย",
"hsb":"ซอร์บส์ตอนบน",
"ht":"เฮติ",
"hu":"ฮังการี",
"hup":"ฮูปา",
"hy":"อาร์เมเนีย",
"hz":"เฮเรโร",
"ia":"อินเตอร์ลิงกัว",
"iba":"อิบาน",
"id":"อินโดนีเชีย",
"ie":"อินเตอร์ลิงกิว",
"ig":"อิกโบ",
"ii":"เสฉวนยิ",
"ijo":"อิโจ",
"ik":"อีนูเปียก",
"ilo":"อีโลโก",
"inc":"ภาษาอินดิก",
"ine":"ภาษาอินโด-ยุโรป",
"inh":"อินกุช",
"io":"อีโด",
"ira":"ภาษาอิหร่าน",
"iro":"ภาษาอีโรกัวส์",
"is":"ไอซ์แลนด์",
"it":"อิตาลี",
"iu":"อินุกติตุต",
"ja":"ญี่ปุ่น",
"jbo":"โลชบัน",
"jpr":"ยิว-เปอร์เซีย",
"jrb":"ยิว-อาหรับ",
"jv":"ชวา",
"ka":"จอร์เจีย",
"kaa":"การา-กาลพาก",
"kab":"กาไบล",
"kac":"กะฉิ่น",
"kaj":"คจู",
"kam":"คัมบา",
"kar":"กะเหรี่ยง",
"kaw":"กวี",
"kbd":"คาร์บาเดีย",
"kcg":"ทีแยป",
"kfo":"โคโร",
"kg":"คองโก",
"kha":"กาสี",
"khi":"ภาษาคอยซาน",
"kho":"โคตัน",
"ki":"กีกูยู",
"kj":"กวนยามา",
"kk":"คาซัค",
"kl":"กรีนแลนด์",
"km":"เขมร",
"kmb":"คิมบุนดู",
"kn":"กันนาดา",
"ko":"เกาหลี",
"kok":"กอนกานี",
"kos":"คูสไร",
"kpe":"กาแปล",
"kr":"คานูรี",
"krc":"คาราไช-บัลคาร์",
"krl":"แกรเลียน",
"kro":"ครู",
"kru":"กุรุข",
"ks":"กัศมีร์",
"ku":"เคิร์ด",
"kum":"คูมืยค์",
"kut":"คูเทไน",
"kv":"โกมิ",
"kw":"คอร์นิช",
"ky":"คีร์กีซ",
"la":"ละติน",
"lad":"ลาดิโน",
"lah":"ลาฮ์นดา",
"lam":"แลมบา",
"lb":"ลักเซมเบิร์ก",
"lez":"เลซเกียน",
"lg":"ยูกันดา",
"li":"ลิมเบิร์ก",
"ln":"ลิงกาลา",
"lo":"ลาว",
"lol":"มองโก",
"loz":"โลซิ",
"lt":"ลิทัวเนีย",
"lu":"ลูบา-กาตองกา",
"lua":"ลูบา-ลูลัว",
"lui":"ลุยเซโน",
"lun":"ลันดา",
"luo":"ลัว",
"lus":"ลูไช",
"lv":"ลัตเวีย",
"mad":"มาดูรา",
"mag":"มคหี",
"mai":"ไมถิลี",
"mak":"มากาซาร์",
"man":"มันดิงกา",
"map":"ออสโตรนีเซียน",
"mas":"มาไซ",
"mdf":"มอคชา",
"mdr":"มานดาร์",
"men":"เมนเด",
"mg":"มาลากาซี",
"mga":"ไอริชกลาง",
"mh":"มาร์แชลลิส",
"mi":"เมารี",
"mic":"มิกแมก",
"min":"มีนังกาเบา",
"mis":"ภาษาอื่นๆ",
"mk":"มาซิโดเนีย",
"mkh":"ภาษามอญ-เขมร",
"ml":"มาลายาลัม",
"mn":"มองโกเลีย",
"mnc":"แมนจู",
"mni":"มณีปุระ",
"mno":"ภาษามาโนโบ",
"mo":"มอลโดวา",
"moh":"โมฮอว์ก",
"mos":"โมซี",
"mr":"มราฐี",
"ms":"มาเลย์",
"mt":"มอลตา",
"mul":"หลายภาษา",
"mun":"ภาษามันดา",
"mus":"ครีก",
"mwl":"มีรันดา",
"mwr":"มารวาฑี",
"my":"พม่า",
"myn":"ภาษามายา",
"myv":"เอียร์ซยา",
"na":"นาอูรู",
"nah":"นาฮัว",
"nai":"ภาษาอินเดียอเมริกาเหนือ",
"nap":"นาโปลี",
"nb":"นอร์เวย์บุคมอล",
"nd":"เอ็นเดเบเลเหนือ",
"nds":"เยอรมันต่ำ - แซกซอนต่ำ",
"ne":"เนปาล",
"new":"เนวาร์",
"ng":"ดองกา",
"nia":"นีอัส",
"nic":"ภาษาไนเจอร์-คอร์โดฟาเนียน",
"niu":"นีอู",
"nl":"ดัตช์",
"nl_BE":"เฟลมิช",
"nn":"นอร์เวย์นีนอสก์",
"no":"นอร์เวย์",
"nog":"โนไก",
"non":"นอร์สโบราณ",
"nqo":"เอ็นโก",
"nr":"เอ็นเดเบเลใต้",
"nso":"โซโทเหนือ",
"nub":"ภาษานูเบียน",
"nv":"นาวาโฮ",
"nwc":"เนวาร์ดั้งเดิม",
"ny":"เนียนจา",
"nym":"เนียมเวซี",
"nyn":"เนียนโกเล",
"nyo":"นิโอโร",
"nzi":"นซิมา",
"oc":"อ็อกซิตัน",
"oj":"โอจิบวา",
"om":"โอโรโม",
"or":"โอริยา",
"os":"ออสเซเตีย",
"osa":"โอซากี",
"ota":"ตุรกีออตโตมัน",
"oto":"ภาษาโอโตมี",
"pa":"ปัญจาบ",
"paa":"ภาษาปาปัว",
"pag":"ปางาซีนัน",
"pal":"ปะห์ลาวี",
"pam":"ปัมปางา",
"pap":"ปาเปียเมนโต",
"pau":"ปาเลา",
"peo":"เปอร์เซียโบราณ",
"phi":"ภาษาฟิลิปปิน",
"phn":"ฟินิเชีย",
"pi":"บาลี",
"pl":"โปแลนด์",
"pon":"พอห์นเพ",
"pra":"ภาษาปรากฤต",
"pro":"โปรวองซาลโบราณ",
"ps":"พาชตู",
"pt":"โปรตุเกส",
"pt_BR":"โปรตุเกส - บราซิล",
"pt_PT":"โปรตุเกส - ไอบีเรีย",
"qu":"ควิชัว",
"raj":"ราชสถาน",
"rap":"ราปานู",
"rar":"ราโรทองกา",
"rm":"เรโต-โรแมนซ์",
"rn":"บุรุนดี",
"ro":"โรมาเนีย",
"roa":"ภาษาโรมานซ์",
"rom":"โรมานี",
"root":"รูท",
"ru":"รัสเซีย",
"rup":"อาโรมาเนียน",
"rw":"รวันดา",
"sa":"สันสกฤต",
"sad":"ซันดาเว",
"sah":"ยาคุต",
"sai":"ภาษาอเมริกันอินเดียนใต้",
"sal":"ภาษาชาลิช",
"sam":"อราเมอิกซามาเรีย",
"sas":"ซาซัก",
"sat":"สันตาลี",
"sc":"ซาร์เดญา",
"scn":"ซิซิลี",
"sco":"สกอตส์",
"sd":"สินธุ",
"se":"ซามิเหนือ",
"sel":"เซลคุป",
"sem":"ภาษาเซมิติก",
"sg":"แซงโก",
"sga":"ไอริชโบราณ",
"sgn":"ภาษาสัญญาณ",
"sh":"เซอร์โบ-โครเอเชีย",
"shn":"ไทใหญ่",
"si":"สิงหล",
"sid":"ซิดาโม",
"sio":"ภาษาซิอวน",
"sit":"ภาษาซิโน-ทิเบต",
"sk":"สโลวัก",
"sl":"สโลวีเนีย",
"sla":"ภาษาสลาวิก",
"sm":"ซามัว",
"sma":"ซามิใต้",
"smi":"ภาษาซามิ",
"smj":"ซามิลูเล",
"smn":"ซามิอีนารี",
"sms":"ซามิสคอลต์",
"sn":"โชนา",
"snk":"โซนีนเก",
"so":"โซมาลี",
"sog":"ซอกดีน",
"son":"ซองไฮ",
"sq":"แอลเบเนีย",
"sr":"เซอร์เบีย",
"srn":"ซูรินาเม",
"srr":"เซแรร์",
"ss":"สวาติ",
"ssa":"ภาษานิโล-ซาฮารัน",
"st":"โซโทใต้",
"su":"ซุนดา",
"suk":"ซูคูมา",
"sus":"ซูซู",
"sux":"ซูเมอ",
"sv":"สวีเดน",
"sw":"สวาฮีลี",
"swb":"โคเมอเรียน",
"syc":"ซีเรียแบบดั้งเดิม",
"syr":"ซีเรีย",
"ta":"ทมิฬ",
"tai":"ภาษาไท",
"te":"เตลูกู",
"tem":"ทิมเน",
"ter":"เทเรโน",
"tet":"เตตุม",
"tg":"ทาจิก",
"th":"ไทย",
"ti":"ติกริญญา",
"tig":"ตีเกร",
"tiv":"ทิฟ",
"tk":"เติร์กเมนิสถาน",
"tkl":"โตเกเลา",
"tl":"ตากาล็อก",
"tlh":"คลิงกอน",
"tli":"ทลิงกิต",
"tmh":"ทามาเชก",
"tn":"บอตสวานา",
"to":"ตองกา",
"tog":"ไนอะซาตองกา",
"tpi":"ท็อกพิซิน",
"tr":"ตุรกี",
"ts":"ซิิตซองกา",
"tsi":"ซิมชีแอน",
"tt":"ตาตาร์",
"tum":"ทุมบูกา",
"tup":"ภาษาตูปี",
"tut":"ภาษาอัลตาอิก",
"tvl":"ตูวาลู",
"tw":"ทวิ",
"ty":"ตาฮิตี",
"tyv":"ตูวา",
"udm":"อุดมูร์ต",
"ug":"อุยกัว",
"uga":"ยูการิต",
"uk":"ยูเครน",
"umb":"อุมบุนดู",
"und":"ไม่มีข้อมูล",
"ur":"อูรดู",
"uz":"อุซเบก",
"vai":"ไว",
"ve":"เวนดา",
"vi":"เวียดนาม",
"vo":"โวลาพึค",
"vot":"โวทิก",
"wa":"วาโลนี",
"wak":"ภาษาวากาชาน",
"wal":"วาลาโม",
"war":"วาเรย์",
"was":"วาโช",
"wen":"ภาษาซอร์บส์",
"wo":"โวลอฟ",
"xal":"คัลมืยค์",
"xh":"คะห์โอซา",
"yao":"เย้า",
"yap":"ยัป",
"yi":"ยิว",
"yo":"โยรูบา",
"ypk":"ภาษาอูย์ปิค",
"yue":"กวางตุ้ง",
"za":"จ้วง",
"zap":"ซาโปเตก",
"zbl":"บลิสซิมโบลส์",
"zen":"เซนากา",
"zh":"จีน",
"zh_Hans":"จีนประยุกต์",
"zh_Hant":"จีนดั้งเดิม",
"znd":"ซันเด",
"zu":"ซูลู",
"zun":"ซูนิ",
"zxx":"ไม่มีข้อมูลภาษา",
"zza":"ซาซา"
},
"scripts":{
"Arab":"อาหรับ",
"Armi":"อิมพีเรียล อราเมอิก",
"Armn":"อาร์เมเนีย",
"Avst":"อเวสตะ",
"Bali":"บาหลี",
"Batk":"บาตัก",
"Beng":"เบงกาลี",
"Blis":"บลิสซิมโบลส์",
"Bopo":"ปอพอมอฟอ",
"Brah":"พราหมี",
"Brai":"เบรลล์",
"Bugi":"บูกิส",
"Buhd":"บูฮิด",
"Cakm":"ชากมา",
"Cans":"สัญลักษณ์ชนเผ่าพื้นเมืองแคนาดา",
"Cari":"คาเรีย",
"Cham":"จาม",
"Cher":"เชอโรกี",
"Cirt":"เซิร์ท",
"Copt":"คอปติก",
"Cprt":"ไซเปรียท",
"Cyrl":"ซีริลลิก",
"Cyrs":"เชอร์ชสลาโวนิกซีริลลิกโบราณ",
"Deva":"เทวนาครี",
"Dsrt":"เดเซเรท",
"Egyd":"ดีโมติกอียิปต์",
"Egyh":"เฮียราติกอียิปต์",
"Egyp":"เฮียโรกลิฟส์อียิปต์",
"Ethi":"เอทิโอปิก",
"Geok":"คัตซูรีจอร์เจีย",
"Geor":"จอร์เจีย",
"Glag":"กลาโกลิติก",
"Goth":"โกธิก",
"Grek":"กรีก",
"Gujr":"คุชราต",
"Guru":"กูร์มูคี",
"Hang":"ฮันกูล",
"Hani":"ฮั่น",
"Hano":"ฮานูโนโอ",
"Hans":"ฮั่นประยุกต์",
"Hant":"ฮั่นดั้งเดิม",
"Hebr":"ฮีบรู",
"Hira":"ฮิระงะนะ",
"Hmng":"ปาเฮาห์ม้ง",
"Hrkt":"คะตะกะนะหรือฮิระงะนะ",
"Hung":"ฮังการีโบราณ",
"Inds":"อินดัส",
"Ital":"อิตาลีโบราณ",
"Java":"ชวา",
"Jpan":"ญี่ปุ่น",
"Kali":"คยาห์",
"Kana":"คะตะกะนะ",
"Khar":"ขโรษฐี",
"Khmr":"เขมร",
"Knda":"กันนาดา",
"Kore":"เกาหลี",
"Kthi":"กายติ",
"Lana":"ล้านนา",
"Laoo":"ลาว",
"Latf":"ลาติน - ฟรังเตอร์",
"Latg":"ลาติน - แกลิก",
"Latn":"ลาติน",
"Lepc":"เลปชา",
"Limb":"ลิมบู",
"Lina":"ลีเนียร์เอ",
"Linb":"ลีเนียร์บี",
"Lyci":"ไลเซีย",
"Lydi":"ลีเดีย",
"Mand":"แมนเดียน",
"Mani":"มานิแชน",
"Maya":"มายาไฮโรกลิฟส์",
"Mero":"เมโรติก",
"Mlym":"มาลายาลัม",
"Mong":"มองโกเลีย",
"Moon":"มูน",
"Mtei":"เมเทมาเยก",
"Mymr":"พม่า",
"Nkoo":"เอ็นโก",
"Ogam":"โอคัม",
"Olck":"โอลชิกิ",
"Orkh":"ออร์คอน",
"Orya":"โอริยา",
"Osma":"ออสมันยา",
"Perm":"เปอร์มิกโบราณ",
"Phag":"ฟากส์-ปา",
"Phli":"ปะห์ลาวีอินสคริปชันแนล",
"Phlp":"ปะห์ลาวีซอลเตอร์",
"Phlv":"ปะห์ลาวีบุ๊ก",
"Phnx":"ฟินิเชีย",
"Plrd":"สัทศาสตร์พอลลาร์ด",
"Prti":"พาร์เทียอินสคริปชันแนล",
"Rjng":"เรจัง",
"Roro":"รองโกรองโก",
"Runr":"รูนิก",
"Samr":"ซามาเรีย",
"Sara":"ซาราติ",
"Saur":"โสวรัสตระ",
"Sgnw":"ไซน์ไรติ้ง",
"Shaw":"ซอเวียน",
"Sinh":"สิงหล",
"Sund":"ซุนดา",
"Sylo":"ซิโลตินากรี",
"Syrc":"ซีเรีย",
"Syre":"ซีเรียเอสทรานจีโล",
"Syrj":"ซีเรียตะวันตก",
"Syrn":"ซีเรียตะวันออก",
"Tagb":"ตักบันวา",
"Tale":"ไทเล",
"Talu":"ไทลื้อใหม่",
"Taml":"ทมิฬ",
"Tavt":"ไทเวียต",
"Telu":"เทลูกู",
"Teng":"เทงกวาร์",
"Tfng":"ทิฟินาก",
"Tglg":"ตากาล็อก",
"Thaa":"ทานา",
"Thai":"ไทย",
"Tibt":"ทิเบต",
"Ugar":"ยูการิต",
"Vaii":"ไว",
"Visp":"คำพูดที่มองเห็นได้",
"Xpeo":"เปอร์เซียโบราณ",
"Xsux":"อักษรรูปลิ่มสุเมเรีย-อัคคาเดีย",
"Yiii":"ยิ",
"Zinh":"อินเฮอริต",
"Zmth":"เครื่องหมายทางคณิตศาสตร์",
"Zsym":"ซิมโบลส์",
"Zxxx":"ไม่มีภาษาเขียน",
"Zyyy":"สามัญ",
"Zzzz":"ไม่ทราบภาษา"
},
"territories":{
"001":"โลก",
"002":"แอฟริกา",
"003":"อเมริกาเหนือ",
"005":"อเมริกาใต้",
"009":"โอเชียเนีย",
"011":"แอฟริกาตะวันตก",
"013":"อเมริกากลาง",
"014":"แอฟริกาตะวันออก",
"015":"แอฟริกาเหนือ",
"017":"แอฟริกากลาง",
"018":"แอฟริกาใต้ [018]",
"019":"อเมริกา",
"021":"อเมริกาตอนเหนือ",
"029":"แคริบเบียน",
"030":"เอเชียตะวันออก",
"034":"เอเชียใต้",
"035":"เอเชียตะวันออกเฉียงใต้",
"039":"ยุโรปใต้",
"053":"ออสเตรเลียและนิวซีแลนด์",
"054":"เมลานีเซีย",
"057":"เขตไมโครนีเซีย",
"061":"โปลินีเซีย",
"062":"เอเชียกลางตอนใต้",
"142":"เอเชีย",
"143":"เอเชียกลาง",
"145":"เอเชียตะวันตก",
"150":"ยุโรป",
"151":"ยุโรปตะวันออก",
"154":"ยุโรปเหนือ",
"155":"ยุโรปตะวันตก",
"172":"เครือรัฐอิสระ",
"419":"ละตินอเมริกาและแคริบเบียน",
"830":"หมู่เกาะแชนเนล",
"AC":"เกาะแอสเซนชัน",
"AD":"อันดอร์รา",
"AE":"สหรัฐอาหรับเอมิเรตส์",
"AF":"อัฟกานิสถาน",
"AG":"แอนติกาและบาร์บูดา",
"AI":"แองกวิลลา",
"AL":"แอลเบเนีย",
"AM":"อาร์เมเนีย",
"AN":"เนเธอร์แลนด์แอนทิลลิส",
"AO":"แองโกลา",
"AQ":"แอนตาร์กติกา",
"AR":"อาร์เจนตินา",
"AS":"อเมริกันซามัว",
"AT":"ออสเตรีย",
"AU":"ออสเตรเลีย",
"AW":"อารูบา",
"AX":"หมู่เกาะโอลันด์",
"AZ":"อาเซอร์ไบจาน",
"BA":"บอสเนียและเฮอร์เซโกวีนา",
"BB":"บาร์เบโดส",
"BD":"บังกลาเทศ",
"BE":"เบลเยียม",
"BF":"บูร์กินาฟาโซ",
"BG":"บัลแกเรีย",
"BH":"บาห์เรน",
"BI":"บุรุนดี",
"BJ":"เบนิน",
"BL":"เซนต์บาร์เธเลมี",
"BM":"เบอร์มิวดา",
"BN":"บรูไน",
"BO":"โบลิเวีย",
"BR":"บราซิล",
"BS":"บาฮามาส",
"BT":"ภูฏาน",
"BV":"เกาะบูเวต",
"BW":"บอตสวานา",
"BY":"เบลารุส",
"BZ":"เบลีซ",
"CA":"แคนาดา",
"CC":"หมู่เกาะโคโคส",
"CD":"คองโก-กินชาซา",
"CF":"สาธารณรัฐแอฟริกากลาง",
"CG":"คองโก-บราซซาวิล",
"CH":"สวิตเซอร์แลนด์",
"CI":"ไอวอรี่โคสต์",
"CK":"หมู่เกาะคุก",
"CL":"ชิลี",
"CM":"แคเมอรูน",
"CN":"จีน",
"CO":"โคลอมเบีย",
"CP":"เกาะคลิปเปอร์ตัน",
"CR":"คอสตาริกา",
"CS":"เซอร์เบียและมอนเตเนโกร",
"CU":"คิวบา",
"CV":"เคปเวิร์ด",
"CX":"เกาะคริสต์มาส",
"CY":"ไซปรัส",
"CZ":"สาธารณรัฐเช็ก",
"DE":"เยอรมนี",
"DG":"ดิเอโกการ์เซีย",
"DJ":"จิบูตี",
"DK":"เดนมาร์ก",
"DM":"โดมินิกา",
"DO":"สาธารณรัฐโดมินิกัน",
"DZ":"แอลจีเรีย",
"EA":"ซีโอตาและเมลิลลา",
"EC":"เอกวาดอร์",
"EE":"เอสโตเนีย",
"EG":"อียิปต์",
"EH":"ซาฮาราตะวันตก",
"ER":"เอริเทรีย",
"ES":"สเปน",
"ET":"เอธิโอเปีย",
"EU":"สหภาพยุโรป",
"FI":"ฟินแลนด์",
"FJ":"ฟิจิ",
"FK":"หมู่เกาะฟอล์กแลนด์",
"FM":"ไมโครนีเซีย",
"FO":"หมู่เกาะแฟโร",
"FR":"ฝรั่งเศส",
"FX":"มหานครฝรั่งเศส",
"GA":"กาบอง",
"GB":"สหราชอาณาจักร",
"GD":"เกรเนดา",
"GE":"จอร์เจีย",
"GF":"เฟรนช์เกียนา",
"GG":"เกิร์นซีย์",
"GH":"กานา",
"GI":"ยิบรอลตาร์",
"GL":"กรีนแลนด์",
"GM":"แกมเบีย",
"GN":"กินี",
"GP":"กวาเดอลูป",
"GQ":"อิเควทอเรียลกินี",
"GR":"กรีซ",
"GS":"เกาะเซาท์จอร์เจียและหมู่เกาะเซาท์แซนด์วิช",
"GT":"กัวเตมาลา",
"GU":"กวม",
"GW":"กินี-บิสเซา",
"GY":"กายอานา",
"HK":"ฮ่องกง เขตปกครองพิเศษประเทศจีน",
"HM":"เกาะเฮิร์ดและหมู่เกาะแมกดอนัลด์",
"HN":"ฮอนดูรัส",
"HR":"โครเอเชีย",
"HT":"เฮติ",
"HU":"ฮังการี",
"IC":"หมู่เกาะคานารี",
"ID":"อินโดนีเซีย",
"IE":"ไอร์แลนด์",
"IL":"อิสราเอล",
"IM":"เกาะแมน",
"IN":"อินเดีย",
"IO":"บริติชอินเดียนโอเชียนเทร์ริทอรี",
"IQ":"อิรัก",
"IR":"อิหร่าน",
"IS":"ไอซ์แลนด์",
"IT":"อิตาลี",
"JE":"เจอร์ซีย์",
"JM":"จาเมกา",
"JO":"จอร์แดน",
"JP":"ญี่ปุ่น",
"KE":"เคนยา",
"KG":"คีร์กีซสถาน",
"KH":"กัมพูชา",
"KI":"คิริบาส",
"KM":"คอโมโรส",
"KN":"เซนต์คิตส์และเนวิส",
"KP":"เกาหลีเหนือ",
"KR":"เกาหลีใต้",
"KW":"คูเวต",
"KY":"หมู่เกาะเคย์แมน",
"KZ":"คาซัคสถาน",
"LA":"ลาว",
"LB":"เลบานอน",
"LC":"เซนต์ลูเซีย",
"LI":"ลิกเตนสไตน์",
"LK":"ศรีลังกา",
"LR":"ไลบีเรีย",
"LS":"เลโซโท",
"LT":"ลิทัวเนีย",
"LU":"ลักเซมเบิร์ก",
"LV":"ลัตเวีย",
"LY":"ลิเบีย",
"MA":"โมร็อกโก",
"MC":"โมนาโก",
"MD":"มอลโดวา",
"ME":"มอนเตเนโกร",
"MF":"เซนต์มาติน",
"MG":"มาดากัสการ์",
"MH":"หมู่เกาะมาร์แชลล์",
"MK":"มาซิโดเนีย",
"ML":"มาลี",
"MM":"เมียนม่าร์ [พม่า]",
"MN":"มองโกเลีย",
"MO":"มาเก๊า เขตปกครองพิเศษประเทศจีน",
"MP":"หมู่เกาะนอร์เทิร์นมาเรียนา",
"MQ":"มาร์ตินีก",
"MR":"มอริเตเนีย",
"MS":"มอนต์เซอร์รัต",
"MT":"มอลตา",
"MU":"มอริเชียส",
"MV":"มัลดีฟส์",
"MW":"มาลาวี",
"MX":"เม็กซิโก",
"MY":"มาเลเซีย",
"MZ":"โมซัมบิก",
"NA":"นามิเบีย",
"NC":"นิวแคลิโดเนีย",
"NE":"ไนเจอร์",
"NF":"เกาะนอร์ฟอล์ก",
"NG":"ไนจีเรีย",
"NI":"นิการากัว",
"NL":"เนเธอร์แลนด์",
"NO":"นอร์เวย์",
"NP":"เนปาล",
"NR":"นาอูรู",
"NU":"นีอูเอ",
"NZ":"นิวซีแลนด์",
"OM":"โอมาน",
"PA":"ปานามา",
"PE":"เปรู",
"PF":"เฟรนช์โปลินีเซีย",
"PG":"ปาปัวนิวกินี",
"PH":"ฟิลิปปินส์",
"PK":"ปากีสถาน",
"PL":"โปแลนด์",
"PM":"แซงปีแยร์และมีเกอลง",
"PN":"พิตแคร์น",
"PR":"เปอร์โตริโก",
"PS":"ปาเลสไตน์",
"PT":"โปรตุเกส",
"PW":"ปาเลา",
"PY":"ปารากวัย",
"QA":"กาตาร์",
"QO":"เอาต์ไลอิงโอเชียเนีย",
"RE":"เรอูนียง",
"RO":"โรมาเนีย",
"RS":"เซอร์เบีย",
"RU":"รัสเซีย",
"RW":"รวันดา",
"SA":"ซาอุดีอาระเบีย",
"SB":"หมู่เกาะโซโลมอน",
"SC":"เซเชลส์",
"SD":"ซูดาน",
"SE":"สวีเดน",
"SG":"สิงคโปร์",
"SH":"เซนต์เฮเลนา",
"SI":"สโลวีเนีย",
"SJ":"สฟาลบาร์และยานไมเอน",
"SK":"สโลวะเกีย",
"SL":"เซียร์ราลีโอน",
"SM":"ซานมารีโน",
"SN":"เซเนกัล",
"SO":"โซมาเลีย",
"SR":"ซูรินาเม",
"ST":"เซาตูเมและปรินซิปี",
"SV":"เอลซัลวาดอร์",
"SY":"ซีเรีย",
"SZ":"สวาซิแลนด์",
"TA":"ทริสตัน เดอ คูนา",
"TC":"หมู่เกาะเติกส์และหมู่เกาะเคคอส",
"TD":"ชาด",
"TF":"เฟรนช์เซาเทิร์นเทร์ริทอรีส์",
"TG":"โตโก",
"TH":"ไทย",
"TJ":"ทาจิกิสถาน",
"TK":"โตเกเลา",
"TL":"ติมอร์ตะวันออก",
"TM":"เติร์กเมนิสถาน",
"TN":"ตูนิเซีย",
"TO":"ตองกา",
"TR":"ตุรกี",
"TT":"ตรินิแดดและโตเบโก",
"TV":"ตูวาลู",
"TW":"ไต้หวัน",
"TZ":"แทนซาเนีย",
"UA":"ยูเครน",
"UG":"ยูกันดา",
"UM":"หมู่เกาะสหรัฐไมเนอร์เอาต์ไลอิง",
"US":"สหรัฐอเมริกา",
"UY":"อุรุกวัย",
"UZ":"อุซเบกิสถาน",
"VA":"วาติกัน",
"VC":"เซนต์วินเซนต์และเกรนาดีนส์",
"VE":"เวเนซุเอลา",
"VG":"หมู่เกาะบริติชเวอร์จิน",
"VI":"หมู่เกาะยูเอสเวอร์จิน",
"VN":"เวียดนาม",
"VU":"วานูอาตู",
"WF":"วาลลิสและฟุตูนา",
"WS":"ซามัว",
"YE":"เยเมน",
"YT":"มายอต",
"ZA":"แอฟริกาใต้",
"ZM":"แซมเบีย",
"ZW":"ซิมบับเว",
"ZZ":"ไม่ทราบ"
},
"orientation":"left-to-right",
"dateFormat-full":"EEEEที่ d MMMM G y",
"dateFormat-long":"d MMMM y",
"dateFormat-medium":"d MMM y",
"dateFormat-short":"d/M/yyyy",
"timeFormat-full":"H นาฬิกา m นาที ss วินาที zzzz",
"timeFormat-long":"H นาฬิกา m นาที ss วินาที z",
"timeFormat-medium":"H:mm:ss",
"timeFormat-short":"H:mm",
"dateTimeFormat-full":"{1}, {0}",
"dateTimeFormat-long":"{1}, {0}",
"dateTimeFormat-medium":"{1}, {0}",
"dateTimeFormat-short":"{1}, {0}",
"months-defaultContext":"format",
"months-defaultWidth":"wide",
"months-format-abbreviated":[
"ม.ค.",
"ก.พ.",
"มี.ค.",
"เม.ย.",
"พ.ค.",
"มิ.ย.",
"ก.ค.",
"ส.ค.",
"ก.ย.",
"ต.ค.",
"พ.ย.",
"ธ.ค."],
"months-format-narrow":[
"ม.ค.",
"ก.พ.",
"มี.ค.",
"เม.ย.",
"พ.ค.",
"มิ.ย",
"ก.ค.",
"ส.ค.",
"ก.ย.",
"ต.ค.",
"พ.ย.",
"ธ.ค."],
"months-format-wide":[
"มกราคม",
"กุมภาพันธ์",
"มีนาคม",
"เมษายน",
"พฤษภาคม",
"มิถุนายน",
"กรกฎาคม",
"สิงหาคม",
"กันยายน",
"ตุลาคม",
"พฤศจิกายน",
"ธันวาคม"],
"months-standAlone-abbreviated":[
"ม.ค.",
"ก.พ.",
"มี.ค.",
"เม.ย.",
"พ.ค.",
"มิ.ย.",
"ก.ค.",
"ส.ค.",
"ก.ย.",
"ต.ค.",
"พ.ย.",
"ธ.ค."],
"months-standAlone-narrow":[
"ม.ค.",
"ก.พ.",
"มี.ค.",
"เม.ย.",
"พ.ค.",
"มิ.ย.",
"ก.ค.",
"ส.ค.",
"ก.ย.",
"ต.ค.",
"พ.ย.",
"ธ.ค."],
"months-standAlone-wide":[
"มกราคม",
"กุมภาพันธ์",
"มีนาคม",
"เมษายน",
"พฤษภาคม",
"มิถุนายน",
"กรกฎาคม",
"สิงหาคม",
"กันยายน",
"ตุลาคม",
"พฤศจิกายน",
"ธันวาคม"],
"days-defaultContext":"format",
"days-defaultWidth":"wide",
"days-format-abbreviated":[
"อา.",
"จ.",
"อ.",
"พ.",
"พฤ.",
"ศ.",
"ส."],
"days-format-narrow":[
"อ",
"จ",
"อ",
"พ",
"พ",
"ศ",
"ส"],
"days-format-wide":[
"วันอาทิตย์",
"วันจันทร์",
"วันอังคาร",
"วันพุธ",
"วันพฤหัสบดี",
"วันศุกร์",
"วันเสาร์"],
"days-standAlone-abbreviated":[
"อา.",
"จ.",
"อ.",
"พ.",
"พฤ.",
"ศ.",
"ส."],
"days-standAlone-narrow":[
"อ",
"จ",
"อ",
"พ",
"พ",
"ศ",
"ส"],
"days-standAlone-wide":[
"วันอาทิตย์",
"วันจันทร์",
"วันอังคาร",
"วันพุธ",
"วันพฤหัสบดี",
"วันศุกร์",
"วันเสาร์"],
"quarters-format-abbreviated":[
"Q1",
"Q2",
"Q3",
"Q4"],
"quarters-format-narrow":[
"1",
"2",
"3",
"4"],
"quarters-format-wide":[
"ไตรมาส 1",
"ไตรมาส 2",
"ไตรมาส 3",
"ไตรมาส 4"],
"quarters-standAlone-abbreviated":[
"Q1",
"Q2",
"Q3",
"Q4"],
"quarters-standAlone-narrow":[
"1",
"2",
"3",
"4"],
"quarters-standAlone-wide":[
"ไตรมาส 1",
"ไตรมาส 2",
"ไตรมาส 3",
"ไตรมาส 4"],
"dayPeriods-format-abbreviated":[
"ก่อนเที่ยง",
"หลังเที่ยง"],
"dayPeriods-format-narrow":[
"ก่อนเที่ยง",
"หลังเที่ยง"],
"dayPeriods-format-wide":[
"ก่อนเที่ยง",
"หลังเที่ยง"],
"dayPeriods-standAlone-abbreviated":[
"ก่อนเที่ยง",
"หลังเที่ยง"],
"dayPeriods-standAlone-narrow":[
"ก่อนเที่ยง",
"หลังเที่ยง"],
"dayPeriods-standAlone-wide":[
"ก่อนเที่ยง",
"หลังเที่ยง"],
"decimalFormat":{
"standard":"#,##0.###"},
"decimalFormat-short":{
"1000":"0.0K",
"10000":"00K",
"100000":"000K",
"1000000":"0.0 ล้าน",
"10000000":"00 ล้าน",
"100000000":"000 ล้าน",
"1000000000":"0.0 พันล้าน",
"10000000000":"00 พันล้าน",
"100000000000":"000 พันล้าน",
"1000000000000":"0.0 ล้านล้าน",
"10000000000000":"00 ล้านล้าน",
"100000000000000":"000 ล้านล้าน"},
"scientificFormat":{
"standard":"#E0"},
"percentFormat":{
"standard":"#,##0%"},
"currencyFormat":{
"standard":"¤#,##0.00;¤-#,##0.00"},
"symbols-latn-decimal":".",
"symbols-latn-group":",",
"symbols-latn-list":";",
"symbols-latn-percentSign":"%",
"symbols-latn-plusSign":"+",
"symbols-latn-minusSign":"-",
"symbols-latn-exponential":"E",
"symbols-latn-perMille":"‰",
"symbols-latn-infinity":"∞",
"symbols-latn-nan":"NaN",
"weekData-minDays":1,
"weekData-firstDay":0,
"weekData-weekendStart":6,
"weekData-weekendEnd":0
}