{
"languages":{
"aa":"афарська",
"ab":"абхазька",
"ace":"ачехська",
"ach":"ачолі",
"ada":"адангме",
"ady":"адигейська",
"ae":"авестійська",
"af":"африкаанс",
"afa":"афро-азійська мова",
"afh":"африхілі",
"ain":"айнська",
"ak":"акан",
"akk":"аккадська",
"ale":"алеутська",
"alg":"алгонкінські мови",
"alt":"південноалтайська",
"am":"амхарська",
"an":"арагонська",
"ang":"давньоанглійська",
"anp":"ангіка",
"apa":"апачі мови",
"ar":"арабська",
"arc":"арамейська",
"arn":"арауканська",
"arp":"арапахо",
"art":"штучна мова",
"arw":"аравакська",
"as":"ассамська",
"asa":"Асу",
"ast":"астурська",
"ath":"атапаскські мови",
"aus":"австралійські мови",
"av":"аварська",
"awa":"авадхі",
"ay":"аймара",
"az":"азербайджанська",
"ba":"башкирська",
"bad":"банда",
"bai":"бамілеке мови",
"bal":"балучі",
"ban":"балійська",
"bas":"баса",
"bat":"балтійська мова",
"be":"білоруська",
"bej":"беджа",
"bem":"бемба",
"ber":"берберська",
"bez":"Бена",
"bg":"болгарська",
"bh":"біхарі",
"bho":"бходжпурі",
"bi":"біслама",
"bik":"бікольська",
"bin":"біні",
"bla":"сіксіка",
"bm":"бамбара",
"bn":"бенгальська",
"bnt":"банту",
"bo":"тибетська",
"br":"бретонська",
"bra":"брадж",
"brx":"Бодо",
"bs":"боснійська",
"btk":"батак",
"bua":"бурятська",
"bug":"бугійська",
"byn":"блін",
"ca":"каталонська",
"cad":"каддо",
"cai":"центральноамериканьских індіанців мова",
"car":"карібська",
"cau":"кавказька мова",
"cch":"атсам",
"ce":"чеченська",
"ceb":"себуанська",
"cel":"кельтська мова",
"ch":"чаморро",
"chb":"чібча",
"chg":"чагатайська",
"chk":"чуукська",
"chm":"марійська",
"chn":"чинук жаргон",
"cho":"чокто",
"chp":"чіпев’ян",
"chr":"черокі",
"chy":"чейєнн",
"cmc":"хамітські мови",
"co":"корсиканська",
"cop":"коптська",
"cpe":"англо-креольські та піджінізовані англійські мови",
"cpf":"франко-креольські та піджінізовані франкофонні мови",
"cpp":"португальсько-креольські та піджінізовані португальські мови",
"cr":"крі",
"crh":"кримськотатарська",
"crp":"креольські та піджінізовані мови",
"cs":"чеська",
"csb":"кашубська",
"cu":"церковнослов’янська",
"cus":"кушітська мова",
"cv":"чуваська",
"cy":"валлійська",
"da":"данська",
"dak":"дакота",
"dar":"даргінська",
"day":"даяк",
"de":"німецька",
"de_AT":"німецька австрійська",
"de_CH":"верхньонімецька швейцарська",
"del":"делаварська",
"den":"слейв",
"dgr":"догрибська",
"din":"дінка",
"doi":"догрі",
"dra":"дравідійська мова",
"dsb":"нижньолужицька",
"dua":"дуала",
"dum":"середньонідерландська",
"dv":"дівехі",
"dyu":"діула",
"dz":"дзонг-ке",
"ebu":"Ембу",
"ee":"еве",
"efi":"ефік",
"egy":"давньоєгипетська",
"eka":"екаджук",
"el":"грецька",
"elx":"еламська",
"en":"англійська",
"en_AU":"англійська австралійська",
"en_CA":"англійська канадська",
"en_GB":"англійська британська",
"en_US":"англійська США",
"enm":"середньоанглійська",
"eo":"есперанто",
"es":"іспанська",
"es_419":"латиноамериканська іспанська",
"es_ES":"іберійська іспанська",
"et":"естонська",
"eu":"басків",
"ewo":"евондо",
"fa":"перська",
"fan":"фанг",
"fat":"фанті",
"ff":"фула",
"fi":"фінська",
"fil":"філіппінська",
"fiu":"фінно-угорські мови",
"fj":"фіджі",
"fo":"фарерська",
"fon":"фон",
"fr":"французька",
"fr_CA":"французька канадська",
"fr_CH":"французька швейцарська",
"frm":"середньофранцузька",
"fro":"давньофранцузька",
"frr":"фризька північна",
"frs":"фризька східна",
"fur":"фріульська",
"fy":"фризька",
"ga":"ірландська",
"gaa":"га",
"gay":"гайо",
"gba":"гбайя",
"gd":"гаельська",
"gem":"германська мова",
"gez":"гєез",
"gil":"гільбертська",
"gl":"галісійська",
"gmh":"середньоверхньонімецька",
"gn":"гуарані",
"goh":"давньоверхньонімецька",
"gon":"гонді",
"gor":"горонтало",
"got":"готська",
"grb":"гребо",
"grc":"давньогрецька",
"gsw":"німецька швейцарська",
"gu":"гуджараті",
"gv":"менкська",
"gwi":"кучін",
"ha":"хауса",
"hai":"хайда",
"haw":"гавайська",
"he":"іврит",
"hi":"гінді",
"hil":"хілігайнон",
"him":"хімачалі",
"hit":"хітіті",
"hmn":"хмонг",
"ho":"хірі-моту",
"hr":"хорватська",
"hsb":"верхньолужицька",
"ht":"гаїтянська",
"hu":"угорська",
"hup":"хупа",
"hy":"вірменська",
"hz":"гереро",
"ia":"інтерлінгва",
"iba":"ібанська",
"id":"індонезійська",
"ie":"інтерлінгве",
"ig":"ігбо",
"ii":"сичуань",
"ijo":"іджо",
"ik":"інупіак",
"ilo":"ілоканська",
"inc":"індійські мови",
"ine":"індоєвропейські мови",
"inh":"інгуська",
"io":"ідо",
"ira":"іранська",
"iro":"ірокезькі мови",
"is":"ісландська",
"it":"італійська",
"iu":"інуктітут",
"ja":"японська",
"jbo":"ложбан",
"jpr":"іудео-перська",
"jrb":"іудео-арабська",
"jv":"яванська",
"ka":"грузинська",
"kaa":"каракалпацька",
"kab":"кабильська",
"kac":"качін",
"kaj":"йю",
"kam":"камба",
"kar":"каренська",
"kaw":"каві",
"kbd":"кабардинська",
"kcg":"тіап",
"kea":"Кабувердіану",
"kfo":"коро",
"kg":"конґолезька",
"kha":"кхасі",
"khi":"койсанські мови",
"kho":"хотаносакська",
"ki":"кікуйю",
"kj":"кунама",
"kk":"казахська",
"kl":"калааллісут",
"km":"кхмерська",
"kmb":"кімбунду",
"kn":"каннада",
"ko":"корейська",
"kok":"конкані",
"kos":"косрае",
"kpe":"кпеллє",
"kr":"канурі",
"krc":"карачаєво-балкарська",
"krl":"карельська",
"kro":"кру",
"kru":"курукх",
"ks":"кашмірська",
"ku":"курдська",
"kum":"кумицька",
"kut":"кутенаї",
"kv":"комі",
"kw":"корнійська",
"ky":"киргизька",
"la":"латинська",
"lad":"ладіно",
"lah":"ланда",
"lam":"ламба",
"lb":"люксембурзька",
"lez":"лезгінська",
"lg":"ганда",
"li":"лімбургійська",
"ln":"лінгала",
"lo":"лаоська",
"lol":"монго",
"loz":"лозі",
"lt":"литовська",
"lu":"луба-катанга",
"lua":"луба-лулуа",
"lui":"луїсеньо",
"lun":"лунда",
"luo":"луо",
"lus":"лушей",
"luy":"Луія",
"lv":"латвійська",
"mad":"мадурська",
"mag":"магадхі",
"mai":"майтхілі",
"mak":"макасарська",
"man":"мандінго",
"map":"австронезійська мова",
"mas":"масаї",
"mdf":"мокша",
"mdr":"мандарська",
"men":"менде",
"mg":"малагасійська",
"mga":"середньоірландська",
"mh":"маршалльська",
"mi":"маорі",
"mic":"мікмак",
"min":"мінангкабау",
"mis":"інші мови",
"mk":"македонська",
"mkh":"мон-кхмерські мови",
"ml":"малайялам",
"mn":"монгольська",
"mnc":"манчжурська",
"mni":"маніпурі",
"mno":"манобо мови",
"mo":"молдавська",
"moh":"магавк",
"mos":"моссі",
"mr":"маратхі",
"ms":"малайська",
"mt":"мальтійська",
"mul":"декілька мов",
"mun":"мунда мови",
"mus":"крік",
"mwl":"мірандська",
"mwr":"марварі",
"my":"бірманська",
"myn":"майя мови",
"myv":"ерзя",
"na":"науру",
"nah":"нахуатль",
"nai":"північноамериканських індіанців мови",
"nap":"неаполітанська",
"nb":"норвезька букмол",
"nd":"ндебелє північна",
"nds":"нижньонімецька",
"ne":"непальська",
"new":"неварі",
"ng":"ндонга",
"nia":"ніаська",
"nic":"ніґеро-кордофанські мови",
"niu":"ніуе",
"nl":"голландська",
"nl_BE":"фламандська",
"nn":"норвезька нюнорськ",
"no":"норвезька",
"nog":"ногайська",
"non":"давньонорвезька",
"nqo":"нко",
"nr":"ндебелє південна",
"nso":"сото північна",
"nub":"нубійські мови",
"nv":"навахо",
"nwc":"неварі класична",
"ny":"ньянджа",
"nym":"ньямвезі",
"nyn":"ньянколе",
"nyo":"ньоро",
"nzi":"нзіма",
"oc":"окитан",
"oj":"оджібва",
"om":"оромо",
"or":"орія",
"os":"осетинська",
"osa":"осейдж",
"ota":"османська",
"oto":"отомі мови",
"pa":"панджабі",
"paa":"папуаські мови",
"pag":"пангасінанська",
"pal":"пехлеві",
"pam":"пампанга",
"pap":"пап’яменто",
"pau":"палауанська",
"peo":"давньоперська",
"phi":"філіппінські мови",
"phn":"фінікійсько-пунічна",
"pi":"палі",
"pl":"польська",
"pon":"понапе",
"pra":"пракріті мови",
"pro":"давньопровансальська",
"ps":"пушту",
"pt":"португальська",
"pt_BR":"португальська бразильська",
"pt_PT":"португальська іберійська",
"qu":"кечуа",
"raj":"раджастхані",
"rap":"рапануї",
"rar":"раротонга",
"rm":"ретороманська",
"rn":"рунді",
"ro":"румунська",
"roa":"романські мови",
"rof":"Ромбо",
"rom":"циганська",
"root":"корінь",
"ru":"російська",
"rup":"арумунська",
"rw":"кіньяруанда",
"rwk":"Рва",
"sa":"санскрит",
"sad":"сандаве",
"sah":"якутська",
"sai":"південноамериканських індіанців мови",
"sal":"салішські мови",
"sam":"самаритянська арамейська",
"sas":"сасакська",
"sat":"сантальська",
"sc":"сардинська",
"scn":"сицилійська",
"sco":"шотландська",
"sd":"сіндхі",
"se":"саамська північна",
"sel":"селькупська",
"sem":"семітські мови",
"sg":"санго",
"sga":"давньоірландська",
"sgn":"знакові мови",
"sh":"сербсько-хорватська",
"shn":"шанська",
"si":"сингальська",
"sid":"сідамо",
"sio":"сіу мови",
"sit":"китайсько-тибетські мови",
"sk":"словацька",
"sl":"словенська",
"sla":"слов’янські мови",
"sm":"самоанська",
"sma":"саамська південна",
"smi":"саамські мови",
"smj":"саамська луле",
"smn":"саамська інарі",
"sms":"саамська скольт",
"sn":"шона",
"snk":"сонінке",
"so":"сомалі",
"sog":"согдійська",
"son":"сонгай",
"sq":"албанська",
"sr":"сербська",
"srn":"сранан тонго",
"srr":"серер",
"ss":"сісваті",
"ssa":"ніло-сахарські мови",
"st":"сото південна",
"su":"сунданська",
"suk":"сукума",
"sus":"сусу",
"sux":"шумерська",
"sv":"шведська",
"sw":"суахілі",
"swb":"коморська",
"syc":"сирійська класична",
"syr":"сирійська",
"ta":"тамільська",
"tai":"тайські мови",
"te":"телугу",
"tem":"темне",
"ter":"терено",
"tet":"тетум",
"tg":"таджицька",
"th":"тайська",
"ti":"тигріні",
"tig":"тигре",
"tiv":"тів",
"tk":"туркменська",
"tkl":"токелау",
"tl":"тагальська",
"tlh":"клінгон",
"tli":"тлінгіт",
"tmh":"тамашек",
"tn":"тсвана",
"to":"Тонга",
"tog":"ньяса тонга",
"tpi":"ток-пісін",
"tr":"турецька",
"ts":"тсонга",
"tsi":"цимшиан",
"tt":"татарська",
"tum":"тумбука",
"tup":"тупі",
"tut":"алтайська мова",
"tvl":"тувалу",
"tw":"тві",
"ty":"таїтянська",
"tyv":"тувинська",
"udm":"удмуртська",
"ug":"уйгурська",
"uga":"угаритська",
"uk":"українська",
"umb":"умбунду",
"und":"невизначена мова",
"ur":"урду",
"uz":"узбецька",
"vai":"ваї",
"ve":"венда",
"vi":"вʼєтнамська",
"vo":"волап’юк",
"vot":"водська",
"wa":"валлонська",
"wae":"Валзерська",
"wak":"вакашські мови",
"wal":"валамо",
"war":"варай",
"was":"вашо",
"wen":"лужицькі мови",
"wo":"волоф",
"xal":"калмицька",
"xh":"кхоса",
"yao":"яо",
"yap":"яп",
"yi":"ідиш",
"yo":"йоруба",
"ypk":"юпік мови",
"yue":"кантонська",
"za":"чжуан",
"zap":"сапотекська",
"zbl":"блісса мова",
"zen":"зенага",
"zh":"китайська",
"zh_Hans":"китайська спрощена",
"zh_Hant":"китайська традиційна",
"znd":"занде",
"zu":"зулуська",
"zun":"зуньї",
"zxx":"немає мовного вмісту",
"zza":"зазакі"
},
"scripts":{
"Arab":"Арабський",
"Armi":"Армі",
"Armn":"Вірменський",
"Avst":"Авестійський",
"Bali":"Балійський",
"Batk":"Батак",
"Beng":"Бенгальський",
"Blis":"Символи Блісса",
"Bopo":"Бопомофо",
"Brah":"Брахмі",
"Brai":"Шрифт Брайля",
"Bugi":"Бугійський",
"Buhd":"Бухід",
"Cakm":"Чакма",
"Cans":"Уніфіковані символи канадських тубільців",
"Cari":"Каріанський",
"Cham":"Хамітський",
"Cher":"Черокі",
"Cirt":"Кирт",
"Copt":"Коптський",
"Cprt":"Кіпрський",
"Cyrl":"Кириличний",
"Cyrs":"Давньоцерковнослов'янський",
"Deva":"Деванагарі",
"Dsrt":"Дезерет",
"Egyd":"Єгипетський демотичний",
"Egyh":"Єгипетський ієратичний",
"Egyp":"Єгипетський ієрогліфічний",
"Ethi":"Ефіопський",
"Geok":"Кхутсурі",
"Geor":"Грузинський",
"Glag":"Глаголичний",
"Goth":"Готичний",
"Grek":"Грецький",
"Gujr":"Гуджараті",
"Guru":"Гурмухі",
"Hang":"Хангул",
"Hani":"Китайський",
"Hano":"Хануну",
"Hans":"Китайський спрощений",
"Hant":"Китайський традиційний",
"Hebr":"Іврит",
"Hira":"Хірагана",
"Hmng":"Пахау хмонг",
"Hrkt":"Катакана чи хірагана",
"Hung":"Давньоугорський",
"Inds":"Харапський",
"Ital":"Давньоіталійський",
"Java":"Яванський",
"Jpan":"Японський",
"Kali":"Кая Лі",
"Kana":"Катакана",
"Khar":"Кхароштхі",
"Khmr":"Кхмерський",
"Knda":"Каннада",
"Kore":"Корейський",
"Kthi":"Каїті",
"Lana":"Ланна",
"Laoo":"Лаоський",
"Latf":"Латинський фрактурний",
"Latg":"Латинський гельський",
"Latn":"Латинський",
"Lepc":"Лепча",
"Limb":"Лімбу",
"Lina":"Лінійний А",
"Linb":"Лінійний В",
"Lyci":"Лікійський",
"Lydi":"Лідійський",
"Mand":"Мандейський",
"Mani":"Маніхейський",
"Maya":"Майя ієрогліфічний",
"Mero":"Мероїтський",
"Mlym":"Малайялам",
"Mong":"Монгольський",
"Moon":"Мун",
"Mtei":"Мейтей майєк",
"Mymr":"Мʼянмар",
"Nkoo":"Нко",
"Ogam":"Огамічний",
"Olck":"Сантальський",
"Orkh":"Орхонський",
"Orya":"Орія",
"Osma":"Османський",
"Perm":"Давньопермський",
"Phag":"Пхагс-па",
"Phli":"Пехлеві написів",
"Phlp":"Пехлеві релігійний",
"Phlv":"Пехлеві літературний",
"Phnx":"Фінікійський",
"Plrd":"Писемність Полларда",
"Prti":"Парфянський",
"Rjng":"Реджанг",
"Roro":"Ронго-ронго",
"Runr":"Рунічний",
"Samr":"Самаритянський",
"Sara":"Сараті",
"Saur":"Саураштра",
"Sgnw":"Знаковий",
"Shaw":"Шоу",
"Sinh":"Сингальський",
"Sund":"Сунданський",
"Sylo":"Сілоті нагрі",
"Syrc":"Сирійський",
"Syre":"Давньосирійський естрангело",
"Syrj":"Давньосирійський західний",
"Syrn":"Давньосирійський східний",
"Tagb":"Тагбанва",
"Tale":"Тай-лі",
"Talu":"Новий тайський луе",
"Taml":"Тамільський",
"Tavt":"Тай-в'єт",
"Telu":"Телугу",
"Teng":"Тенгвар",
"Tfng":"Тифінаг",
"Tglg":"Тагальський",
"Thaa":"Таана",
"Thai":"Тайський",
"Tibt":"Тибетський",
"Ugar":"Угаритський",
"Vaii":"Ваї",
"Visp":"Фонетична транскрипція Белла",
"Xpeo":"Давньоперський",
"Xsux":"Шумеро-аккадський клінопис",
"Yiii":"Йї",
"Zinh":"Успадкований",
"Zmth":"Математичний",
"Zsym":"Символьний",
"Zxxx":"Безписемний",
"Zyyy":"Невизначений",
"Zzzz":"Невідомий"
},
"territories":{
"001":"Світ",
"002":"Африка",
"003":"Північноамериканський континент",
"005":"Південна Америка",
"009":"Океанія",
"011":"Західна Африка",
"013":"Центральна Америка",
"014":"Східна Африка",
"015":"Північна Африка",
"017":"Центральна Африка",
"018":"Південна Африка",
"019":"Америки",
"021":"Північна Америка",
"029":"Карибський басейн",
"030":"Східна Азія",
"034":"Південна Азія",
"035":"Південно-Східна Азія",
"039":"Південна Європа",
"053":"Австралія та Нова Зеландія",
"054":"Меланезія",
"057":"Мікронезійський регіон",
"061":"Полінезія",
"062":"Південно-Центральна Азія",
"142":"Азія",
"143":"Центральна Азія",
"145":"Західна Азія",
"150":"Європа",
"151":"Східна Європа",
"154":"Північна Європа",
"155":"Західна Європа",
"172":"Співдружність Незалежних Держав",
"419":"Латинська Америка",
"830":"Нормандські острови",
"AC":"Острів Вознесіння",
"AD":"Андорра",
"AE":"Обʼєднані Арабські Емірати",
"AF":"Афганістан",
"AG":"Антигуа і Барбуда",
"AI":"Ангілья",
"AL":"Албанія",
"AM":"Вірменія",
"AN":"Нідерландські Антильські Острови",
"AO":"Ангола",
"AQ":"Антарктида",
"AR":"Аргентина",
"AS":"Американське Самоа",
"AT":"Австрія",
"AU":"Австралія",
"AW":"Аруба",
"AX":"Аландські острови",
"AZ":"Азербайджан",
"BA":"Боснія і Герцоговина",
"BB":"Барбадос",
"BD":"Бангладеш",
"BE":"Бельгія",
"BF":"Буркіна-Фасо",
"BG":"Болгарія",
"BH":"Бахрейн",
"BI":"Бурунді",
"BJ":"Бенін",
"BL":"Острів Святого Бартоломея",
"BM":"Бермуди",
"BN":"Бруней",
"BO":"Болівія",
"BR":"Бразилія",
"BS":"Багами",
"BT":"Бутан",
"BV":"Острів Буве",
"BW":"Ботсвана",
"BY":"Білорусь",
"BZ":"Беліз",
"CA":"Канада",
"CC":"Кокосові острови",
"CD":"Конґо - Кіншаса",
"CF":"Центральноафриканська Республіка",
"CG":"Конґо - Браззавіль",
"CH":"Швейцарія",
"CI":"Кот д’Івуар",
"CK":"Острови Кука",
"CL":"Чилі",
"CM":"Камерун",
"CN":"Китай",
"CO":"Колумбія",
"CP":"Острів Кліппертон",
"CR":"Коста-Рика",
"CS":"Сербія та Чорногорія",
"CU":"Куба",
"CV":"Кабо-Верде",
"CX":"Острів Різдва",
"CY":"Кіпр",
"CZ":"Чеська республіка",
"DE":"Німеччина",
"DG":"Дієґо-Ґарсія",
"DJ":"Джібуті",
"DK":"Данія",
"DM":"Домінік",
"DO":"Домініканська Республіка",
"DZ":"Алжир",
"EA":"Сеута і Мелілья",
"EC":"Еквадор",
"EE":"Естонія",
"EG":"Єгипет",
"EH":"Західна Сахара",
"ER":"Еритрея",
"ES":"Іспанія",
"ET":"Ефіопія",
"EU":"Європейський Союз",
"FI":"Фінляндія",
"FJ":"Фіджі",
"FK":"Фолклендські острови",
"FM":"Мікронезія",
"FO":"Фарерські острови",
"FR":"Франція",
"GA":"Габон",
"GB":"Великобританія",
"GD":"Гренада",
"GE":"Грузія",
"GF":"Французька Гвіана",
"GG":"Гернсі",
"GH":"Гана",
"GI":"Гібралтар",
"GL":"Гренландія",
"GM":"Гамбія",
"GN":"Гвінея",
"GP":"Гваделупа",
"GQ":"Екваторіальна Гвінея",
"GR":"Греція",
"GS":"Південна Джорджія та Південні Сандвічеві Острови",
"GT":"Гватемала",
"GU":"Гуам",
"GW":"Гвінея-Біссау",
"GY":"Гайана",
"HK":"Гонконґ О.А.Р. Китаю",
"HM":"Острови Херд і Мак-Дональд",
"HN":"Гондурас",
"HR":"Хорватія",
"HT":"Гаїті",
"HU":"Угорщина",
"IC":"Канарські острови",
"ID":"Індонезія",
"IE":"Ірландія",
"IL":"Ізраїль",
"IM":"Острів Мен",
"IN":"Індія",
"IO":"Британські території Індійського океану",
"IQ":"Ірак",
"IR":"Іран",
"IS":"Ісландія",
"IT":"Італія",
"JE":"Джерсі",
"JM":"Ямайка",
"JO":"Йорданія",
"JP":"Японія",
"KE":"Кенія",
"KG":"Киргизстан",
"KH":"Камбоджа",
"KI":"Кірибаті",
"KM":"Коморські Острови",
"KN":"Сент-Кітс і Невіс",
"KP":"Північна Корея",
"KR":"Південна Корея",
"KW":"Кувейт",
"KY":"Кайманові острови",
"KZ":"Казахстан",
"LA":"Лаос",
"LB":"Ліван",
"LC":"Сент-Люсія",
"LI":"Ліхтенштейн",
"LK":"Шрі-Ланка",
"LR":"Ліберія",
"LS":"Лесото",
"LT":"Литва",
"LU":"Люксембург",
"LV":"Латвія",
"LY":"Лівія",
"MA":"Марокко",
"MC":"Монако",
"MD":"Молдова",
"ME":"Чорногорія",
"MF":"Острів Святого Мартіна",
"MG":"Мадагаскар",
"MH":"Маршаллові Острови",
"MK":"Македонія",
"ML":"Малі",
"MM":"Мʼянма [Бірма]",
"MN":"Монголія",
"MO":"Макао О.А.Р. Китаю",
"MP":"Північні Маріанські Острови",
"MQ":"Мартиніка",
"MR":"Мавританія",
"MS":"Монсеррат",
"MT":"Мальта",
"MU":"Маврикій",
"MV":"Мальдіви",
"MW":"Малаві",
"MX":"Мексика",
"MY":"Малайзія",
"MZ":"Мозамбік",
"NA":"Намібія",
"NC":"Нова Каледонія",
"NE":"Нігер",
"NF":"Острів Норфолк",
"NG":"Нігерія",
"NI":"Нікарагуа",
"NL":"Нідерланди",
"NO":"Норвегія",
"NP":"Непал",
"NR":"Науру",
"NU":"Нія",
"NZ":"Нова Зеландія",
"OM":"Оман",
"PA":"Панама",
"PE":"Перу",
"PF":"Французька Полінезія",
"PG":"Папуа Нова Гвінея",
"PH":"Філіппіни",
"PK":"Пакистан",
"PL":"Польща",
"PM":"Сен-Пʼєр і Мікелон",
"PN":"Острови Піткерн",
"PR":"Пуерто-Ріко",
"PS":"Палестина",
"PT":"Португалія",
"PW":"Палау",
"PY":"Парагвай",
"QA":"Катар",
"QO":"Інша Океанія",
"RE":"Реюньйон",
"RO":"Румунія",
"RS":"Сербія",
"RU":"Росія",
"RW":"Руанда",
"SA":"Саудівська Аравія",
"SB":"Соломонові Острови",
"SC":"Сейшели",
"SD":"Судан",
"SE":"Швеція",
"SG":"Сінгапур",
"SH":"Острів Святої Єлени",
"SI":"Словенія",
"SJ":"Острови Свальбард та Ян-Маєн",
"SK":"Словакія",
"SL":"Сьєрра-Леоне",
"SM":"Сан-Марино",
"SN":"Сенегал",
"SO":"Сомалі",
"SR":"Суринам",
"ST":"Сан-Томе і Прінсіпі",
"SV":"Сальвадор",
"SY":"Сирія",
"SZ":"Свазіленд",
"TA":"Трістан-да-Кунья",
"TC":"Теркс і Кайкос",
"TD":"Чад",
"TF":"Французькі Південні Території",
"TG":"Того",
"TH":"Таїланд",
"TJ":"Таджикистан",
"TK":"Токелау",
"TL":"Тімор-Лешті",
"TM":"Туркменистан",
"TN":"Туніс",
"TO":"Тонга",
"TR":"Туреччина",
"TT":"Тринідад і Тобаго",
"TV":"Тувалу",
"TW":"Тайвань",
"TZ":"Танзанія",
"UA":"Україна",
"UG":"Уганда",
"UM":"Віддалені Острови США",
"US":"США",
"UY":"Уругвай",
"UZ":"Узбекистан",
"VA":"Ватикан",
"VC":"Сент-Вінсент і Гренадини",
"VE":"Венесуела",
"VG":"Віргінські острови Британії",
"VI":"Віргінські острови США",
"VN":"Вʼєтнам",
"VU":"Вануату",
"WF":"Уолліс і Футуна",
"WS":"Самоа",
"YE":"Ємен",
"YT":"Майот",
"ZA":"ПАР",
"ZM":"Замбія",
"ZW":"Зімбабве",
"ZZ":"Невідомий регіон"
},
"orientation":"left-to-right",
"dateFormat-full":"EEEE, d MMMM y 'р'.",
"dateFormat-long":"d MMMM y 'р'.",
"dateFormat-medium":"d MMM y",
"dateFormat-short":"dd.MM.yy",
"timeFormat-full":"HH:mm:ss zzzz",
"timeFormat-long":"HH:mm:ss z",
"timeFormat-medium":"HH:mm:ss",
"timeFormat-short":"HH:mm",
"dateTimeFormat-full":"{1} {0}",
"dateTimeFormat-long":"{1} {0}",
"dateTimeFormat-medium":"{1} {0}",
"dateTimeFormat-short":"{1} {0}",
"months-defaultContext":"format",
"months-defaultWidth":"wide",
"months-format-abbreviated":[
"січ.",
"лют.",
"бер.",
"квіт.",
"трав.",
"черв.",
"лип.",
"серп.",
"вер.",
"жовт.",
"лист.",
"груд."],
"months-format-narrow":[
"С",
"Л",
"Б",
"К",
"Т",
"Ч",
"Л",
"С",
"В",
"Ж",
"Л",
"Г"],
"months-format-wide":[
"січня",
"лютого",
"березня",
"квітня",
"травня",
"червня",
"липня",
"серпня",
"вересня",
"жовтня",
"листопада",
"грудня"],
"months-standAlone-abbreviated":[
"Січ",
"Лют",
"Бер",
"Кві",
"Тра",
"Чер",
"Лип",
"Сер",
"Вер",
"Жов",
"Лис",
"Гру"],
"months-standAlone-narrow":[
"С",
"Л",
"Б",
"К",
"Т",
"Ч",
"Л",
"С",
"В",
"Ж",
"Л",
"Г"],
"months-standAlone-wide":[
"Січень",
"Лютий",
"Березень",
"Квітень",
"Травень",
"Червень",
"Липень",
"Серпень",
"Вересень",
"Жовтень",
"Листопад",
"Грудень"],
"days-defaultContext":"format",
"days-defaultWidth":"wide",
"days-format-abbreviated":[
"Нд",
"Пн",
"Вт",
"Ср",
"Чт",
"Пт",
"Сб"],
"days-format-narrow":[
"Н",
"П",
"В",
"С",
"Ч",
"П",
"С"],
"days-format-wide":[
"Неділя",
"Понеділок",
"Вівторок",
"Середа",
"Четвер",
"Пʼятниця",
"Субота"],
"days-standAlone-abbreviated":[
"Нд",
"Пн",
"Вт",
"Ср",
"Чт",
"Пт",
"Сб"],
"days-standAlone-narrow":[
"Н",
"П",
"В",
"С",
"Ч",
"П",
"С"],
"days-standAlone-wide":[
"Неділя",
"Понеділок",
"Вівторок",
"Середа",
"Четвер",
"Пʼятниця",
"Субота"],
"quarters-format-abbreviated":[
"I кв.",
"II кв.",
"III кв.",
"IV кв."],
"quarters-format-narrow":[
"1",
"2",
"3",
"4"],
"quarters-format-wide":[
"I квартал",
"II квартал",
"III квартал",
"IV квартал"],
"quarters-standAlone-abbreviated":[
"1-й кв.",
"2-й кв.",
"3-й кв.",
"4-й кв."],
"quarters-standAlone-narrow":[
"1",
"2",
"3",
"4"],
"quarters-standAlone-wide":[
"1-й квартал",
"2-й квартал",
"3-й квартал",
"4-й квартал"],
"dayPeriods-format-abbreviated":[
"дп",
"пп"],
"dayPeriods-format-narrow":[
"дп",
"пп"],
"dayPeriods-format-wide":[
"дп",
"пп"],
"dayPeriods-standAlone-abbreviated":[
"дп",
"пп"],
"dayPeriods-standAlone-narrow":[
"дп",
"пп"],
"dayPeriods-standAlone-wide":[
"дп",
"пп"],
"decimalFormat":{
"standard":"#,##0.###"},
"decimalFormat-short":{
"1000":"0",
"10000":"0",
"100000":"0",
"1000000":"0",
"10000000":"0",
"100000000":"0",
"1000000000":"0",
"10000000000":"0",
"100000000000":"0",
"1000000000000":"0",
"10000000000000":"0",
"100000000000000":"0"},
"scientificFormat":{
"standard":"#E0"},
"percentFormat":{
"standard":"#,##0%"},
"currencyFormat":{
"standard":"#,##0.00 ¤"},
"symbols-latn-decimal":",",
"symbols-latn-group":" ",
"symbols-latn-list":";",
"symbols-latn-percentSign":"%",
"symbols-latn-plusSign":"+",
"symbols-latn-minusSign":"-",
"symbols-latn-exponential":"Е",
"symbols-latn-perMille":"‰",
"symbols-latn-infinity":"∞",
"symbols-latn-nan":"Не число",
"weekData-minDays":1,
"weekData-firstDay":1,
"weekData-weekendStart":6,
"weekData-weekendEnd":0
}