{
"languages":{
"ab":"Tiếng Abkhazia",
"af":"Tiếng Nam Phi",
"am":"Tiếng Amharic",
"ar":"Tiếng A-rập",
"as":"Tiếng Assam",
"ay":"Tiếng Aymara",
"az":"Tiếng Ai-déc-bai-gian",
"be":"Tiếng Bê-la-rút",
"bg":"Tiếng Bun-ga-ri",
"bh":"Tiếng Bihari",
"bn":"Tiếng Bengali (Ấn Độ)",
"bo":"Tiếng Tây Tạng",
"br":"Tiếng Breton",
"bs":"Tiếng Nam Tư",
"ca":"Tiếng Ca-ta-lăng",
"cs":"Tiếng Séc",
"cy":"Tiếng Xentơ",
"da":"Tiếng Đan Mạch",
"de":"Tiếng Đức",
"de_CH":"Tiếng Đức Chuẩn (Thụy Sĩ)",
"dv":"Tiếng Divehi",
"dz":"Tiếng Dzongkha",
"efi":"Tiếng Efik",
"el":"Tiếng Hy Lạp",
"en":"Tiếng Anh",
"en_CA":"Tiếng Anh (Canada)",
"en_GB":"Tiếng Anh (Anh)",
"en_US":"Tiếng Anh (Mỹ)",
"eo":"Tiếng Quốc Tế Ngữ",
"es":"Tiếng Tây Ban Nha",
"es_419":"Tiếng Tây Ban Nha (Mỹ La tinh)",
"es_ES":"Tiếng Tây Ban Nha (I-bê-ri)",
"et":"Tiếng E-xtô-ni-a",
"eu":"Tiếng Basque",
"fa":"Tiếng Ba Tư",
"fi":"Tiếng Phần Lan",
"fil":"Tiếng Philipin",
"fj":"Tiếng Fiji",
"fo":"Tiếng Faore",
"fr":"Tiếng Pháp",
"fr_CA":"Tiếng Pháp (Canada)",
"fy":"Tiếng Frisian",
"ga":"Tiếng Ai-len",
"gd":"Tiếng Xentơ (Xcốt len)",
"gl":"Tiếng Galician",
"gn":"Tiếng Guarani",
"gsw":"Tiếng Đức Thụy Sĩ",
"gu":"Tiếng Gujarati",
"ha":"Tiếng Hausa",
"haw":"Tiếng Hawaii",
"he":"Tiếng Hê-brơ",
"hi":"Tiếng Hin-đi",
"hr":"Tiếng Crô-a-ti-a",
"ht":"Tiếng Haiti",
"hu":"Tiếng Hung-ga-ri",
"hy":"Tiếng Ác-mê-ni",
"ia":"Tiếng Khoa Học Quốc Tế",
"id":"Tiếng In-đô-nê-xia",
"ig":"Tiếng Igbo",
"is":"Tiếng Ai-xơ-len",
"it":"Tiếng Ý",
"ja":"Tiếng Nhật",
"jv":"Tiếng Gia-va",
"ka":"Tiếng Georgian",
"kk":"Tiếng Kazakh",
"km":"Tiếng Campuchia",
"kn":"Tiếng Kan-na-đa",
"ko":"Tiếng Hàn Quốc",
"ks":"Tiếng Kashmiri",
"ku":"Tiếng Kurd (Iran)",
"ky":"Tiếng Kyrgyz",
"la":"Tiếng La-tinh",
"lb":"Tiếng Luxembourg",
"ln":"Tiếng Lingala",
"lo":"Tiếng Lào",
"lt":"Tiếng Lít-va",
"lv":"Tiếng Lát-vi-a",
"mg":"Tiếng Malagasy",
"mi":"Tiếng Maori",
"mk":"Tiếng Ma-xê-đô-ni-a",
"ml":"Tiếng Malayalam",
"mn":"Tiếng Mông Cổ",
"mr":"Tiếng Marathi",
"ms":"Tiếng Ma-lay-xi-a",
"mt":"Tiếng Mantơ",
"my":"Tiếng Miến Điện",
"nb":"Tiếng Na Uy (Bokmål)",
"nd":"Bắc Ndebele",
"ne":"Tiếng Nê-pan",
"nl":"Tiếng Hà Lan",
"nl_BE":"Tiếng Flemish",
"nn":"Tiếng Na Uy (Nynorsk)",
"no":"Tiếng Na Uy",
"nso":"Bắc Sotho",
"ny":"Tiếng Nyanja",
"oc":"Tiếng Occitan",
"or":"Tiếng Ô-ri-a",
"os":"Tiếng Ossetic",
"pa":"Tiếng Punjabi",
"pl":"Tiếng Ba Lan",
"ps":"Tiếng Pa-tô",
"pt":"Tiếng Bồ Đào Nha",
"pt_BR":"Tiếng Bồ Đào Nha (Braxin)",
"pt_PT":"Tiếng Bồ Đào Nha (I-bê-ri)",
"qu":"Tiếng Quechua",
"rm":"Tiếng Rhaeto-Romance",
"rn":"Tiếng Rundi",
"ro":"Tiếng Ru-ma-ni",
"ru":"Tiếng Nga",
"rw":"Tiếng Kinyarwanda",
"sa":"Tiếng Phạn",
"sd":"Tiếng Sin-hi",
"se":"Bắc Sami",
"sg":"Tiếng Sango",
"sh":"Tiếng Xéc bi - Croatia",
"si":"Tiếng Sinhala",
"sk":"Tiếng Xlô-vác",
"sl":"Tiếng Xlô-ven",
"sm":"Tiếng Samoa",
"sn":"Tiếng Shona",
"so":"Tiếng Xô-ma-li",
"sq":"Tiếng An-ba-ni",
"sr":"Tiếng Séc-bi",
"ss":"Tiếng Swati",
"st":"Tiếng Sesotho",
"su":"Tiếng Xu đăng",
"sv":"Tiếng Thụy Điển",
"sw":"Tiếng Bantu (Đông Phi)",
"swb":"Tiếng Cômo",
"ta":"Tiếng Tamil",
"te":"Tiếng Telugu",
"tet":"Tetum",
"tg":"Tiếng Tajik",
"th":"Tiếng Thái",
"ti":"Tiếng Tigrigya",
"tk":"Tiếng Tuôc-men",
"tl":"Tiếng Tagalog",
"tlh":"Tiếng Klingon",
"tn":"Tiếng Tswana",
"to":"Tiếng Tonga",
"tpi":"Tiếng Tok Pisin",
"tr":"Tiếng Thổ Nhĩ Kỳ",
"ts":"Tiếng Tsonga",
"tt":"Tiếng Tatar",
"tw":"Tiếng Twi",
"ty":"Tiếng Tahiti",
"ug":"Tiếng Uighur",
"uk":"Tiếng U-crai-na",
"und":"Tiếng không xác định",
"ur":"Tiếng Uđu",
"uz":"Tiếng U-dơ-bếch",
"ve":"Tiếng Venda",
"vi":"Tiếng Việt",
"wo":"Tiếng Wolof",
"xh":"Tiếng Bantu",
"yi":"Tiếng Y-đit",
"yo":"Tiếng Yoruba",
"yue":"Tiếng Quảng Đông",
"zh":"Tiếng Trung Quốc",
"zh_Hans":"Tiếng Trung Quốc (Giản thể)",
"zh_Hant":"Tiếng Trung Quốc (Phồn thể)",
"zu":"Tiếng Zulu",
"zxx":"Không có nội dung ngôn ngữ"
},
"scripts":{
"Arab":"Chữ Ả Rập",
"Armn":"Chữ Armenia",
"Beng":"Chữ Bengali",
"Bopo":"Chữ Bopomofo",
"Brai":"Chữ nổi Braille",
"Cyrl":"Chữ Kirin",
"Deva":"Chữ Devanagari",
"Ethi":"Chữ Ethiopia",
"Geor":"Chữ Georgia",
"Grek":"Chữ Hy Lạp",
"Gujr":"Chữ Gujarati",
"Guru":"Chữ Gurmukhi",
"Hang":"Chữ Hangul",
"Hani":"Chữ Hán",
"Hans":"Giản thể",
"Hant":"Phồn thể",
"Hebr":"Chữ Do Thái",
"Hira":"Chữ Hiragana",
"Jpan":"Nhật Bản",
"Kana":"Chữ Katakana",
"Khmr":"Chữ Khơ-me",
"Knda":"Chữ Kannada",
"Kore":"Hàn Quốc",
"Laoo":"Chữ Lào",
"Latn":"Chữ La tinh",
"Mlym":"Chữ Malayalam",
"Mong":"Chữ Mông Cổ",
"Mymr":"Myanma",
"Orya":"Chữ Oriya",
"Sinh":"Chữ Sinhala",
"Taml":"Chữ Tamil",
"Telu":"Chữ Telugu",
"Thaa":"Chữ Thaana",
"Thai":"Chữ Thái",
"Tibt":"Chữ Tây Tạng",
"Zsym":"Ký hiệu",
"Zxxx":"Chưa có chữ viết",
"Zyyy":"Chung",
"Zzzz":"Chữ viết Không xác định"
},
"territories":{
"001":"Thế giới",
"002":"Châu Phi",
"003":"Bắc Mỹ",
"005":"Nam Mỹ",
"009":"Châu Đại Dương",
"011":"Tây Phi",
"013":"Trung Mỹ",
"014":"Đông Phí",
"015":"Bắc Phi",
"017":"Trung Phi",
"018":"Miền Nam Châu Phi",
"019":"Châu Mỹ",
"021":"Miền Bắc Châu Mỹ",
"029":"Ca-ri-bê",
"030":"Đông Á",
"034":"Nam Á",
"035":"Đông Nam Á",
"039":"Nam Âu",
"053":"Úc và New Zealand",
"054":"Melanesia",
"057":"Vùng Micronesian",
"061":"Polynesia",
"062":"Trung Nam Á",
"142":"Châu Á",
"143":"Trung Á",
"145":"Tây Á",
"150":"Âu Châu",
"151":"Đông Âu",
"154":"Miền Bắc Châu Âu",
"155":"Tây Âu",
"419":"Châu Mỹ La-tinh",
"AC":"Đảo Ascension",
"AD":"Andorra",
"AE":"Các Tiểu Vương quốc A-rập Thống nhất",
"AF":"Áp-ga-ni-xtan",
"AG":"An-ti-gu-a và Ba-bu-đa",
"AI":"Anguilla",
"AL":"An-ba-ni",
"AM":"Ác-mê-ni-a",
"AN":"Tây Ấn Hà Lan",
"AO":"Ăng-gô-la",
"AQ":"Nam Cực",
"AR":"Ác-hen-ti-na",
"AS":"Đảo Somoa thuộc Mỹ",
"AT":"Áo",
"AU":"Úc",
"AW":"Aruba",
"AX":"Quần đảo Aland",
"AZ":"Ai-déc-bai-gian",
"BA":"Bô-xni-a Héc-xê-gô-vi-na",
"BB":"Bác-ba-đốt",
"BD":"Băng-la-đét",
"BE":"Bỉ",
"BF":"Buốc-ki-na Pha-xô",
"BG":"Bun-ga-ri",
"BH":"Ba-ren",
"BI":"Bu-run-đi",
"BJ":"Bê-nanh",
"BM":"Bermuda",
"BN":"Bru-nây",
"BO":"Bô-li-vi-a",
"BR":"Bra-xin",
"BS":"Ba-ha-ma",
"BT":"Bu-tan (Bhutan)",
"BV":"Đảo Bouvet (Na Uy)",
"BW":"Bốt-xoa-na",
"BY":"Bê-la-rút",
"BZ":"Bê-li-xê",
"CA":"Ca-na-đa",
"CC":"Quần đảo Cocos",
"CD":"Cộng hoà dân chủ Côngô",
"CF":"Cộng hòa Trung Phi",
"CG":"Công-gô",
"CH":"Thụy Sĩ",
"CI":"Bờ Biển Ngà",
"CK":"Quần Đảo Cook",
"CL":"Chi-lê",
"CM":"Ca-mơ-run",
"CN":"Trung Quốc",
"CO":"Cô-lôm-bi-a",
"CP":"Đảo Clipperton",
"CR":"Cốt-xta Ri-ca",
"CS":"Séc-bia",
"CU":"Cu Ba",
"CV":"Cáp-ve",
"CX":"Đảo Giáng Sinh",
"CY":"Síp",
"CZ":"Cộng hòa Séc",
"DE":"Đức",
"DG":"Diego Garcia",
"DJ":"Gi-bu-ti",
"DK":"Đan Mạch",
"DM":"Dominica",
"DO":"Cộng hoà Đô-mi-ni-ca",
"DZ":"An-giê-ri",
"EA":"Ceuta và Melilla",
"EC":"Ê-cu-a-đo",
"EE":"E-xtô-ni-a",
"EG":"Ai Cập",
"EH":"Tây Sahara",
"ER":"Ê-ri-tơ-rê-a",
"ES":"Tây Ban Nha",
"ET":"Ê-ti-ô-pi-a",
"EU":"Liên Minh Châu Âu",
"FI":"Phần Lan",
"FJ":"Phi-gi",
"FK":"Quần Đảo Falkland",
"FM":"Mi-crô-nê-xi-a",
"FO":"Quần Đảo Faroe",
"FR":"Pháp",
"GA":"Ga-bông",
"GB":"Vương quốc Anh",
"GD":"Grê-na-đa",
"GE":"Gru-di-a",
"GF":"Quiana thuộc Pháp",
"GG":"Guernsey",
"GH":"Gha-na",
"GI":"Gibraltar",
"GL":"Băng Đảo",
"GM":"Găm-bi-a",
"GN":"Ghi-nê",
"GP":"Guadeloupe",
"GQ":"Ghi-nê Xích-đạo",
"GR":"Hy Lạp",
"GS":"Quần đảo Nam Georgia và Nam Sandwich",
"GT":"Goa-tê-ma-la",
"GU":"Đảo Gu-am",
"GW":"Ghi-nê Bít-xao",
"GY":"Guy-a-na",
"HK":"Đặc khu hành chính Hồng Kông thuộc CHND Trung Hoa",
"HM":"Đảo Heard và Quần đảo McDonald",
"HN":"Hôn-đu-rát",
"HR":"Crô-a-ti-a",
"HT":"Ha-i-ti",
"HU":"Hung-ga-ri",
"IC":"Quần đảo Canary",
"ID":"Nam Dương",
"IE":"Ai-len",
"IL":"I-xra-en",
"IM":"Đảo Man",
"IN":"Ấn Độ",
"IO":"Thuộc địa Anh tại Ấn Độ Dương",
"IQ":"I-rắc",
"IR":"I-ran",
"IS":"Ai-xơ-len",
"IT":"Ý",
"JE":"Jersey",
"JM":"Ha-mai-ca",
"JO":"Gióc-đa-ni",
"JP":"Nhật Bản",
"KE":"Kê-ni-a",
"KG":"Cư-rơ-gư-xtan",
"KH":"Campuchia",
"KI":"Ki-ri-ba-ti",
"KM":"Cô-mô",
"KN":"Xan-kít và Nê-vi",
"KP":"Bắc Triều Tiên",
"KR":"Hàn Quốc",
"KW":"Cô-oét",
"KY":"Quần Đảo Cayman",
"KZ":"Ka-dắc-xtan",
"LA":"Lào",
"LB":"Li-băng",
"LC":"Xan Lu-xi",
"LI":"Lich-ten-xtên",
"LK":"Xri Lan-ca",
"LR":"Li-bê-ri-a",
"LS":"Lê-xô-thô",
"LT":"Li-tu-a-ni-a",
"LU":"Lúc-xăm-bua",
"LV":"Lát-vi-a",
"LY":"Li-bi",
"MA":"Ma-rốc",
"MC":"Mô-na-cô",
"MD":"Môn-đô-va",
"ME":"Montenegro",
"MG":"Ma-đa-gát-xca",
"MH":"Quần đảo Mác-san",
"MK":"Ma-xê-đô-ni-a",
"ML":"Ma-li",
"MM":"Mi-an-ma",
"MN":"Mông Cổ",
"MO":"Đặc khu hành chính Macao thuộc CHND Trung Hoa",
"MP":"Quần Đảo Bắc Mariana",
"MR":"Mô-ri-ta-ni",
"MS":"Montserrat",
"MT":"Man-ta",
"MU":"Mô-ri-xơ",
"MV":"Man-đi-vơ",
"MW":"Ma-la-uy",
"MX":"Mê-hi-cô",
"MY":"Ma-lay-xi-a",
"MZ":"Mô-dăm-bích",
"NA":"Nam-mi-bi-a",
"NC":"New Caledonia",
"NE":"Ni-giê",
"NF":"Đảo Norfolk",
"NG":"Ni-giê-ri-a",
"NI":"Ni-ca-ra-goa",
"NL":"Hà Lan",
"NO":"Na Uy",
"NP":"Nê-pan",
"NR":"Nauru",
"NU":"Niue",
"NZ":"Niu Di-lân",
"OM":"Ô-man",
"PA":"Pa-na-ma",
"PE":"Pê-ru",
"PF":"Polynesia thuộc Pháp",
"PG":"Pa-pu-a Niu Ghi-nê",
"PH":"Phi-lip-pin",
"PK":"Pa-ki-xtan",
"PL":"Ba Lan",
"PM":"Saint Pierre và Miquelon",
"PN":"Quần đảo Pitcairn",
"PR":"Puerto Rico",
"PS":"Lãnh thổ Palestine",
"PT":"Bồ Đào Nha",
"PW":"Palau",
"PY":"Pa-ra-goay",
"QA":"Ca-ta",
"QO":"Vùng xa xôi thuộc Châu Đại Dương",
"RO":"Ru-ma-ni",
"RS":"Xéc-bi",
"RU":"Nga",
"RW":"Ru-an-đa",
"SA":"A-rập Xê-út",
"SB":"Quần đảo Xô-lô-mông",
"SC":"Xây-sen",
"SD":"Xu-đăng",
"SE":"Thụy Điển",
"SG":"Xin-ga-po",
"SH":"Saint Helena",
"SI":"Xlô-ven-ni-a",
"SJ":"Svalbard và Jan Mayen",
"SK":"Xlô-va-ki-a",
"SL":"Xi-ê-ra Lê-ôn",
"SM":"Xan Ma-ri-nô",
"SN":"Xê-nê-gan",
"SO":"Xô-ma-li",
"SR":"Xu-ri-nam",
"ST":"Xao Tô-mê và Prin-xi-pê",
"SV":"En-san-va-đo",
"SY":"Xi-ri",
"SZ":"Xoa-di-len",
"TA":"Tristan da Cunha",
"TC":"Quần Đảo Turk và Caicos",
"TD":"Sát",
"TF":"Thuộc Địa Nam của Pháp",
"TG":"Tô-gô",
"TH":"Thái Lan",
"TJ":"Tát-gi-ki-xtan",
"TK":"Tokelau",
"TL":"Đông Ti-mo",
"TM":"Tuốc-mê-ni-xtan",
"TN":"Tuy-ni-di",
"TO":"Tông-ga",
"TR":"Thổ Nhĩ Kỳ",
"TT":"Tri-ni-đát và Tô-ba-gô",
"TV":"Tu-va-lu",
"TW":"Đài Loan",
"TZ":"Tan-da-ni-a",
"UA":"U-crai-na",
"UG":"U-gan-đa",
"UM":"Các đảo nhỏ xa trung tâm thuộc Mỹ",
"US":"Hoa Kỳ",
"UY":"U-ru-goay",
"UZ":"U-dơ-bê-ki-xtan",
"VA":"Va-ti-căng",
"VC":"Xan Vin-xen và Grê-na-din",
"VE":"Vê-nê-zu-ê-la",
"VG":"Đảo Virgin, thuộc Anh",
"VI":"Quần đảo Virgin, Mỹ",
"VN":"Việt Nam",
"VU":"Va-nu-a-tu",
"WF":"Wallis và Futuna",
"WS":"Xa-moa",
"YE":"Y-ê-men",
"ZA":"Nam Phi",
"ZM":"Dăm-bi-a",
"ZW":"Dim-ba-bu-ê",
"ZZ":"Vùng Chưa biết hoặc không Hợp lệ"
},
"orientation":"left-to-right",
"dateFormat-full":"EEEE, 'ngày' dd MMMM 'năm' y",
"dateFormat-long":"'Ngày' dd 'tháng' M 'năm' y",
"dateFormat-medium":"dd-MM-yyyy",
"dateFormat-short":"dd/MM/yyyy",
"timeFormat-full":"HH:mm:ss zzzz",
"timeFormat-long":"HH:mm:ss z",
"timeFormat-medium":"HH:mm:ss",
"timeFormat-short":"HH:mm",
"dateTimeFormat-full":"{0} {1}",
"dateTimeFormat-long":"{0} {1}",
"dateTimeFormat-medium":"{0} {1}",
"dateTimeFormat-short":"{0} {1}",
"months-defaultContext":"format",
"months-defaultWidth":"wide",
"months-format-abbreviated":[
"thg 1",
"thg 2",
"thg 3",
"thg 4",
"thg 5",
"thg 6",
"thg 7",
"thg 8",
"thg 9",
"thg 10",
"thg 11",
"thg 12"],
"months-format-narrow":[
"1",
"2",
"3",
"4",
"5",
"6",
"7",
"8",
"9",
"10",
"11",
"12"],
"months-format-wide":[
"tháng một",
"tháng hai",
"tháng ba",
"tháng tư",
"tháng năm",
"tháng sáu",
"tháng bảy",
"tháng tám",
"tháng chín",
"tháng mười",
"tháng mười một",
"tháng mười hai"],
"months-standAlone-abbreviated":[
"thg 1",
"thg 2",
"thg 3",
"thg 4",
"thg 5",
"thg 6",
"thg 7",
"thg 8",
"thg 9",
"thg 10",
"thg 11",
"thg 12"],
"months-standAlone-narrow":[
"1",
"2",
"3",
"4",
"5",
"6",
"7",
"8",
"9",
"10",
"11",
"12"],
"months-standAlone-wide":[
"tháng một",
"tháng hai",
"tháng ba",
"tháng tư",
"tháng năm",
"tháng sáu",
"tháng bảy",
"tháng tám",
"tháng chín",
"tháng mười",
"tháng mười một",
"tháng mười hai"],
"days-defaultContext":"format",
"days-defaultWidth":"wide",
"days-format-abbreviated":[
"CN",
"Th 2",
"Th 3",
"Th 4",
"Th 5",
"Th 6",
"Th 7"],
"days-format-narrow":[
"CN",
"T2",
"T3",
"T4",
"T5",
"T6",
"T7"],
"days-format-wide":[
"Chủ nhật",
"Thứ hai",
"Thứ ba",
"Thứ tư",
"Thứ năm",
"Thứ sáu",
"Thứ bảy"],
"days-standAlone-abbreviated":[
"CN",
"Th 2",
"Th 3",
"Th 4",
"Th 5",
"Th 6",
"Th 7"],
"days-standAlone-narrow":[
"CN",
"T2",
"T3",
"T4",
"T5",
"T6",
"T7"],
"days-standAlone-wide":[
"Chủ nhật",
"Thứ hai",
"Thứ ba",
"Thứ tư",
"Thứ năm",
"Thứ sáu",
"Thứ bảy"],
"quarters-format-abbreviated":[
"Q1",
"Q2",
"Q3",
"Q4"],
"quarters-format-narrow":[
"1",
"2",
"3",
"4"],
"quarters-format-wide":[
"Quý 1",
"Quý 2",
"Quý 3",
"Quý 4"],
"quarters-standAlone-abbreviated":[
"Q1",
"Q2",
"Q3",
"Q4"],
"quarters-standAlone-narrow":[
"1",
"2",
"3",
"4"],
"quarters-standAlone-wide":[
"Quý 1",
"Quý 2",
"Quý 3",
"Quý 4"],
"dayPeriods-format-abbreviated":[
"SA",
"CH"],
"dayPeriods-format-narrow":[
"SA",
"CH"],
"dayPeriods-format-wide":[
"SA",
"CH"],
"dayPeriods-standAlone-abbreviated":[
"SA",
"CH"],
"dayPeriods-standAlone-narrow":[
"SA",
"CH"],
"dayPeriods-standAlone-wide":[
"SA",
"CH"],
"decimalFormat":{
"standard":"#,##0.###"},
"decimalFormat-short":{
"1000":"0.0N",
"10000":"00N",
"100000":"000N",
"1000000":"0.0 Tr",
"10000000":"00 Tr",
"100000000":"000 Tr",
"1000000000":"0.0 Tỷ",
"10000000000":"00 Tỷ",
"100000000000":"000 Tỷ",
"1000000000000":"0.0 NT",
"10000000000000":"00 NT",
"100000000000000":"000 NT"},
"scientificFormat":{
"standard":"#E0"},
"percentFormat":{
"standard":"#,##0%"},
"currencyFormat":{
"standard":"#,##0.00 ¤"},
"symbols-latn-decimal":",",
"symbols-latn-group":".",
"symbols-latn-list":";",
"symbols-latn-percentSign":"%",
"symbols-latn-plusSign":"+",
"symbols-latn-minusSign":"-",
"symbols-latn-exponential":"E",
"symbols-latn-perMille":"‰",
"symbols-latn-infinity":"∞",
"symbols-latn-nan":"NaN",
"weekData-minDays":1,
"weekData-firstDay":1,
"weekData-weekendStart":6,
"weekData-weekendEnd":0
}