{
"languages":{
"aa":"阿法文",
"ab":"阿布哈西亚文",
"ace":"亚齐文",
"ach":"阿乔利文",
"ada":"阿当梅文",
"ady":"阿迪何文",
"ae":"阿维斯塔文",
"af":"南非荷兰文",
"afa":"其他亚非语系",
"afh":"阿弗里希利文",
"ain":"阿伊努文",
"ak":"阿肯文",
"akk":"阿卡德文",
"ale":"阿留申文",
"alg":"其他阿尔贡语系",
"alt":"南阿尔泰文",
"am":"阿姆哈拉文",
"an":"阿拉贡文",
"ang":"古英文",
"anp":"昂加语",
"apa":"阿帕切文",
"ar":"阿拉伯文",
"arc":"阿拉米文",
"arn":"阿劳坎文",
"arp":"阿拉帕霍文",
"art":"其他人工语系",
"arw":"阿拉瓦克文",
"as":"阿萨姆文",
"ast":"阿斯图里亚思文",
"ath":"阿萨帕斯坎语系",
"aus":"澳大利亚语系",
"av":"阿瓦尔文",
"awa":"阿瓦乔文",
"ay":"艾马拉文",
"az":"阿塞拜疆文",
"ba":"巴什客尔文",
"bad":"班达文",
"bai":"巴米累克语系",
"bal":"俾路支文",
"ban":"巴里文",
"bas":"巴萨文",
"bat":"其他波罗的语系",
"be":"白俄罗斯文",
"bej":"别札文",
"bem":"别姆巴文",
"ber":"柏柏尔文",
"bg":"保加利亚文",
"bh":"比哈尔文",
"bho":"博杰普尔文",
"bi":"比斯拉马文",
"bik":"毕库尔文",
"bin":"比尼文",
"bla":"司克司卡文",
"bm":"班巴拉文",
"bn":"孟加拉文",
"bnt":"班图文",
"bo":"藏文",
"br":"布里多尼文",
"bra":"布拉杰文",
"bs":"波斯尼亚文",
"btk":"巴塔克文",
"bua":"布里亚特文",
"bug":"布吉文",
"byn":"布林文",
"ca":"加泰罗尼亚文",
"cad":"卡多文",
"cai":"其他中美印第安语系",
"car":"巴勒比文",
"cau":"其他高加索语系",
"ce":"车臣文",
"ceb":"宿务文",
"cel":"其他凯尔特语系",
"ch":"查莫罗文",
"chb":"契布卡文",
"chg":"查加文",
"chk":"楚吾克文",
"chm":"马里文",
"chn":"契努克文",
"cho":"乔克托文",
"chp":"佩瓦扬文",
"chr":"彻罗基文",
"chy":"夏延文",
"cmc":"查米克文",
"co":"科西嘉文",
"cop":"科普特文",
"cpe":"其他以英文为基础的克里奥尔混合语系",
"cpf":"其他以法文为基础的克里奥尔混合语系",
"cpp":"其他以葡萄牙文为基础的克里奥尔混合语系",
"cr":"克里族文",
"crh":"克里米亚土耳其文；克里米亚塔塔文",
"crp":"其他克里奥尔混合语系",
"cs":"捷克文",
"csb":"卡舒文",
"cu":"宗教斯拉夫文",
"cus":"其他库施特语系",
"cv":"楚瓦什文",
"cy":"威尔士文",
"da":"丹麦文",
"dak":"达科他文",
"dar":"达尔格瓦文",
"day":"达雅克文",
"de":"德文",
"de_AT":"奥地利德文",
"de_CH":"瑞士高地德文",
"del":"特拉华文",
"den":"司雷夫文",
"dgr":"多格里布文",
"din":"丁卡文",
"doi":"多格拉文",
"dra":"其他德拉维语系",
"dsb":"下索布文",
"dua":"都阿拉文",
"dum":"中古荷兰文",
"dv":"迪维希文",
"dyu":"迪尤拉文",
"dz":"不丹文",
"ee":"埃维文",
"efi":"埃菲克文",
"egy":"古埃及文",
"eka":"埃克丘克文",
"el":"希腊文",
"elx":"艾拉米特文",
"en":"英文",
"en_AU":"澳大利亚英文",
"en_CA":"加拿大英文",
"en_GB":"英国英文",
"en_US":"美国英文",
"enm":"中古英文",
"eo":"世界文",
"es":"西班牙文",
"es_419":"拉丁美洲西班牙文",
"es_ES":"伊比利亚西班牙文",
"et":"爱沙尼亚文",
"eu":"巴斯克文",
"ewo":"旺杜文",
"fa":"波斯文",
"fan":"芳格文",
"fat":"芳蒂文",
"ff":"夫拉文",
"fi":"芬兰文",
"fil":"菲律宾文",
"fiu":"其他芬兰乌戈尔语系",
"fj":"斐济文",
"fo":"法罗文",
"fon":"丰文",
"fr":"法文",
"fr_CA":"加拿大法文",
"fr_CH":"瑞士法文",
"frm":"中古法文",
"fro":"古法文",
"frr":"北弗里西亚语",
"frs":"东弗里西亚文",
"fur":"弗留利文",
"fy":"西弗里西亚文",
"ga":"爱尔兰文",
"gaa":"加文",
"gay":"迦约文",
"gba":"葛巴亚文",
"gd":"苏格兰盖尔文",
"gem":"其他日尔曼语系",
"gez":"吉兹文",
"gil":"吉尔伯特斯文",
"gl":"加利西亚文",
"gmh":"中古高地德文",
"gn":"瓜拉尼文",
"goh":"古高地德文",
"gon":"岗德文",
"gor":"科洛涅达罗文",
"got":"哥特文",
"grb":"格列博文",
"grc":"古希腊文",
"gsw":"瑞士德文",
"gu":"古吉拉特文",
"gv":"马恩岛文",
"gwi":"吉维克琴文",
"ha":"豪撒文",
"hai":"海达文",
"haw":"夏威夷文",
"he":"希伯来文",
"hi":"印地文",
"hil":"希利盖农文",
"him":"赫马查利文",
"hit":"赫梯文",
"hmn":"赫蒙文",
"ho":"希里莫图文",
"hr":"克罗地亚文",
"hsb":"上索布文",
"ht":"海地文",
"hu":"匈牙利文",
"hup":"胡帕文",
"hy":"亚美尼亚文",
"hz":"赫雷罗文",
"ia":"国际语",
"iba":"伊班文",
"id":"印度尼西亚文",
"ie":"国际语（E）",
"ig":"伊格博文",
"ii":"四川彝文",
"ijo":"伊乔文",
"ik":"依奴皮维克文",
"ilo":"伊洛干诺文",
"inc":"其他印度语系",
"ine":"其他印欧语系",
"inh":"印古什文",
"io":"伊多文",
"ira":"伊朗文",
"iro":"伊洛魁语系",
"is":"冰岛文",
"it":"意大利文",
"iu":"伊努伊特文",
"ja":"日文",
"jbo":"逻辑文",
"jpr":"犹太波斯文",
"jrb":"犹太阿拉伯文",
"jv":"爪哇文",
"ka":"格鲁吉亚文",
"kaa":"卡拉卡尔帕克文",
"kab":"卡比尔文",
"kac":"卡琴文",
"kam":"卡姆巴文",
"kar":"喀伦文",
"kaw":"卡威文",
"kbd":"卡巴尔达文",
"kfo":"科罗语",
"kg":"刚果文",
"kha":"卡西文",
"khi":"其他科伊桑语系",
"kho":"和田文",
"ki":"吉库尤文",
"kj":"宽亚玛文",
"kk":"哈萨克文",
"kl":"格陵兰文",
"km":"柬埔寨文",
"kmb":"金邦杜文",
"kn":"坎纳达文",
"ko":"韩文",
"kok":"刚卡尼文",
"kos":"科斯拉伊文",
"kpe":"克佩列文",
"kr":"卡努里文",
"krc":"卡拉恰伊巴尔卡尔文",
"krl":"卡累利阿文",
"kro":"克鲁文",
"kru":"库鲁克文",
"ks":"克什米尔文",
"ku":"库尔德文",
"kum":"库梅克文",
"kut":"库特内文",
"kv":"科米文",
"kw":"凯尔特文",
"ky":"吉尔吉斯文",
"la":"拉丁文",
"lad":"拉迪诺文",
"lah":"拉亨达文",
"lam":"兰巴文",
"lb":"卢森堡文",
"lez":"莱兹依昂文",
"lg":"卢干达文",
"li":"淋布尔吉文",
"ln":"林加拉文",
"lo":"老挝文",
"lol":"芒戈文",
"loz":"洛兹文",
"lt":"立陶宛文",
"lu":"鲁巴加丹加文",
"lua":"鲁巴鲁瓦文",
"lui":"路易塞诺文",
"lun":"隆达文",
"luo":"卢奥文",
"lus":"卢晒文",
"lv":"拉脱维亚文",
"mad":"马都拉文",
"mag":"马加伊文",
"mai":"迈蒂利文",
"mak":"望加锡文",
"man":"曼丁哥文",
"map":"澳斯特罗尼西亚语系",
"mas":"萨伊语",
"mdf":"莫克沙文",
"mdr":"曼达尔",
"men":"门迪文",
"mg":"马尔加什文",
"mga":"中古爱尔兰文",
"mh":"马绍尔文",
"mi":"毛利文",
"mic":"米克马克文",
"min":"米南卡保文",
"mis":"各种不同语系",
"mk":"马其顿文",
"mkh":"其他孟高棉语系",
"ml":"马拉雅拉姆文",
"mn":"蒙古文",
"mnc":"满文",
"mni":"曼尼普里文",
"mno":"马诺博语系",
"mo":"摩尔多瓦文",
"moh":"摩霍克文",
"mos":"莫西文",
"mr":"马拉地文",
"ms":"马来文",
"mt":"马耳他文",
"mul":"多种语系",
"mun":"蒙达语系",
"mus":"克里克文",
"mwl":"米兰德斯文",
"mwr":"马尔瓦利文",
"my":"缅甸文",
"myn":"玛雅语系",
"myv":"俄日亚文",
"na":"瑙鲁文",
"nah":"纳瓦特尔文",
"nai":"其他北美印第安语系",
"nap":"拿波里文",
"nb":"挪威博克马尔文",
"nd":"北恩德贝勒文",
"nds":"低地德文；低地撒克逊文",
"ne":"尼泊尔文",
"new":"尼瓦尔文",
"ng":"恩东加文",
"nia":"尼亚斯文",
"nic":"其他尼日尔科尔多凡语系",
"niu":"纽埃文",
"nl":"荷兰文",
"nl_BE":"佛兰芒文",
"nn":"挪威尼诺斯克文",
"no":"挪威文",
"nog":"诺盖文",
"non":"古诺尔斯文",
"nqo":"西非书面语言",
"nr":"南恩德贝勒文",
"nso":"北索托文",
"nub":"努比亚语系",
"nv":"纳瓦霍文",
"nwc":"尼瓦尔文（Classical Newari）",
"ny":"尼扬扎文",
"nym":"尼亚姆韦齐文",
"nyn":"尼昂科勒文",
"nyo":"尼约罗文",
"nzi":"恩济马文",
"oc":"奥克西唐语",
"oj":"奥吉布瓦文",
"om":"奥洛莫文",
"or":"欧里亚文",
"os":"奥塞梯文",
"osa":"奥萨格文",
"ota":"奥托曼土耳其文",
"oto":"奥托米语系",
"pa":"旁遮普文",
"paa":"其他巴布亚文",
"pag":"邦阿西楠文",
"pal":"帕拉维文",
"pam":"邦板牙文",
"pap":"帕皮亚门托文",
"pau":"帕劳文",
"peo":"古老波斯语",
"phi":"其他菲律宾语系",
"phn":"腓尼基文",
"pi":"巴利文",
"pl":"波兰文",
"pon":"波纳佩文",
"pra":"普拉克里特诸语言",
"pro":"普罗文斯文",
"ps":"普什图文",
"pt":"葡萄牙文",
"pt_BR":"巴西葡萄牙文",
"pt_PT":"伊比利亚葡萄牙文",
"qu":"盖丘亚文",
"raj":"拉贾斯坦文",
"rap":"拉帕努伊文",
"rar":"拉罗汤加文",
"rm":"罗曼什文",
"rn":"基隆迪文",
"ro":"罗马尼亚文",
"roa":"其他拉丁语系",
"rom":"吉普赛文",
"root":"根语言",
"ru":"俄文",
"rup":"亚美尼亚语",
"rw":"卢旺达文",
"sa":"梵文",
"sad":"散达维文",
"sah":"雅库特文",
"sai":"其他南美印第安文",
"sal":"萨利什文",
"sam":"萨玛利亚文",
"sas":"萨萨克文",
"sat":"桑塔利文",
"sc":"萨丁文",
"scn":"西西里文",
"sco":"苏格兰文",
"sd":"信德文",
"se":"北萨米文",
"sel":"塞尔库普文",
"sem":"其他闪族语系",
"sg":"桑戈文",
"sga":"古爱尔兰文",
"sgn":"手语",
"sh":"塞尔维亚-克罗地亚文",
"shn":"掸文",
"si":"僧伽罗文",
"sid":"悉达摩文",
"sio":"苏语诸语言",
"sit":"其他汉藏语系",
"sk":"斯洛伐克文",
"sl":"斯洛文尼亚文",
"sla":"其他斯拉夫语系",
"sm":"萨摩亚文",
"sma":"南萨米文",
"smi":"其他萨米文",
"smj":"律勒欧萨莫斯语",
"smn":"伊纳里萨米语",
"sms":"斯科特萨米文",
"sn":"绍纳文",
"snk":"索尼基文",
"so":"索马里文",
"sog":"古粟特语",
"son":"桑海文",
"sq":"阿尔巴尼亚文",
"sr":"塞尔维亚文",
"srn":"苏里南汤加语",
"srr":"谢列尔文",
"ss":"斯瓦特文",
"ssa":"非洲撒哈拉沙漠边缘地带语言",
"st":"南索托文",
"su":"巽他文",
"suk":"苏库马文",
"sus":"苏苏文",
"sux":"苏马文",
"sv":"瑞典文",
"sw":"斯瓦希里文",
"swb":"科摩罗语",
"syr":"叙利亚文",
"ta":"泰米尔文",
"tai":"傣语诸语言（其他）",
"te":"泰卢固文",
"tem":"滕内语",
"ter":"特列纳文",
"tet":"特塔姆文",
"tg":"塔吉克文",
"th":"泰文",
"ti":"提格里尼亚文",
"tig":"提格雷文",
"tiv":"蒂夫文",
"tk":"土库曼文",
"tkl":"托克劳文",
"tl":"塔加洛语",
"tlh":"克林贡文",
"tli":"特林吉特文",
"tmh":"塔马奇克文",
"tn":"塞茨瓦纳文",
"to":"汤加文",
"tog":"汤加文（尼亚萨地区）",
"tpi":"托克皮辛文",
"tr":"土耳其文",
"ts":"宗加文",
"tsi":"蒂姆西亚文",
"tt":"塔塔尔文",
"tum":"通布卡文",
"tup":"图皮语系",
"tut":"阿尔泰诸语言（其他）",
"tvl":"图瓦卢文",
"tw":"特威文",
"ty":"塔西提文",
"tyv":"图瓦文",
"udm":"乌德穆尔特文",
"ug":"维吾尔文",
"uga":"乌加里特文",
"uk":"乌克兰文",
"umb":"翁本杜文",
"und":"未知语言",
"ur":"乌尔都文",
"uz":"乌兹别克文",
"vai":"瓦伊文",
"ve":"文达文",
"vi":"越南文",
"vo":"沃拉普克文",
"vot":"沃提克文",
"wa":"瓦隆文",
"wak":"瓦卡什诸语言",
"wal":"瓦拉莫文",
"war":"瓦赖文",
"was":"瓦绍文",
"wen":"索布诸语言",
"wo":"沃洛夫文",
"xal":"卡尔梅克文",
"xh":"科萨文",
"yao":"瑶族文",
"yap":"雅浦文",
"yi":"依地文",
"yo":"约鲁巴文",
"ypk":"尤皮克诸语言",
"yue":"粤语",
"za":"壮文",
"zap":"萨波蒂克文",
"zen":"泽纳加文",
"zh":"中文",
"zh_Hans":"简体中文",
"zh_Hant":"繁体中文",
"znd":"赞德文",
"zu":"祖鲁文",
"zun":"祖尼语",
"zxx":"无语言内容",
"zza":"扎扎文"
},
"scripts":{
"Arab":"阿拉伯文",
"Armn":"亚美尼亚文",
"Bali":"巴厘语",
"Batk":"巴塔克语",
"Beng":"孟加拉文",
"Blis":"布列斯符号",
"Bopo":"汉语拼音",
"Brah":"婆罗米文字",
"Brai":"布莱叶盲文",
"Bugi":"布吉语",
"Buhd":"布希德语",
"Cans":"加拿大土著统一音节",
"Cari":"卡里亚语",
"Cham":"占语",
"Cher":"切罗基语",
"Cirt":"色斯文",
"Copt":"克普特语",
"Cprt":"塞浦路斯语",
"Cyrl":"西里尔文",
"Cyrs":"西里尔文字（古教会斯拉夫语的变体）",
"Deva":"天城文",
"Dsrt":"德塞莱特文",
"Egyd":"后期埃及语",
"Egyh":"古埃及僧侣书写体",
"Egyp":"古埃及象形文",
"Ethi":"埃塞俄比亚文",
"Geok":"格鲁吉亚语（教堂体）",
"Geor":"格鲁吉亚文",
"Glag":"格拉哥里语",
"Goth":"哥特语",
"Grek":"希腊文",
"Gujr":"古吉拉特文",
"Guru":"果鲁穆奇语",
"Hang":"韩文字",
"Hani":"汉语",
"Hano":"汉奴罗语",
"Hans":"简体中文",
"Hant":"繁体中文",
"Hebr":"希伯来文",
"Hira":"平假名",
"Hmng":"杨松录苗文",
"Hrkt":"片假名或平假名",
"Hung":"古匈牙利语",
"Inds":"古希腊哈拉潘",
"Ital":"古意大利语",
"Java":"爪哇语",
"Jpan":"日文",
"Kali":"克耶李文字",
"Kana":"片假名",
"Khar":"卡罗须提文",
"Khmr":"高棉文",
"Knda":"卡纳塔克文",
"Kore":"韩文",
"Lana":"兰拿语",
"Laoo":"老挝文",
"Latf":"拉丁文（哥特式字体变体）",
"Latg":"拉丁文（盖尔语变体）",
"Latn":"拉丁文",
"Lepc":"雷布查语",
"Limb":"林布语",
"Lina":"线形文字（A）",
"Linb":"线形文字（B）",
"Lyci":"利西亚语",
"Lydi":"吕底亚语",
"Mand":"阿拉米语",
"Maya":"玛雅圣符文",
"Mero":"麦若提克文",
"Mlym":"马拉雅拉姆文",
"Mong":"蒙古语",
"Moon":"韩文语系",
"Mtei":"曼尼普尔语",
"Mymr":"缅甸文",
"Nkoo":"西非书面语言（N’Ko）",
"Ogam":"欧甘语",
"Olck":"桑塔利语",
"Orkh":"鄂尔浑文",
"Orya":"奥里亚文",
"Osma":"奥斯曼亚语",
"Perm":"古彼尔姆诸语",
"Phag":"八思巴文",
"Phnx":"腓尼基语",
"Plrd":"波拉德音标文字",
"Rjng":"拉让语",
"Roro":"朗格朗格文",
"Runr":"古代北欧文",
"Sara":"沙拉堤文",
"Saur":"索拉什特拉语",
"Sgnw":"书写符号",
"Shaw":"萧伯纳式语",
"Sinh":"辛哈拉文",
"Sund":"巽他文",
"Syrc":"叙利亚语",
"Syre":"福音体叙利亚文",
"Syrj":"西叙利亚语",
"Syrn":"东叙利亚语",
"Tagb":"塔格班瓦语",
"Tale":"泰乐语",
"Talu":"新傣文",
"Taml":"泰米尔文",
"Telu":"泰卢固文",
"Teng":"腾格瓦文字",
"Tfng":"提非纳文",
"Tglg":"塔加路语",
"Thaa":"塔安娜文",
"Thai":"泰文",
"Tibt":"藏语",
"Ugar":"乌加里特语",
"Vaii":"瓦依语",
"Visp":"可见语言",
"Xpeo":"古波斯语",
"Xsux":"苏美尔-阿卡德楔形文字",
"Yiii":"彝文",
"Zinh":"遗传学术语",
"Zsym":"符号",
"Zxxx":"非书面文字",
"Zyyy":"通用",
"Zzzz":"未知语系"
},
"territories":{
"001":"世界",
"002":"非洲",
"003":"北美洲",
"005":"南美洲",
"009":"大洋洲",
"011":"西非",
"013":"中美洲",
"014":"东非",
"015":"北非",
"017":"中非",
"018":"南部非洲",
"019":"美洲",
"021":"美洲北部",
"029":"加勒比海",
"030":"东亚",
"034":"南亚",
"035":"东南亚",
"039":"南欧",
"053":"澳大利亚和新西兰",
"054":"美拉尼西亚",
"057":"密克罗尼西亚",
"061":"玻利尼西亚",
"062":"中南亚",
"142":"亚洲",
"143":"中亚",
"145":"西亚",
"150":"欧洲",
"151":"东欧",
"154":"北欧",
"155":"西欧",
"172":"独联体",
"419":"拉丁美洲",
"830":"海峡群岛",
"AC":"阿森松岛",
"AD":"安道尔",
"AE":"阿拉伯联合酋长国",
"AF":"阿富汗",
"AG":"安提瓜和巴布达",
"AI":"安圭拉",
"AL":"阿尔巴尼亚",
"AM":"亚美尼亚",
"AN":"荷属安的列斯群岛",
"AO":"安哥拉",
"AQ":"南极洲",
"AR":"阿根廷",
"AS":"美属萨摩亚",
"AT":"奥地利",
"AU":"澳大利亚",
"AW":"阿鲁巴",
"AX":"奥兰群岛",
"AZ":"阿塞拜疆",
"BA":"波斯尼亚和黑塞哥维那",
"BB":"巴巴多斯",
"BD":"孟加拉国",
"BE":"比利时",
"BF":"布基纳法索",
"BG":"保加利亚",
"BH":"巴林",
"BI":"布隆迪",
"BJ":"贝宁",
"BL":"圣巴泰勒米",
"BM":"百慕大",
"BN":"文莱",
"BO":"玻利维亚",
"BR":"巴西",
"BS":"巴哈马",
"BT":"不丹",
"BV":"布维特岛",
"BW":"博茨瓦纳",
"BY":"白俄罗斯",
"BZ":"伯利兹",
"CA":"加拿大",
"CC":"科科斯（基林）群岛",
"CD":"刚果（金）",
"CF":"中非共和国",
"CG":"刚果（布）",
"CH":"瑞士",
"CI":"科特迪瓦",
"CK":"库克群岛",
"CL":"智利",
"CM":"喀麦隆",
"CN":"中国",
"CO":"哥伦比亚",
"CP":"克利珀顿岛",
"CR":"哥斯达黎加",
"CS":"塞尔维亚和黑山",
"CU":"古巴",
"CV":"佛得角",
"CX":"圣诞岛",
"CY":"塞浦路斯",
"CZ":"捷克共和国",
"DE":"德国",
"DG":"迪戈加西亚岛",
"DJ":"吉布提",
"DK":"丹麦",
"DM":"多米尼加",
"DO":"多米尼加共和国",
"DZ":"阿尔及利亚",
"EA":"休达及梅利利亚",
"EC":"厄瓜多尔",
"EE":"爱沙尼亚",
"EG":"埃及",
"EH":"西撒哈拉",
"ER":"厄立特里亚",
"ES":"西班牙",
"ET":"埃塞俄比亚",
"EU":"欧盟",
"FI":"芬兰",
"FJ":"斐济",
"FK":"福克兰群岛",
"FM":"密克罗尼西亚联邦",
"FO":"法罗群岛",
"FR":"法国",
"GA":"加蓬",
"GB":"英国",
"GD":"格林纳达",
"GE":"格鲁吉亚",
"GF":"法属圭亚那",
"GG":"格恩西岛",
"GH":"加纳",
"GI":"直布罗陀",
"GL":"格陵兰",
"GM":"冈比亚",
"GN":"几内亚",
"GP":"瓜德罗普岛",
"GQ":"赤道几内亚",
"GR":"希腊",
"GS":"南乔治亚岛和南桑威齐群岛",
"GT":"危地马拉",
"GU":"关岛",
"GW":"几内亚比绍",
"GY":"圭亚那",
"HK":"中国香港特别行政区",
"HM":"赫德与麦克唐纳群岛",
"HN":"洪都拉斯",
"HR":"克罗地亚",
"HT":"海地",
"HU":"匈牙利",
"IC":"加纳利群岛",
"ID":"印度尼西亚",
"IE":"爱尔兰",
"IL":"以色列",
"IM":"曼岛",
"IN":"印度",
"IO":"英属印度洋领地",
"IQ":"伊拉克",
"IR":"伊朗",
"IS":"冰岛",
"IT":"意大利",
"JE":"泽西岛",
"JM":"牙买加",
"JO":"约旦",
"JP":"日本",
"KE":"肯尼亚",
"KG":"吉尔吉斯斯坦",
"KH":"柬埔寨",
"KI":"基里巴斯",
"KM":"科摩罗",
"KN":"圣基茨和尼维斯",
"KP":"朝鲜",
"KR":"韩国",
"KW":"科威特",
"KY":"开曼群岛",
"KZ":"哈萨克斯坦",
"LA":"老挝",
"LB":"黎巴嫩",
"LC":"圣卢西亚",
"LI":"列支敦士登",
"LK":"斯里兰卡",
"LR":"利比里亚",
"LS":"莱索托",
"LT":"立陶宛",
"LU":"卢森堡",
"LV":"拉脱维亚",
"LY":"利比亚",
"MA":"摩洛哥",
"MC":"摩纳哥",
"MD":"摩尔多瓦",
"ME":"黑山",
"MF":"圣马丁",
"MG":"马达加斯加",
"MH":"马绍尔群岛",
"MK":"马其顿",
"ML":"马里",
"MM":"缅甸",
"MN":"蒙古",
"MO":"中国澳门特别行政区",
"MP":"北马里亚纳群岛",
"MQ":"马提尼克",
"MR":"毛里塔尼亚",
"MS":"蒙特塞拉特",
"MT":"马耳他",
"MU":"毛里求斯",
"MV":"马尔代夫",
"MW":"马拉维",
"MX":"墨西哥",
"MY":"马来西亚",
"MZ":"莫桑比克",
"NA":"纳米比亚",
"NC":"新喀里多尼亚",
"NE":"尼日尔",
"NF":"诺福克岛",
"NG":"尼日利亚",
"NI":"尼加拉瓜",
"NL":"荷兰",
"NO":"挪威",
"NP":"尼泊尔",
"NR":"瑙鲁",
"NU":"纽埃",
"NZ":"新西兰",
"OM":"阿曼",
"PA":"巴拿马",
"PE":"秘鲁",
"PF":"法属波利尼西亚",
"PG":"巴布亚新几内亚",
"PH":"菲律宾",
"PK":"巴基斯坦",
"PL":"波兰",
"PM":"圣皮埃尔和密克隆",
"PN":"皮特凯恩群岛",
"PR":"波多黎各",
"PS":"巴勒斯坦领土",
"PT":"葡萄牙",
"PW":"帕劳",
"PY":"巴拉圭",
"QA":"卡塔尔",
"QO":"大洋洲边远群岛",
"RE":"留尼汪",
"RO":"罗马尼亚",
"RS":"塞尔维亚",
"RU":"俄罗斯",
"RW":"卢旺达",
"SA":"沙特阿拉伯",
"SB":"所罗门群岛",
"SC":"塞舌尔",
"SD":"苏丹",
"SE":"瑞典",
"SG":"新加坡",
"SH":"圣赫勒拿",
"SI":"斯洛文尼亚",
"SJ":"斯瓦尔巴特和扬马延",
"SK":"斯洛伐克",
"SL":"塞拉利昂",
"SM":"圣马力诺",
"SN":"塞内加尔",
"SO":"索马里",
"SR":"苏里南",
"ST":"圣多美和普林西比",
"SV":"萨尔瓦多",
"SY":"叙利亚",
"SZ":"斯威士兰",
"TA":"特里斯坦-达库尼亚群岛",
"TC":"特克斯和凯科斯群岛",
"TD":"乍得",
"TF":"法属南部领土",
"TG":"多哥",
"TH":"泰国",
"TJ":"塔吉克斯坦",
"TK":"托克劳",
"TL":"东帝汶",
"TM":"土库曼斯坦",
"TN":"突尼斯",
"TO":"汤加",
"TR":"土耳其",
"TT":"特立尼达和多巴哥",
"TV":"图瓦卢",
"TW":"台湾",
"TZ":"坦桑尼亚",
"UA":"乌克兰",
"UG":"乌干达",
"UM":"美国边远小岛",
"US":"美国",
"UY":"乌拉圭",
"UZ":"乌兹别克斯坦",
"VA":"梵蒂冈",
"VC":"圣文森特和格林纳丁斯",
"VE":"委内瑞拉",
"VG":"英属维京群岛",
"VI":"美属维京群岛",
"VN":"越南",
"VU":"瓦努阿图",
"WF":"瓦利斯和富图纳",
"WS":"萨摩亚",
"YE":"也门",
"YT":"马约特",
"ZA":"南非",
"ZM":"赞比亚",
"ZW":"津巴布韦",
"ZZ":"未知地区"
},
"orientation":"left-to-right",
"dateFormat-full":"y年M月d日EEEE",
"dateFormat-long":"y年M月d日",
"dateFormat-medium":"y年M月d日",
"dateFormat-short":"d/M/yy",
"timeFormat-full":"zzzzah:mm:ss",
"timeFormat-long":"zah:mm:ss",
"timeFormat-medium":"ah:mm:ss",
"timeFormat-short":"ah:mm",
"dateTimeFormat-full":"{1}{0}",
"dateTimeFormat-long":"{1}{0}",
"dateTimeFormat-medium":"{1} {0}",
"dateTimeFormat-short":"{1} {0}",
"months-defaultContext":"format",
"months-defaultWidth":"wide",
"months-format-abbreviated":[
"1月",
"2月",
"3月",
"4月",
"5月",
"6月",
"7月",
"8月",
"9月",
"10月",
"11月",
"12月"],
"months-format-narrow":[
"1",
"2",
"3",
"4",
"5",
"6",
"7",
"8",
"9",
"10",
"11",
"12"],
"months-format-wide":[
"一月",
"二月",
"三月",
"四月",
"五月",
"六月",
"七月",
"八月",
"九月",
"十月",
"十一月",
"十二月"],
"months-standAlone-abbreviated":[
"1月",
"2月",
"3月",
"4月",
"5月",
"6月",
"7月",
"8月",
"9月",
"10月",
"11月",
"12月"],
"months-standAlone-narrow":[
"1",
"2",
"3",
"4",
"5",
"6",
"7",
"8",
"9",
"10",
"11",
"12"],
"months-standAlone-wide":[
"一月",
"二月",
"三月",
"四月",
"五月",
"六月",
"七月",
"八月",
"九月",
"十月",
"十一月",
"十二月"],
"days-defaultContext":"format",
"days-defaultWidth":"wide",
"days-format-abbreviated":[
"周日",
"周一",
"周二",
"周三",
"周四",
"周五",
"周六"],
"days-format-narrow":[
"日",
"一",
"二",
"三",
"四",
"五",
"六"],
"days-format-wide":[
"星期日",
"星期一",
"星期二",
"星期三",
"星期四",
"星期五",
"星期六"],
"days-standAlone-abbreviated":[
"周日",
"周一",
"周二",
"周三",
"周四",
"周五",
"周六"],
"days-standAlone-narrow":[
"日",
"一",
"二",
"三",
"四",
"五",
"六"],
"days-standAlone-wide":[
"星期日",
"星期一",
"星期二",
"星期三",
"星期四",
"星期五",
"星期六"],
"quarters-format-abbreviated":[
"1季度",
"2季度",
"3季度",
"4季度"],
"quarters-format-narrow":[
"1",
"2",
"3",
"4"],
"quarters-format-wide":[
"第一季度",
"第二季度",
"第三季度",
"第四季度"],
"quarters-standAlone-abbreviated":[
"1季度",
"2季度",
"3季度",
"4季度"],
"quarters-standAlone-narrow":[
"1",
"2",
"3",
"4"],
"quarters-standAlone-wide":[
"第一季度",
"第二季度",
"第三季度",
"第四季度"],
"dayPeriods-format-abbreviated":[
"上午",
"下午"],
"dayPeriods-format-narrow":[
"上午",
"下午"],
"dayPeriods-format-wide":[
"上午",
"下午"],
"dayPeriods-standAlone-abbreviated":[
"上午",
"下午"],
"dayPeriods-standAlone-narrow":[
"上午",
"下午"],
"dayPeriods-standAlone-wide":[
"上午",
"下午"],
"decimalFormat":{
"standard":"#,##0.###"},
"decimalFormat-short":{
"1000":"0.0K",
"10000":"00K",
"100000":"000K",
"1000000":"0.0M",
"10000000":"00M",
"100000000":"000M",
"1000000000":"0.0B",
"10000000000":"00B",
"100000000000":"000B",
"1000000000000":"0.0T",
"10000000000000":"00T",
"100000000000000":"000T"},
"scientificFormat":{
"standard":"#E0"},
"percentFormat":{
"standard":"#,##0%"},
"currencyFormat":{
"standard":"¤#,##0.00"},
"symbols-latn-decimal":".",
"symbols-latn-group":",",
"symbols-latn-list":";",
"symbols-latn-percentSign":"%",
"symbols-latn-plusSign":"+",
"symbols-latn-minusSign":"-",
"symbols-latn-exponential":"E",
"symbols-latn-perMille":"‰",
"symbols-latn-infinity":"∞",
"symbols-latn-nan":"NaN",
"weekData-minDays":1,
"weekData-firstDay":0,
"weekData-weekendStart":6,
"weekData-weekendEnd":0
}