{
"sapUiBrand":"#f0ab00",
"sapUiHighlight":"#007cc0",
"sapUiSelected":"#007cc0",
"sapUiActive":"#007cc0",
"sapUiPurple":"#800080",
"sapUiOrange":"#ffa500",
"sapUiGreen":"#008a3b",
"sapUiBlue":"#0000ff",
"sapUiRed":"#b21212",
"sapUiYellow":"#f8e100",
"sapUiBase":"#808080",
"sapUiBaseBG":"#f7f7f7",
"sapUiBaseBorder":"#999999",
"sapUiBaseText":"#000000",
"sapUiBaseLine":"#808080",
"sapUiWhite":"#ffffff",
"sapUiExtraLightBG":"#f7f7f7",
"sapUiLightBG":"#dedede",
"sapUiMediumBG":"#999999",
"sapUiDarkBG":"#666666",
"sapUiDeepBG":"#000000",
"sapUiBlackBG":"#000000",
"sapUiHoverBG":"#808080",
"sapUiMediumAltBG":"#808080",
"sapUiDarkAltBG":"#a9a9a9",
"sapUiButtonStandardBG":"#f7f7f7",
"sapUiButtonEmphasizedBG":"#ffff00",
"sapUiButtonNegativeBG":"#ff0000",
"sapUiButtonPositiveBG":"#008000",
"sapUiErrorBG":"#f6a9a9",
"sapUiWarningBG":"#fffcb5",
"sapUiReadOnlyBG":"#808080",
"sapUiExtraLightText":"#d3d3d3",
"sapUiLightText":"#d3d3d3",
"sapUiMediumText":"#808080",
"sapUiDarkText":"#a9a9a9",
"sapUiDeepText":"#000000",
"sapUiText":"#000000",
"sapUiTextInverted":"#ffffff",
"sapUiLink":"#0000ff",
"sapUiLinkInverted":"#0000ff",
"sapUiLinkVisited":"#800080",
"sapUiLinkActive":"#ff0000",
"sapUiLinkHover":"#ff0000",
"sapUiNegativeText":"#ff0000",
"sapUiPositiveText":"#b5e7a8",
"sapUiExtraLightBorder":"#d3d3d3",
"sapUiLightBorder":"#808080",
"sapUiMediumBorder":"#999999",
"sapUiDarkBorder":"#999999",
"sapUiErrorBorder":"#ff0000",
"sapUiWarningBorder":"#ffff00",
"sapUiLightLine":"#d3d3d3",
"sapUiMediumLine":"#808080",
"sapUiEmphasizedLine":"#007cc0",
"sapUiDarkLine":"#a9a9a9",
"sapUiTableRowBG":"#ffffff",
"sapUiTableRowAlternatingBG":"#ffffff",
"sapUiTableRowSelectionBG":"#007cc0",
"sapUiTableRowSelectionReadOnlyBG":"#007cc0",
"sapUiTableRowHoverBG":"#808080",
"sapUiListBG":"#f7f7f7",
"sapUiTextColor":"#008000",
"sapUiTextTitleColor":"#008000",
"sapUiTextSelectionColor":"#008000",
"sapUiTextDisabled":"#999999",
"sapUiTextTitle":"#000000",
"sapUiTextSelection":"#ffffff",
"sapUiTextfieldBackground":"#ffffff",
"sapUiLineHeight":"21px",
"sapUiFontFamily":"'Helvetica Neue',Roboto,'Droid Sans','BBGlobal Sans',Helvetica,Arial,sans-serif",
"sapUiFontMonospaceFamily":"Lucida Console",
"sapUiFontSize":"16px",
"sapUiFontLargeSize":"large",
"sapUiFontSmallSize":"small",
"sapUiFontHeader1Size":"xx-large",
"sapUiFontHeader2Size":"x-large",
"sapUiFontHeader3Size":"large",
"sapUiFontHeader4Size":"16px",
"sapUiFontHeader5Size":"16px",
"sapUiFontHeader6Size":"16px",
"sapUiButtonBorderColor":"#999999",
"sapUiButtonBackgroundColor":"#f7f7f7",
"sapUiButtonDisabledBorderColor":"#999999",
"sapUiButtonDisabledBackgroundColor":"#f7f7f7",
"sapUiButtonHoverBorderColor":"#999999",
"sapUiButtonHoverBackgroundColor":"#999999",
"sapUiButtonActiveBorderColor":"#999999",
"sapUiButtonActiveBackgroundColor":"#666666",
"sapUiButtonEmphasizedBorderColor":"#999999",
"sapUiButtonEmphasizedBackgroundColor":"#ffff00",
"sapUiButtonEmphasizedDisabledBorderColor":"#999999",
"sapUiButtonEmphasizedDisabledBackgroundColor":"#ffff00",
"sapUiButtonEmphasizedHoverBorderColor":"#999999",
"sapUiButtonEmphasizedHoverBackgroundColor":"#999999",
"sapUiButtonEmphasizedActiveBorderColor":"#999999",
"sapUiButtonEmphasizedActiveBackgroundColor":"#666666",
"sapUiButtonAcceptBorderColor":"#999999",
"sapUiButtonAcceptBackgroundColor":"#008000",
"sapUiButtonAcceptDisabledBorderColor":"#999999",
"sapUiButtonAcceptDisabledBackgroundColor":"#008000",
"sapUiButtonAcceptHoverBorderColor":"#999999",
"sapUiButtonAcceptHoverBackgroundColor":"#999999",
"sapUiButtonAcceptActiveBorderColor":"#999999",
"sapUiButtonAcceptActiveBackgroundColor":"#666666",
"sapUiButtonRejectBorderColor":"#999999",
"sapUiButtonRejectBackgroundColor":"#ff0000",
"sapUiButtonRejectDisabledBorderColor":"#999999",
"sapUiButtonRejectDisabledBackgroundColor":"#ff0000",
"sapUiButtonRejectHoverBorderColor":"#999999",
"sapUiButtonRejectHoverBackgroundColor":"#999999",
"sapUiButtonRejectActiveBorderColor":"#999999",
"sapUiButtonRejectActiveBackgroundColor":"#666666",
"sapUiButtonLiteBackgroundColor":"transparent",
"sapUiToggleButtonPressedDisabledBackgroundColor":"#d8d8e8",
"sapUiToggleButtonPressedBackgroundColor":"#007cc0",
"sapUiPositiveBG":"#b5e7a8",
"sapUiShadow":"0px 5px 12px rgba(0, 0, 0, 0.5)",
"sapUiElement":"#dedede",
"sapUiPageBG":"#ffffff",
"sapUiInputBG":"#ffffff",
"sapUiError":"#b21212",
"sapUiButton":"#dedede",
"sapUiButtonAccept":"#006ca7",
"sapUiButtonReject":"#b21212",
"sapUiBarButton":"#4a4a4a",
"sapUiBarBG":"#000000",
"sapUiBarText":"#ffffff",
"sapUiBarHeading":"#f0ab00",
"sapUiListDarkBG":"#dedede",
"sapUiShadowTint":"#000000",
"sapMButtonText":"#333333",
"sapMButtonTextDisabled":"#808080"
,"sap.m.Button:sapMButtonText":"#333333","sap.m.Button:sapMButtonTextDisabled":"#808080"}
